timestamp,server_id,cpu_pct,ram_pct,disk_io_mbps,net_mbps,temp_celsius,disk_used_pct,is_anomaly,anomaly_type
2014-02-26 13:45:00,server-01,0.07,5.04,6.86,3.5,30.18,43.84,True,thermal_event
2014-02-26 13:50:00,server-01,0.13,5.0,11.69,19.12,30.68,46.87,True,thermal_event
2014-02-26 13:55:00,server-01,0.13,5.0,2.23,3.4,27.15,41.26,True,thermal_event
2014-02-26 14:00:00,server-01,0.13,8.85,6.78,1.96,31.24,47.67,True,thermal_event
2014-02-26 14:05:00,server-01,0.13,5.0,5.02,14.62,32.17,44.45,True,thermal_event
2014-02-26 14:10:00,server-01,0.07,5.0,22.14,5.63,27.28,67.19,True,thermal_event
2014-02-26 14:15:00,server-01,0.13,5.0,5.0,2.78,27.35,48.87,True,thermal_event
2014-02-26 14:20:00,server-01,0.13,6.61,6.53,13.96,29.13,67.76,True,thermal_event
2014-02-26 14:25:00,server-01,0.2,5.0,7.31,16.74,29.24,71.61,True,thermal_event
2014-02-26 14:30:00,server-01,0.13,5.0,4.21,11.21,27.49,40.8,True,thermal_event
2014-02-26 14:35:00,server-01,0.13,5.0,5.72,12.37,32.37,64.0,True,thermal_event
2014-02-26 14:40:00,server-01,0.07,5.0,19.07,9.92,30.68,70.12,True,thermal_event
2014-02-26 14:45:00,server-01,0.2,5.0,5.66,15.23,27.82,67.48,True,thermal_event
2014-02-26 14:50:00,server-01,0.07,5.0,8.06,17.0,31.96,42.34,True,thermal_event
2014-02-26 14:55:00,server-01,0.2,5.0,10.9,4.08,31.91,47.11,True,thermal_event
2014-02-26 15:00:00,server-01,0.13,5.0,4.73,10.25,29.27,59.5,True,thermal_event
2014-02-26 15:05:00,server-01,0.07,6.89,10.48,16.98,32.48,56.12,True,thermal_event
2014-02-26 15:10:00,server-01,0.14,5.0,19.32,17.93,31.27,72.55,True,thermal_event
2014-02-26 15:15:00,server-01,0.13,5.0,3.93,10.73,29.24,50.61,True,thermal_event
2014-02-26 15:20:00,server-01,0.13,5.0,8.6,15.5,31.0,55.43,True,thermal_event
2014-02-26 15:25:00,server-01,0.13,5.0,11.92,19.61,30.69,46.6,True,thermal_event
2014-02-26 15:30:00,server-01,0.13,5.0,7.17,8.92,30.95,53.19,True,thermal_event
2014-02-26 15:35:00,server-01,0.13,5.0,12.43,3.46,27.88,70.87,True,thermal_event
2014-02-26 15:40:00,server-01,0.13,5.0,4.7,6.61,28.37,54.38,True,thermal_event
2014-02-26 15:45:00,server-01,0.07,5.0,5.16,16.75,30.96,64.34,True,thermal_event
2014-02-26 15:50:00,server-01,0.13,5.0,8.13,3.87,32.17,62.27,True,thermal_event
2014-02-26 15:55:00,server-01,0.2,5.0,23.96,11.14,33.02,73.26,True,thermal_event
2014-02-26 16:00:00,server-01,0.13,8.72,16.21,15.06,27.95,48.4,True,thermal_event
2014-02-26 16:05:00,server-01,0.13,5.0,9.16,16.59,30.67,63.89,True,thermal_event
2014-02-26 16:10:00,server-01,0.07,5.0,8.06,4.82,28.47,44.69,True,thermal_event
2014-02-26 16:15:00,server-01,0.13,9.06,24.21,19.8,32.91,46.53,True,thermal_event
2014-02-26 16:20:00,server-01,0.13,5.0,10.41,2.09,28.42,49.13,True,thermal_event
2014-02-26 16:25:00,server-01,0.13,6.29,6.65,16.49,28.51,42.75,True,thermal_event
2014-02-26 16:30:00,server-01,0.13,5.0,21.19,17.12,29.5,53.09,True,thermal_event
2014-02-26 16:35:00,server-01,0.13,5.0,18.53,8.03,31.43,72.06,True,thermal_event
2014-02-26 16:40:00,server-01,0.13,5.0,14.97,6.1,29.79,60.54,True,thermal_event
2014-02-26 16:45:00,server-01,0.13,5.0,22.58,16.15,31.7,71.55,True,thermal_event
2014-02-26 16:50:00,server-01,0.13,5.0,16.62,18.99,28.51,52.98,True,thermal_event
2014-02-26 16:55:00,server-01,0.13,5.0,12.86,17.29,32.65,60.81,True,thermal_event
2014-02-26 17:00:00,server-01,0.07,5.0,13.56,19.28,28.28,49.81,True,thermal_event
2014-02-26 17:05:00,server-01,0.13,5.0,3.82,7.52,30.28,71.79,True,thermal_event
2014-02-26 17:10:00,server-01,0.13,8.85,15.17,18.58,32.57,50.72,True,thermal_event
2014-02-26 17:15:00,server-01,0.13,5.32,4.01,7.49,30.64,51.31,True,thermal_event
2014-02-26 17:20:00,server-01,0.07,5.0,23.62,11.94,32.1,46.36,True,thermal_event
2014-02-26 17:25:00,server-01,0.13,5.0,21.63,5.55,32.95,44.78,True,thermal_event
2014-02-26 17:30:00,server-01,0.13,9.86,10.46,14.63,28.66,53.47,True,thermal_event
2014-02-26 17:35:00,server-01,0.07,10.01,23.46,6.43,32.75,62.77,True,thermal_event
2014-02-26 17:40:00,server-01,0.13,8.06,15.42,5.71,32.71,68.58,True,thermal_event
2014-02-26 17:45:00,server-01,0.13,5.0,8.92,7.02,31.38,41.95,True,thermal_event
2014-02-26 17:50:00,server-01,0.13,5.52,15.03,5.18,28.42,73.64,True,thermal_event
2014-02-26 17:55:00,server-01,0.13,5.0,17.66,1.34,31.18,44.27,True,thermal_event
2014-02-26 18:00:00,server-01,0.13,8.51,23.62,16.62,27.92,44.21,True,thermal_event
2014-02-26 18:05:00,server-01,0.07,5.0,10.47,11.43,32.63,49.83,True,thermal_event
2014-02-26 18:10:00,server-01,0.13,9.5,5.6,7.89,28.74,71.37,True,thermal_event
2014-02-26 18:15:00,server-01,0.13,6.06,11.96,18.21,28.62,69.54,True,thermal_event
2014-02-26 18:20:00,server-01,0.07,5.0,16.96,13.9,30.02,62.5,True,thermal_event
2014-02-26 18:25:00,server-01,0.13,6.43,5.76,13.31,27.22,58.52,True,thermal_event
2014-02-26 18:30:00,server-01,0.13,6.52,20.32,17.63,28.4,55.56,True,thermal_event
2014-02-26 18:35:00,server-01,0.07,5.0,12.42,11.97,28.98,46.59,True,thermal_event
2014-02-26 18:40:00,server-01,0.13,8.33,12.76,3.12,30.94,41.63,True,thermal_event
2014-02-26 18:45:00,server-01,0.13,6.42,19.55,14.31,31.95,72.64,True,thermal_event
2014-02-26 18:50:00,server-01,0.13,5.0,3.45,18.62,30.96,63.04,True,thermal_event
2014-02-26 18:55:00,server-01,0.13,5.0,3.05,1.48,32.21,46.24,True,thermal_event
2014-02-26 19:00:00,server-01,0.07,5.0,4.94,6.87,31.01,73.09,True,thermal_event
2014-02-26 19:05:00,server-01,0.13,5.0,4.76,1.5,32.87,64.23,True,thermal_event
2014-02-26 19:10:00,server-01,0.13,5.38,4.84,18.45,30.24,61.96,True,thermal_event
2014-02-26 19:15:00,server-01,0.13,8.28,4.0,19.88,28.26,46.93,True,thermal_event
2014-02-26 19:20:00,server-01,0.13,5.0,16.32,7.67,31.72,46.16,True,thermal_event
2014-02-26 19:25:00,server-01,0.13,5.0,18.58,12.42,31.42,69.96,True,thermal_event
2014-02-26 19:30:00,server-01,0.13,5.0,20.03,7.54,32.86,52.33,True,thermal_event
2014-02-26 19:35:00,server-01,0.07,5.0,22.54,13.53,28.44,45.91,True,thermal_event
2014-02-26 19:40:00,server-01,0.13,5.0,16.72,15.65,31.26,46.65,True,thermal_event
2014-02-26 19:45:00,server-01,0.13,5.0,14.01,12.55,29.25,56.58,True,thermal_event
2014-02-26 19:50:00,server-01,0.13,6.75,17.95,17.99,31.76,47.89,True,thermal_event
2014-02-26 19:55:00,server-01,0.13,5.0,7.21,9.11,32.9,56.43,True,thermal_event
2014-02-26 20:00:00,server-01,0.13,9.64,4.11,1.93,27.34,46.56,True,thermal_event
2014-02-26 20:05:00,server-01,0.13,5.0,15.96,15.97,30.1,45.54,True,thermal_event
2014-02-26 20:10:00,server-01,0.07,5.0,21.63,8.24,29.98,45.46,True,thermal_event
2014-02-26 20:15:00,server-01,0.13,9.16,4.29,13.25,32.95,47.78,True,thermal_event
2014-02-26 20:20:00,server-01,0.14,5.0,24.14,13.88,28.17,43.14,True,thermal_event
2014-02-26 20:25:00,server-01,0.14,6.95,21.76,13.66,29.68,64.76,True,thermal_event
2014-02-26 20:30:00,server-01,0.13,5.7,8.03,17.33,29.94,51.35,True,thermal_event
2014-02-26 20:35:00,server-01,0.07,5.0,19.34,3.49,32.85,47.58,True,thermal_event
2014-02-26 20:40:00,server-01,0.13,9.16,17.89,3.9,32.58,57.79,True,thermal_event
2014-02-26 20:45:00,server-01,0.14,5.0,16.6,15.33,33.05,52.11,True,thermal_event
2014-02-26 20:50:00,server-01,0.13,5.0,24.78,17.3,31.37,63.28,True,thermal_event
2014-02-26 20:55:00,server-01,0.13,5.0,17.76,17.34,32.82,54.18,True,thermal_event
2014-02-26 21:00:00,server-01,0.27,5.0,10.67,16.6,33.09,47.39,True,thermal_event
2014-02-26 21:05:00,server-01,0.2,5.0,17.09,18.1,32.48,67.66,True,thermal_event
2014-02-26 21:10:00,server-01,0.26,5.0,13.01,16.18,31.02,58.61,True,thermal_event
2014-02-26 21:15:00,server-01,0.2,5.0,8.25,13.99,27.73,48.27,True,thermal_event
2014-02-26 21:20:00,server-01,0.13,7.25,13.17,6.99,32.77,67.03,True,thermal_event
2014-02-26 21:25:00,server-01,0.07,5.0,17.02,7.16,30.99,47.69,True,thermal_event
2014-02-26 21:30:00,server-01,0.13,5.0,10.86,8.62,31.77,63.24,True,thermal_event
2014-02-26 21:35:00,server-01,0.13,5.0,7.27,16.74,29.26,42.21,True,thermal_event
2014-02-26 21:40:00,server-01,0.13,5.0,18.8,16.02,28.98,59.9,True,thermal_event
2014-02-26 21:45:00,server-01,0.07,5.0,20.38,18.8,29.24,54.98,True,thermal_event
2014-02-26 21:50:00,server-01,0.13,5.0,18.57,2.37,32.58,51.98,True,thermal_event
2014-02-26 21:55:00,server-01,0.13,8.78,11.85,1.32,27.61,65.23,True,thermal_event
2014-02-26 22:00:00,server-01,0.13,5.0,15.63,5.02,30.35,52.52,True,thermal_event
2014-02-26 22:05:00,server-01,2.34,5.0,6.25,10.07,28.99,48.88,True,thermal_event
2014-02-26 22:10:00,server-01,0.13,5.0,12.0,4.01,30.8,62.82,True,thermal_event
2014-02-26 22:15:00,server-01,0.07,5.0,4.21,14.85,28.88,72.93,True,thermal_event
2014-02-26 22:20:00,server-01,0.13,5.0,15.15,15.29,32.75,54.12,True,thermal_event
2014-02-26 22:25:00,server-01,0.07,5.0,14.24,13.3,30.43,58.31,True,thermal_event
2014-02-26 22:30:00,server-01,0.13,5.0,6.96,4.13,29.97,42.8,True,thermal_event
2014-02-26 22:35:00,server-01,0.13,5.0,15.84,15.64,30.98,63.62,True,thermal_event
2014-02-26 22:40:00,server-01,0.13,5.0,2.65,19.22,32.85,58.72,True,thermal_event
2014-02-26 22:45:00,server-01,0.13,5.0,12.93,11.35,32.11,72.76,True,thermal_event
2014-02-26 22:50:00,server-01,0.13,8.12,23.64,14.01,31.26,50.81,True,thermal_event
2014-02-26 22:55:00,server-01,0.13,5.51,4.65,2.74,29.04,46.59,True,thermal_event
2014-02-26 23:00:00,server-01,0.13,5.82,23.94,13.77,30.89,46.36,True,thermal_event
2014-02-26 23:05:00,server-01,0.13,5.0,4.87,1.87,27.48,69.48,True,thermal_event
2014-02-26 23:10:00,server-01,0.07,5.0,19.82,10.24,32.99,59.71,True,thermal_event
2014-02-26 23:15:00,server-01,0.33,5.0,12.49,18.51,31.43,40.04,True,thermal_event
2014-02-26 23:20:00,server-01,0.13,5.0,11.68,11.66,28.92,63.29,True,thermal_event
2014-02-26 23:25:00,server-01,0.07,5.0,12.01,8.62,30.59,72.32,True,thermal_event
2014-02-26 23:30:00,server-01,0.13,6.44,22.35,2.69,29.38,52.16,True,thermal_event
2014-02-26 23:35:00,server-01,0.13,7.27,17.88,1.64,27.27,54.23,True,thermal_event
2014-02-26 23:40:00,server-01,0.13,5.0,10.12,14.28,27.29,65.87,True,thermal_event
2014-02-26 23:45:00,server-01,0.07,5.0,24.43,11.74,32.81,55.45,True,thermal_event
2014-02-26 23:50:00,server-01,0.13,5.0,4.53,13.06,27.89,64.36,True,thermal_event
2014-02-26 23:55:00,server-01,0.14,5.0,7.12,4.91,30.63,65.17,True,thermal_event
2014-02-27 00:00:00,server-01,0.13,5.0,6.12,7.65,28.03,54.47,True,thermal_event
2014-02-27 00:05:00,server-01,0.13,9.86,6.75,6.69,32.19,61.49,True,thermal_event
2014-02-27 00:10:00,server-01,0.07,5.0,23.07,12.79,30.45,51.74,True,thermal_event
2014-02-27 00:15:00,server-01,0.13,5.0,11.05,18.53,29.67,50.45,True,thermal_event
2014-02-27 00:20:00,server-01,0.07,8.08,9.6,5.97,32.57,66.09,True,thermal_event
2014-02-27 00:25:00,server-01,0.13,5.0,9.07,5.89,32.45,61.42,True,thermal_event
2014-02-27 00:30:00,server-01,0.13,5.0,11.1,18.63,31.58,48.49,True,thermal_event
2014-02-27 00:35:00,server-01,0.07,5.0,18.23,17.3,29.74,47.92,True,thermal_event
2014-02-27 00:40:00,server-01,0.13,5.0,22.26,17.66,30.22,63.66,True,thermal_event
2014-02-27 00:45:00,server-01,0.13,5.0,17.12,11.67,27.35,51.49,True,thermal_event
2014-02-27 00:50:00,server-01,0.07,5.0,11.66,12.5,32.64,74.59,True,thermal_event
2014-02-27 00:55:00,server-01,0.13,5.52,17.39,11.13,30.2,70.03,True,thermal_event
2014-02-27 01:00:00,server-01,0.13,5.0,8.2,5.73,27.11,71.3,True,thermal_event
2014-02-27 01:05:00,server-01,0.13,5.0,15.13,3.45,27.76,56.76,True,thermal_event
2014-02-27 01:10:00,server-01,0.07,8.04,3.0,7.21,30.14,46.75,True,thermal_event
2014-02-27 01:15:00,server-01,0.13,5.0,16.5,15.9,29.9,60.5,True,thermal_event
2014-02-27 01:20:00,server-01,0.13,5.0,21.76,3.39,27.32,49.73,True,thermal_event
2014-02-27 01:25:00,server-01,0.13,8.69,11.96,6.78,27.96,61.38,True,thermal_event
2014-02-27 01:30:00,server-01,0.07,5.0,15.03,16.64,31.46,52.45,True,thermal_event
2014-02-27 01:35:00,server-01,0.13,5.0,5.14,3.18,29.84,70.05,True,thermal_event
2014-02-27 01:40:00,server-01,0.13,5.0,21.88,11.05,28.21,60.38,True,thermal_event
2014-02-27 01:45:00,server-01,0.07,9.33,16.44,16.95,30.37,55.06,True,thermal_event
2014-02-27 01:50:00,server-01,0.13,5.0,20.54,18.53,32.73,49.14,True,thermal_event
2014-02-27 01:55:00,server-01,0.13,5.0,10.29,6.67,29.03,53.58,True,thermal_event
2014-02-27 02:00:00,server-01,0.13,5.0,3.95,5.23,29.29,70.98,True,thermal_event
2014-02-27 02:05:00,server-01,0.07,6.63,8.82,4.49,27.98,63.48,True,thermal_event
2014-02-27 02:10:00,server-01,0.13,5.0,5.12,17.3,29.81,46.41,True,thermal_event
2014-02-27 02:15:00,server-01,0.2,5.0,11.35,13.46,28.49,55.78,True,thermal_event
2014-02-27 02:20:00,server-01,0.07,5.0,15.33,10.58,31.84,53.87,True,thermal_event
2014-02-27 02:25:00,server-01,0.13,5.0,20.9,16.79,31.82,74.6,True,thermal_event
2014-02-27 02:30:00,server-01,0.07,8.0,16.98,14.5,30.45,49.82,True,thermal_event
2014-02-27 02:35:00,server-01,0.13,5.0,19.33,19.23,31.9,43.14,True,thermal_event
2014-02-27 02:40:00,server-01,0.13,7.9,17.24,10.26,27.45,49.22,True,thermal_event
2014-02-27 02:45:00,server-01,0.07,6.89,24.85,6.74,27.38,47.99,True,thermal_event
2014-02-27 02:50:00,server-01,0.13,9.06,20.26,16.86,28.05,68.53,True,thermal_event
2014-02-27 02:55:00,server-01,0.13,5.0,16.02,6.33,28.15,66.31,True,thermal_event
2014-02-27 03:00:00,server-01,0.13,5.29,18.79,15.32,28.26,44.67,True,thermal_event
2014-02-27 03:05:00,server-01,0.14,5.0,24.86,12.85,27.89,44.71,True,thermal_event
2014-02-27 03:10:00,server-01,0.13,5.0,11.23,19.84,32.33,48.04,True,thermal_event
2014-02-27 03:15:00,server-01,0.07,5.0,7.05,5.82,27.44,64.23,True,thermal_event
2014-02-27 03:20:00,server-01,0.13,5.0,17.42,9.13,32.66,40.37,True,thermal_event
2014-02-27 03:25:00,server-01,0.13,5.0,21.69,3.7,30.73,66.28,True,thermal_event
2014-02-27 03:30:00,server-01,0.07,5.0,9.25,18.07,28.7,52.96,True,thermal_event
2014-02-27 03:35:00,server-01,0.13,5.0,3.29,18.89,28.45,60.36,True,thermal_event
2014-02-27 03:40:00,server-01,1.53,5.0,19.7,16.51,27.94,49.48,True,thermal_event
2014-02-27 03:45:00,server-01,0.13,5.0,23.11,16.06,30.31,56.05,True,thermal_event
2014-02-27 03:50:00,server-01,0.07,6.25,23.77,16.19,31.82,72.1,True,thermal_event
2014-02-27 03:55:00,server-01,0.14,5.0,2.38,9.63,28.05,67.9,True,thermal_event
2014-02-27 04:00:00,server-01,0.13,5.0,8.73,17.74,31.95,65.28,True,thermal_event
2014-02-27 04:05:00,server-01,0.13,7.78,23.07,5.92,29.84,67.17,True,thermal_event
2014-02-27 04:10:00,server-01,0.07,5.0,4.34,18.43,31.18,51.24,True,thermal_event
2014-02-27 04:15:00,server-01,0.13,5.85,7.99,3.01,30.67,70.18,True,thermal_event
2014-02-27 04:20:00,server-01,0.13,5.0,23.29,1.95,30.32,58.79,True,thermal_event
2014-02-27 04:25:00,server-01,0.07,5.0,23.17,3.93,30.81,51.88,True,thermal_event
2014-02-27 04:30:00,server-01,0.13,5.0,22.06,2.22,30.66,68.09,True,thermal_event
2014-02-27 04:35:00,server-01,0.07,5.0,15.45,14.07,31.58,49.86,True,thermal_event
2014-02-27 04:40:00,server-01,0.13,5.0,7.86,10.64,32.75,56.99,True,thermal_event
2014-02-27 04:45:00,server-01,0.13,5.5,16.43,9.58,27.52,46.52,True,thermal_event
2014-02-27 04:50:00,server-01,0.13,5.0,4.99,2.63,30.25,73.81,True,thermal_event
2014-02-27 04:55:00,server-01,0.13,9.76,2.97,14.24,30.38,68.26,True,thermal_event
2014-02-27 05:00:00,server-01,0.07,8.38,19.08,1.95,32.89,42.59,True,thermal_event
2014-02-27 05:05:00,server-01,0.13,5.0,21.67,17.4,31.23,67.93,True,thermal_event
2014-02-27 05:10:00,server-01,0.14,5.0,23.45,12.37,30.59,61.68,True,thermal_event
2014-02-27 05:15:00,server-01,0.13,5.0,7.79,7.74,31.48,71.41,True,thermal_event
2014-02-27 05:20:00,server-01,0.07,5.0,4.52,2.94,32.47,73.09,True,thermal_event
2014-02-27 05:25:00,server-01,0.13,5.0,19.21,5.75,28.16,40.75,True,thermal_event
2014-02-27 05:30:00,server-01,0.07,5.0,21.71,3.84,28.09,63.77,True,thermal_event
2014-02-27 05:35:00,server-01,0.13,7.7,17.76,5.95,29.36,73.53,True,thermal_event
2014-02-27 05:40:00,server-01,0.13,5.0,22.9,15.06,30.3,46.84,True,thermal_event
2014-02-27 05:45:00,server-01,0.14,5.0,24.45,6.59,32.5,40.65,True,thermal_event
2014-02-27 05:50:00,server-01,0.07,5.0,13.55,10.85,30.51,51.57,True,thermal_event
2014-02-27 05:55:00,server-01,0.13,5.0,8.23,1.4,32.23,61.48,True,thermal_event
2014-02-27 06:00:00,server-01,0.13,5.0,10.68,10.64,30.74,70.62,True,thermal_event
2014-02-27 06:05:00,server-01,0.13,5.0,6.36,13.96,30.81,71.63,True,thermal_event
2014-02-27 06:10:00,server-01,0.07,5.0,11.14,13.06,32.72,60.92,True,thermal_event
2014-02-27 06:15:00,server-01,0.13,5.0,9.28,5.43,32.59,56.6,True,thermal_event
2014-02-27 06:20:00,server-01,0.13,5.0,20.28,4.04,27.99,54.64,True,thermal_event
2014-02-27 06:25:00,server-01,0.07,5.0,22.37,7.64,31.89,44.68,True,thermal_event
2014-02-27 08:55:00,server-01,0.2,5.0,18.33,18.77,28.07,54.63,True,thermal_event
2014-02-27 09:00:00,server-01,0.13,5.68,20.64,4.25,31.67,42.19,True,thermal_event
2014-02-27 09:05:00,server-01,0.07,5.0,12.38,11.15,31.97,66.47,True,thermal_event
2014-02-27 09:10:00,server-01,0.13,5.0,23.47,17.3,30.4,71.13,True,thermal_event
2014-02-27 09:15:00,server-01,0.13,7.97,22.29,10.53,31.11,70.9,True,thermal_event
2014-02-27 09:20:00,server-01,0.13,5.0,6.69,16.48,31.55,57.7,True,thermal_event
2014-02-27 09:25:00,server-01,0.13,9.38,16.6,17.78,32.55,66.25,True,thermal_event
2014-02-27 09:30:00,server-01,0.13,5.0,19.66,4.36,28.55,59.33,True,thermal_event
2014-02-27 09:35:00,server-01,0.2,9.63,24.2,3.06,28.24,63.23,True,thermal_event
2014-02-27 09:40:00,server-01,0.13,5.0,20.2,4.82,30.72,43.47,True,thermal_event
2014-02-27 09:45:00,server-01,0.14,9.53,14.43,10.65,29.16,46.54,True,thermal_event
2014-02-27 09:50:00,server-01,0.13,5.0,18.95,14.84,29.93,64.79,True,thermal_event
2014-02-27 09:55:00,server-01,0.13,5.0,19.58,18.88,32.78,56.88,True,thermal_event
2014-02-27 10:00:00,server-01,0.14,5.0,10.87,13.36,30.84,52.96,True,thermal_event
2014-02-27 10:05:00,server-01,0.13,8.09,15.39,1.12,30.3,43.52,True,thermal_event
2014-02-27 10:10:00,server-01,0.13,5.52,17.05,6.06,30.79,56.35,True,thermal_event
2014-02-27 10:15:00,server-01,0.07,5.0,12.23,8.79,30.05,43.87,True,thermal_event
2014-02-27 10:20:00,server-01,0.13,7.18,24.31,8.96,30.93,58.94,True,thermal_event
2014-02-27 10:25:00,server-01,0.13,5.0,8.87,13.55,31.12,74.67,True,thermal_event
2014-02-27 10:30:00,server-01,0.07,5.0,20.9,3.86,29.24,73.37,True,thermal_event
2014-02-27 10:35:00,server-01,0.13,5.0,11.18,8.3,32.29,60.12,True,thermal_event
2014-02-27 10:40:00,server-01,0.07,5.0,4.17,7.15,30.73,60.76,True,thermal_event
2014-02-27 10:45:00,server-01,0.13,5.0,22.5,4.09,30.68,63.49,True,thermal_event
2014-02-27 10:50:00,server-01,0.13,5.0,16.45,1.17,28.85,44.78,True,thermal_event
2014-02-27 10:55:00,server-01,0.13,5.0,21.82,1.43,29.92,66.77,True,thermal_event
2014-02-27 11:00:00,server-01,0.14,10.06,11.48,12.22,27.45,55.33,True,thermal_event
2014-02-27 11:05:00,server-01,0.07,5.0,16.23,10.2,30.35,60.84,True,thermal_event
2014-02-27 11:10:00,server-01,0.13,5.0,9.06,13.91,29.18,61.62,True,thermal_event
2014-02-27 11:15:00,server-01,0.13,5.0,15.13,8.71,30.12,68.1,True,thermal_event
2014-02-27 11:20:00,server-01,0.07,5.0,20.45,17.09,29.81,50.11,True,thermal_event
2014-02-27 11:25:00,server-01,0.14,5.0,12.54,18.93,29.46,60.35,True,thermal_event
2014-02-27 11:30:00,server-01,0.13,5.0,20.59,3.03,31.73,58.68,True,thermal_event
2014-02-27 11:35:00,server-01,0.13,5.96,8.1,7.0,28.07,62.4,True,thermal_event
2014-02-27 11:40:00,server-01,0.07,5.0,20.54,17.64,28.06,69.25,True,thermal_event
2014-02-27 11:45:00,server-01,0.13,5.0,24.69,4.12,29.82,53.88,True,thermal_event
2014-02-27 11:50:00,server-01,0.07,5.0,8.67,12.43,32.07,46.27,True,thermal_event
2014-02-27 11:55:00,server-01,0.13,5.0,14.3,5.8,31.69,40.02,True,thermal_event
2014-02-27 12:00:00,server-01,0.2,5.0,22.18,11.89,31.09,41.44,True,thermal_event
2014-02-27 12:05:00,server-01,0.07,5.0,13.1,13.67,28.45,60.83,True,thermal_event
2014-02-27 12:10:00,server-01,0.13,5.0,12.9,16.83,27.7,52.17,True,thermal_event
2014-02-27 12:15:00,server-01,0.13,5.0,24.64,5.49,32.83,67.59,True,thermal_event
2014-02-27 12:20:00,server-01,0.07,5.0,23.05,1.9,31.11,65.21,True,thermal_event
2014-02-27 12:25:00,server-01,0.13,5.0,19.47,8.66,32.28,60.88,True,thermal_event
2014-02-27 12:30:00,server-01,0.13,9.48,16.84,1.33,29.21,50.25,True,thermal_event
2014-02-27 12:35:00,server-01,0.07,5.0,14.83,15.58,29.66,58.95,True,thermal_event
2014-02-27 12:40:00,server-01,0.13,5.0,21.43,19.82,30.48,57.59,True,thermal_event
2014-02-27 12:45:00,server-01,0.13,5.0,13.04,14.7,27.78,56.52,True,thermal_event
2014-02-27 12:50:00,server-01,0.07,5.0,11.53,13.21,27.71,66.25,True,thermal_event
2014-02-27 12:55:00,server-01,0.2,5.0,11.84,17.88,28.48,72.16,True,thermal_event
2014-02-27 13:00:00,server-01,0.07,5.0,8.97,19.41,30.6,41.51,True,thermal_event
2014-02-27 13:05:00,server-01,0.13,9.21,13.13,13.64,30.42,72.52,True,thermal_event
2014-02-27 13:10:00,server-01,0.13,5.0,20.83,8.11,27.3,44.96,True,thermal_event
2014-02-27 13:15:00,server-01,0.13,8.32,19.9,3.22,30.73,55.27,True,thermal_event
2014-02-27 13:20:00,server-01,0.13,5.0,12.99,6.99,28.14,72.86,True,thermal_event
2014-02-27 13:25:00,server-01,0.07,5.0,6.16,12.57,28.33,62.23,True,thermal_event
2014-02-27 13:30:00,server-01,0.13,5.0,17.18,9.35,30.06,56.81,True,thermal_event
2014-02-27 13:35:00,server-01,0.13,5.0,10.94,11.28,29.02,60.91,True,thermal_event
2014-02-27 13:40:00,server-01,0.13,5.0,15.82,7.2,32.01,48.11,True,thermal_event
2014-02-27 13:45:00,server-01,0.2,6.78,7.18,1.12,32.92,50.06,True,thermal_event
2014-02-27 13:50:00,server-01,0.13,5.0,18.76,5.15,32.04,71.48,True,thermal_event
2014-02-27 13:55:00,server-01,0.13,5.0,3.3,15.08,31.02,73.13,True,thermal_event
2014-02-27 14:00:00,server-01,0.13,5.0,23.4,2.29,29.9,72.31,True,thermal_event
2014-02-27 14:05:00,server-01,0.07,5.0,16.72,13.03,27.98,67.03,True,thermal_event
2014-02-27 14:10:00,server-01,0.13,5.0,14.33,11.37,29.15,51.23,True,thermal_event
2014-02-27 14:15:00,server-01,0.13,5.0,17.53,11.53,30.57,50.68,True,thermal_event
2014-02-27 14:20:00,server-01,0.13,5.0,17.67,7.58,28.94,54.21,True,thermal_event
2014-02-27 14:25:00,server-01,0.07,5.0,24.48,7.23,27.54,42.33,True,thermal_event
2014-02-27 14:30:00,server-01,0.13,7.15,9.73,1.99,27.35,50.8,True,thermal_event
2014-02-27 14:35:00,server-01,0.13,5.0,4.13,9.52,29.9,66.76,True,thermal_event
2014-02-27 14:40:00,server-01,0.13,5.0,16.69,7.78,29.7,58.51,True,thermal_event
2014-02-27 14:45:00,server-01,0.2,5.0,19.1,14.91,31.84,56.14,True,thermal_event
2014-02-27 14:50:00,server-01,0.13,6.23,10.2,6.71,30.49,46.98,True,thermal_event
2014-02-27 14:55:00,server-01,0.2,5.0,8.66,18.12,29.1,57.09,True,thermal_event
2014-02-27 15:00:00,server-01,0.13,5.0,14.29,5.22,28.37,42.91,True,thermal_event
2014-02-27 15:05:00,server-01,0.13,5.0,20.11,14.08,30.93,72.15,True,thermal_event
2014-02-27 15:10:00,server-01,0.07,5.0,24.55,9.12,29.88,58.72,True,thermal_event
2014-02-27 15:15:00,server-01,0.13,5.0,6.03,18.36,31.83,56.8,True,thermal_event
2014-02-27 15:20:00,server-01,0.13,6.66,12.93,1.18,29.68,51.06,True,thermal_event
2014-02-27 15:25:00,server-01,0.07,5.0,3.44,4.45,28.87,51.44,True,thermal_event
2014-02-27 15:30:00,server-01,0.13,5.0,17.2,18.61,29.96,68.2,True,thermal_event
2014-02-27 15:35:00,server-01,0.13,5.0,13.77,2.93,27.71,54.87,True,thermal_event
2014-02-27 15:40:00,server-01,0.13,7.5,13.0,6.56,30.05,65.73,True,thermal_event
2014-02-27 15:45:00,server-01,0.14,5.0,12.18,8.2,31.92,60.61,True,thermal_event
2014-02-27 15:50:00,server-01,0.13,5.0,3.5,6.9,29.44,60.57,True,thermal_event
2014-02-27 15:55:00,server-01,0.13,5.0,15.24,17.88,29.65,74.01,True,thermal_event
2014-02-27 16:00:00,server-01,0.13,5.0,9.85,12.58,31.81,64.13,True,thermal_event
2014-02-27 16:05:00,server-01,0.13,5.0,4.58,11.11,29.95,60.21,True,thermal_event
2014-02-27 16:10:00,server-01,0.13,8.74,14.22,5.45,31.32,45.73,True,thermal_event
2014-02-27 16:15:00,server-01,0.13,5.0,18.2,11.27,30.2,71.66,True,thermal_event
2014-02-27 16:20:00,server-01,0.13,5.0,5.91,6.6,32.69,67.18,True,thermal_event
2014-02-27 16:25:00,server-01,0.07,8.07,8.84,15.27,31.05,65.35,True,thermal_event
2014-02-27 16:30:00,server-01,0.13,5.0,15.41,9.32,32.33,68.84,True,thermal_event
2014-02-27 16:35:00,server-01,0.13,5.0,22.47,7.24,29.16,58.2,True,thermal_event
2014-02-27 16:40:00,server-01,0.13,6.97,23.75,15.1,27.38,45.02,True,thermal_event
2014-02-27 16:45:00,server-01,0.14,5.0,12.15,12.09,30.72,71.4,True,thermal_event
2014-02-27 16:50:00,server-01,0.13,6.51,21.45,16.93,28.86,58.92,True,thermal_event
2014-02-27 16:55:00,server-01,0.13,5.0,16.7,18.24,27.56,40.5,True,thermal_event
2014-02-27 17:00:00,server-01,0.13,5.0,9.55,12.03,32.86,72.39,True,thermal_event
2014-02-27 17:05:00,server-01,0.13,6.01,20.65,16.01,28.3,57.37,True,thermal_event
2014-02-27 17:10:00,server-01,0.13,5.0,22.1,10.94,30.21,42.91,True,thermal_event
2014-02-27 17:15:00,server-01,0.6,5.0,18.7,13.13,30.32,66.32,True,thermal_event
2014-02-27 17:20:00,server-01,0.33,5.0,21.53,3.17,28.64,74.51,True,thermal_event
2014-02-27 17:25:00,server-01,0.13,5.0,13.31,11.24,32.57,60.18,True,thermal_event
2014-02-27 17:30:00,server-01,0.13,6.01,22.41,1.43,31.01,70.33,True,thermal_event
2014-02-27 17:35:00,server-01,0.13,7.03,21.41,11.88,32.07,55.59,True,thermal_event
2014-02-27 17:40:00,server-01,0.13,5.0,15.27,8.04,32.24,72.36,True,thermal_event
2014-02-27 17:45:00,server-01,0.13,5.9,15.46,5.2,27.6,69.02,True,thermal_event
2014-02-27 17:50:00,server-01,0.13,5.13,9.2,10.59,31.59,56.26,True,thermal_event
2014-02-27 17:55:00,server-01,0.13,5.0,19.23,15.61,28.24,63.57,True,thermal_event
2014-02-27 18:00:00,server-01,0.13,5.0,2.46,15.14,28.51,60.46,True,thermal_event
2014-02-27 18:05:00,server-01,0.13,5.0,2.24,19.21,32.18,74.47,True,thermal_event
2014-02-27 18:10:00,server-01,0.13,5.0,9.07,13.28,27.79,65.32,True,thermal_event
2014-02-27 18:15:00,server-01,0.13,5.0,2.97,2.12,32.03,67.92,True,thermal_event
2014-02-27 18:20:00,server-01,0.13,5.0,21.68,14.63,29.03,70.78,True,thermal_event
2014-02-27 18:25:00,server-01,0.07,5.0,8.88,14.58,27.45,52.01,True,thermal_event
2014-02-27 18:30:00,server-01,0.13,5.0,18.03,15.95,29.34,54.07,True,thermal_event
2014-02-27 18:35:00,server-01,0.13,5.0,23.05,2.5,30.12,60.99,True,thermal_event
2014-02-27 18:40:00,server-01,0.13,5.0,15.07,4.97,30.78,64.65,True,thermal_event
2014-02-27 18:45:00,server-01,0.13,9.62,16.41,11.35,32.93,69.45,True,thermal_event
2014-02-27 18:50:00,server-01,0.13,9.22,11.89,7.97,29.77,48.62,True,thermal_event
2014-02-27 18:55:00,server-01,0.13,6.52,16.97,17.35,28.5,57.06,True,thermal_event
2014-02-27 19:00:00,server-01,0.13,7.66,6.28,7.59,27.67,50.16,True,thermal_event
2014-02-27 19:05:00,server-01,0.13,5.0,11.04,13.9,27.87,57.78,True,thermal_event
2014-02-27 19:10:00,server-01,0.13,5.0,7.52,10.24,32.2,59.06,True,thermal_event
2014-02-27 19:15:00,server-01,0.07,5.0,11.7,15.55,27.06,71.99,True,thermal_event
2014-02-27 19:20:00,server-01,0.13,5.0,8.78,10.9,28.6,42.4,True,thermal_event
2014-02-27 19:25:00,server-01,0.13,5.0,18.21,8.83,27.7,74.97,True,thermal_event
2014-02-27 19:30:00,server-01,0.13,5.0,12.62,19.03,28.3,58.74,True,thermal_event
2014-02-27 19:35:00,server-01,0.13,5.0,20.82,18.46,28.66,74.14,True,thermal_event
2014-02-27 19:40:00,server-01,0.07,5.0,24.16,1.71,30.31,44.74,True,thermal_event
2014-02-27 19:45:00,server-01,0.13,5.0,24.54,1.16,29.59,54.78,True,thermal_event
2014-02-27 19:50:00,server-01,0.13,5.0,23.47,10.67,30.87,63.68,True,thermal_event
2014-02-27 19:55:00,server-01,0.13,5.0,12.43,11.05,30.62,67.8,True,thermal_event
2014-02-27 20:00:00,server-01,0.13,5.0,23.31,11.93,27.34,57.34,True,thermal_event
2014-02-27 20:05:00,server-01,0.13,8.46,7.98,15.37,32.23,61.93,True,thermal_event
2014-02-27 20:10:00,server-01,0.13,5.0,17.92,1.07,30.1,66.72,True,thermal_event
2014-02-27 20:15:00,server-01,0.07,5.0,8.4,12.66,28.65,51.2,True,thermal_event
2014-02-27 20:20:00,server-01,0.13,5.0,24.1,3.13,32.05,66.84,True,thermal_event
2014-02-27 20:25:00,server-01,0.13,5.0,14.37,17.96,30.01,55.87,True,thermal_event
2014-02-27 20:30:00,server-01,0.13,9.47,22.43,1.4,31.9,73.59,True,thermal_event
2014-02-27 20:35:00,server-01,0.13,5.27,24.66,15.99,32.1,68.73,True,thermal_event
2014-02-27 20:40:00,server-01,0.13,5.0,19.84,15.55,28.9,47.29,True,thermal_event
2014-02-27 20:45:00,server-01,0.13,5.0,13.59,10.93,30.03,59.19,True,thermal_event
2014-02-27 20:50:00,server-01,0.13,9.35,12.19,15.2,28.4,48.19,True,thermal_event
2014-02-27 20:55:00,server-01,0.13,5.0,11.31,15.46,32.04,43.3,True,thermal_event
2014-02-27 21:00:00,server-01,0.13,5.0,18.5,12.5,27.74,73.3,True,thermal_event
2014-02-27 21:05:00,server-01,0.13,7.58,6.44,16.69,32.88,46.52,True,thermal_event
2014-02-27 21:10:00,server-01,0.07,5.0,4.94,3.53,28.03,41.38,True,thermal_event
2014-02-27 21:15:00,server-01,0.13,5.0,8.03,13.45,32.29,71.31,True,thermal_event
2014-02-27 21:20:00,server-01,0.14,5.0,16.06,14.76,29.84,40.26,True,thermal_event
2014-02-27 21:25:00,server-01,0.13,5.0,19.43,2.26,31.21,64.13,True,thermal_event
2014-02-27 21:30:00,server-01,0.13,5.0,21.29,6.17,28.02,52.99,True,thermal_event
2014-02-27 21:35:00,server-01,0.07,5.0,19.96,16.96,27.39,56.9,True,thermal_event
2014-02-27 21:40:00,server-01,0.13,5.0,16.17,2.88,27.93,66.27,True,thermal_event
2014-02-27 21:45:00,server-01,0.07,5.0,14.51,9.85,31.45,56.61,True,thermal_event
2014-02-27 21:50:00,server-01,0.13,7.42,19.12,19.68,30.51,47.16,True,thermal_event
2014-02-27 21:55:00,server-01,0.13,5.0,6.08,2.48,28.86,45.05,True,thermal_event
2014-02-27 22:00:00,server-01,0.13,7.91,8.66,6.04,30.94,47.49,True,thermal_event
2014-02-27 22:05:00,server-01,0.13,6.68,11.64,3.05,27.38,46.73,True,thermal_event
2014-02-27 22:10:00,server-01,0.07,5.0,10.8,9.2,28.32,56.62,True,thermal_event
2014-02-27 22:15:00,server-01,0.13,5.0,5.43,8.59,28.09,72.7,True,thermal_event
2014-02-27 22:20:00,server-01,0.13,5.0,5.48,1.67,31.74,48.28,True,thermal_event
2014-02-27 22:25:00,server-01,0.07,5.0,22.55,8.87,30.46,46.88,True,thermal_event
2014-02-27 22:30:00,server-01,0.13,5.0,24.04,12.08,29.86,61.17,True,thermal_event
2014-02-27 22:35:00,server-01,0.13,5.0,2.69,2.82,29.07,67.93,True,thermal_event
2014-02-27 22:40:00,server-01,0.07,5.0,24.21,1.49,30.73,43.13,True,thermal_event
2014-02-27 22:45:00,server-01,0.13,5.0,19.31,1.66,28.03,43.82,True,thermal_event
2014-02-27 22:50:00,server-01,0.14,5.0,14.43,8.23,30.12,70.96,True,thermal_event
2014-02-27 22:55:00,server-01,0.13,5.0,17.07,10.42,27.22,68.83,True,thermal_event
2014-02-27 23:00:00,server-01,0.13,5.58,9.27,18.52,31.53,67.73,True,thermal_event
2014-02-27 23:05:00,server-01,0.13,5.0,24.97,3.11,31.91,73.75,True,thermal_event
2014-02-27 23:10:00,server-01,0.07,5.0,12.9,1.12,28.5,41.88,True,thermal_event
2014-02-27 23:15:00,server-01,0.13,5.31,24.5,16.68,28.83,67.53,True,thermal_event
2014-02-27 23:20:00,server-01,0.13,5.0,22.76,4.49,30.95,40.54,True,thermal_event
2014-02-27 23:25:00,server-01,0.13,5.0,9.87,5.08,31.6,44.97,True,thermal_event
2014-02-27 23:30:00,server-01,0.07,5.0,18.85,18.79,30.53,50.68,True,thermal_event
2014-02-27 23:35:00,server-01,0.13,5.0,20.94,16.16,28.15,61.6,True,thermal_event
2014-02-27 23:40:00,server-01,0.13,5.0,6.79,4.47,29.19,43.3,True,thermal_event
2014-02-27 23:45:00,server-01,0.07,5.0,23.23,9.94,29.83,68.64,True,thermal_event
2014-02-27 23:50:00,server-01,0.13,9.53,18.56,1.46,27.87,73.18,True,thermal_event
2014-02-27 23:55:00,server-01,0.14,5.0,21.02,7.82,27.74,41.3,True,thermal_event
2014-02-28 00:00:00,server-01,0.13,5.0,4.43,11.92,32.8,58.8,True,thermal_event
2014-02-28 00:05:00,server-01,0.13,6.22,23.21,2.73,30.31,54.16,True,thermal_event
2014-02-28 00:10:00,server-01,0.07,5.0,19.42,6.43,30.25,54.48,True,thermal_event
2014-02-28 00:15:00,server-01,0.13,7.69,13.02,9.13,32.95,63.61,True,thermal_event
2014-02-28 00:20:00,server-01,0.13,10.1,4.92,9.81,32.51,57.51,True,thermal_event
2014-02-28 00:25:00,server-01,0.13,5.0,8.19,9.67,31.56,55.34,True,thermal_event
2014-02-28 00:30:00,server-01,0.07,9.59,17.12,19.55,27.69,41.14,True,thermal_event
2014-02-28 00:35:00,server-01,0.13,5.0,8.71,17.08,29.69,41.53,True,thermal_event
2014-02-28 00:40:00,server-01,0.13,5.39,11.28,15.0,32.67,66.9,True,thermal_event
2014-02-28 00:45:00,server-01,0.07,5.0,23.67,4.83,31.42,44.48,True,thermal_event
2014-02-28 00:50:00,server-01,0.13,5.0,6.54,7.19,30.31,57.85,True,thermal_event
2014-02-28 00:55:00,server-01,0.13,5.0,8.22,18.95,28.01,47.84,True,thermal_event
2014-02-28 01:00:00,server-01,0.13,5.0,24.21,8.79,28.19,65.0,True,thermal_event
2014-02-28 01:05:00,server-01,0.13,5.0,2.22,2.25,31.53,57.21,True,thermal_event
2014-02-28 01:10:00,server-01,0.07,5.0,23.59,3.82,32.45,40.05,True,thermal_event
2014-02-28 01:15:00,server-01,0.13,5.0,6.79,5.14,27.18,58.16,True,thermal_event
2014-02-28 01:20:00,server-01,0.13,5.0,7.72,6.54,29.49,48.37,True,thermal_event
2014-02-28 01:25:00,server-01,0.2,5.0,4.56,1.09,30.53,67.24,True,thermal_event
2014-02-28 01:30:00,server-01,0.07,5.0,24.98,3.31,31.82,40.81,True,thermal_event
2014-02-28 01:35:00,server-01,0.13,5.0,23.96,17.16,31.58,61.97,True,thermal_event
2014-02-19 10:50:00,server-02,1.77,9.04,11.2,12.39,30.16,62.25,True,thermal_event
2014-02-19 10:55:00,server-02,1.7,5.0,15.43,10.86,29.36,42.43,True,thermal_event
2014-02-19 11:00:00,server-02,1.89,5.0,2.28,13.34,28.59,74.59,True,thermal_event
2014-02-19 11:05:00,server-02,1.61,5.0,23.19,9.66,32.32,55.56,True,thermal_event
2014-02-19 11:10:00,server-02,1.93,5.0,23.84,15.54,30.85,60.09,True,thermal_event
2014-02-19 11:15:00,server-02,1.73,5.0,9.13,4.75,33.81,41.29,True,thermal_event
2014-02-19 11:20:00,server-02,1.76,9.2,14.14,3.1,30.54,60.08,True,thermal_event
2014-02-19 11:25:00,server-02,1.73,11.33,19.45,16.81,29.54,40.83,True,thermal_event
2014-02-19 11:30:00,server-02,1.79,5.0,23.2,6.09,33.57,68.36,True,thermal_event
2014-02-19 11:35:00,server-02,1.67,5.0,9.69,12.25,29.2,48.17,True,thermal_event
2014-02-19 11:40:00,server-02,1.93,5.0,17.23,6.76,30.41,64.55,True,thermal_event
2014-02-19 11:45:00,server-02,1.77,5.0,9.88,18.86,33.8,56.8,True,thermal_event
2014-02-19 11:50:00,server-02,1.73,6.01,17.63,16.55,30.03,71.74,True,thermal_event
2014-02-19 11:55:00,server-02,1.77,5.0,22.16,15.39,32.05,60.5,True,thermal_event
2014-02-19 12:00:00,server-02,1.79,11.12,6.14,12.9,29.18,53.51,True,thermal_event
2014-02-19 12:05:00,server-02,1.77,5.0,4.57,15.05,32.87,48.24,True,thermal_event
2014-02-19 12:10:00,server-02,1.93,5.0,24.87,5.11,29.79,54.97,True,thermal_event
2014-02-19 12:15:00,server-02,1.83,5.0,23.0,6.19,32.25,72.52,True,thermal_event
2014-02-19 12:20:00,server-02,1.76,5.0,6.51,15.18,29.97,58.41,True,thermal_event
2014-02-19 12:25:00,server-02,1.77,5.0,21.73,19.43,31.62,70.3,True,thermal_event
2014-02-19 12:30:00,server-02,1.77,5.0,17.15,8.37,28.44,64.55,True,thermal_event
2014-02-19 12:35:00,server-02,1.83,5.0,24.79,19.22,29.12,44.35,True,thermal_event
2014-02-19 12:40:00,server-02,1.94,5.0,19.6,18.43,33.59,55.06,True,thermal_event
2014-02-19 12:45:00,server-02,1.79,5.0,10.4,11.63,33.13,68.87,True,thermal_event
2014-02-19 12:50:00,server-02,1.8,9.15,12.64,3.38,28.63,44.77,True,thermal_event
2014-02-19 12:55:00,server-02,1.83,5.0,2.56,14.25,31.59,72.71,True,thermal_event
2014-02-19 13:00:00,server-02,1.8,5.0,10.53,6.0,29.15,60.74,True,thermal_event
2014-02-19 13:05:00,server-02,1.8,5.0,17.96,9.51,29.68,74.2,True,thermal_event
2014-02-19 13:10:00,server-02,2.0,5.0,16.86,7.85,33.24,60.98,True,thermal_event
2014-02-19 13:15:00,server-02,1.77,5.0,7.46,13.57,32.92,43.47,True,thermal_event
2014-02-19 13:20:00,server-02,1.82,10.63,14.44,8.51,31.41,45.28,True,thermal_event
2014-02-19 13:25:00,server-02,1.76,8.54,9.41,12.48,28.21,40.83,True,thermal_event
2014-02-19 13:30:00,server-02,1.74,5.0,23.25,8.4,28.16,42.81,True,thermal_event
2014-02-19 13:35:00,server-02,1.86,5.0,24.04,16.56,32.43,42.91,True,thermal_event
2014-02-19 13:40:00,server-02,1.94,5.0,9.51,2.4,31.48,46.74,True,thermal_event
2014-02-19 13:45:00,server-02,1.76,6.92,7.93,5.8,31.62,58.0,True,thermal_event
2014-02-19 13:50:00,server-02,1.77,5.0,5.2,2.67,28.16,65.9,True,thermal_event
2014-02-19 13:55:00,server-02,1.73,5.0,13.78,13.45,32.99,63.31,True,thermal_event
2014-02-19 14:00:00,server-02,1.87,5.0,10.64,11.89,32.02,73.25,True,thermal_event
2014-02-19 14:05:00,server-02,1.61,8.42,23.0,16.58,30.67,46.88,True,thermal_event
2014-02-19 14:10:00,server-02,2.0,5.0,23.44,2.4,29.57,44.37,True,thermal_event
2014-02-19 14:15:00,server-02,1.83,5.0,17.55,18.93,31.68,61.98,True,thermal_event
2014-02-19 14:20:00,server-02,1.73,5.0,11.49,18.12,29.77,54.66,True,thermal_event
2014-02-19 14:25:00,server-02,1.87,5.0,15.94,3.4,33.88,59.14,True,thermal_event
2014-02-19 14:30:00,server-02,1.74,5.0,22.21,1.4,28.36,65.45,True,thermal_event
2014-02-19 14:35:00,server-02,1.76,5.0,11.15,6.46,28.26,62.04,True,thermal_event
2014-02-19 14:40:00,server-02,1.96,5.0,24.42,5.24,29.12,49.16,True,thermal_event
2014-02-19 14:45:00,server-02,1.74,5.0,4.68,12.93,30.41,46.62,True,thermal_event
2014-02-19 14:50:00,server-02,1.77,5.0,23.0,12.58,32.97,55.21,True,thermal_event
2014-02-19 14:55:00,server-02,1.76,5.0,2.34,5.63,31.35,42.37,True,thermal_event
2014-02-19 15:00:00,server-02,1.77,5.0,15.15,5.33,29.94,67.59,True,thermal_event
2014-02-19 15:05:00,server-02,1.76,5.0,14.27,17.82,30.3,55.9,True,thermal_event
2014-02-19 15:10:00,server-02,2.0,5.0,4.34,8.23,30.77,49.1,True,thermal_event
2014-02-19 15:15:00,server-02,1.8,8.44,21.45,11.79,28.89,46.53,True,thermal_event
2014-02-19 15:20:00,server-02,1.76,6.73,6.26,12.68,29.43,63.93,True,thermal_event
2014-02-19 15:25:00,server-02,1.77,7.53,8.4,19.27,32.37,55.02,True,thermal_event
2014-02-19 15:30:00,server-02,1.77,5.0,18.18,11.3,33.12,70.93,True,thermal_event
2014-02-19 15:35:00,server-02,1.77,5.0,3.71,15.88,28.16,49.01,True,thermal_event
2014-02-19 15:40:00,server-02,2.0,5.0,15.91,10.88,31.0,42.98,True,thermal_event
2014-02-19 15:45:00,server-02,1.73,5.0,9.68,14.35,31.83,64.3,True,thermal_event
2014-02-19 15:50:00,server-02,1.83,5.52,19.73,18.29,28.91,56.85,True,thermal_event
2014-02-19 15:55:00,server-02,1.71,5.0,13.01,12.59,29.99,43.43,True,thermal_event
2014-02-19 16:00:00,server-02,1.8,5.0,5.49,14.55,30.24,48.24,True,thermal_event
2014-02-19 16:05:00,server-02,1.7,9.17,5.87,8.84,33.65,53.83,True,thermal_event
2014-02-19 16:10:00,server-02,2.06,5.0,2.52,3.77,29.81,58.73,True,thermal_event
2014-02-19 16:15:00,server-02,1.74,5.0,2.15,12.83,31.59,59.87,True,thermal_event
2014-02-19 16:20:00,server-02,1.77,5.93,13.26,15.62,33.7,67.88,True,thermal_event
2014-02-19 16:25:00,server-02,1.76,11.03,6.5,16.78,33.0,51.05,True,thermal_event
2014-02-19 16:30:00,server-02,1.73,5.0,9.96,11.72,28.74,65.19,True,thermal_event
2014-02-19 16:35:00,server-02,1.76,5.0,8.2,2.62,31.93,74.57,True,thermal_event
2014-02-19 16:40:00,server-02,1.93,5.0,24.15,9.66,31.13,45.19,True,thermal_event
2014-02-19 16:45:00,server-02,1.77,5.0,10.17,19.2,30.47,43.62,True,thermal_event
2014-02-19 16:50:00,server-02,1.76,6.11,10.39,11.56,28.84,47.28,True,thermal_event
2014-02-19 16:55:00,server-02,1.83,5.0,20.32,11.32,33.65,41.12,True,thermal_event
2014-02-19 17:00:00,server-02,1.77,5.0,23.8,14.29,28.88,48.85,True,thermal_event
2014-02-19 17:05:00,server-02,1.86,5.0,16.66,3.65,33.7,69.35,True,thermal_event
2014-02-19 17:10:00,server-02,2.0,9.46,5.94,3.1,32.1,58.26,True,thermal_event
2014-02-19 17:15:00,server-02,1.77,5.0,6.66,4.26,32.18,74.36,True,thermal_event
2014-02-19 17:20:00,server-02,1.76,5.0,19.54,6.52,28.98,56.52,True,thermal_event
2014-02-19 17:25:00,server-02,1.77,8.4,2.15,12.73,31.19,44.82,True,thermal_event
2014-02-19 17:30:00,server-02,1.81,5.0,12.81,16.76,31.99,45.61,True,thermal_event
2014-02-19 17:35:00,server-02,1.76,9.26,16.1,9.17,31.66,51.42,True,thermal_event
2014-02-19 17:40:00,server-02,1.94,5.0,5.61,14.9,29.96,63.96,True,thermal_event
2014-02-19 17:45:00,server-02,1.8,9.23,2.45,19.18,28.09,44.02,True,thermal_event
2014-02-19 17:50:00,server-02,1.76,5.0,8.98,11.22,28.65,55.02,True,thermal_event
2014-02-19 17:55:00,server-02,1.87,5.0,5.98,14.11,30.44,74.86,True,thermal_event
2014-02-19 18:00:00,server-02,1.74,5.0,5.1,5.57,32.34,58.51,True,thermal_event
2014-02-19 18:05:00,server-02,1.76,5.0,2.06,18.18,31.98,70.7,True,thermal_event
2014-02-19 18:10:00,server-02,1.96,5.0,16.71,4.75,32.82,60.1,True,thermal_event
2014-02-19 18:15:00,server-02,1.8,5.0,24.55,15.58,33.64,41.05,True,thermal_event
2014-02-19 18:20:00,server-02,1.77,5.69,15.94,17.55,29.21,54.77,True,thermal_event
2014-02-19 18:25:00,server-02,1.8,5.0,22.7,9.1,31.25,65.44,True,thermal_event
2014-02-19 18:30:00,server-02,1.77,8.66,9.03,5.73,29.41,49.75,True,thermal_event
2014-02-19 18:35:00,server-02,1.77,5.0,7.81,18.91,30.5,49.24,True,thermal_event
2014-02-19 18:40:00,server-02,1.93,5.0,12.68,1.58,29.71,65.7,True,thermal_event
2014-02-19 18:45:00,server-02,1.77,6.08,14.7,2.9,28.45,54.25,True,thermal_event
2014-02-19 18:50:00,server-02,1.89,8.21,5.28,18.96,28.97,40.13,True,thermal_event
2014-02-19 18:55:00,server-02,1.6,5.0,4.98,2.82,29.71,40.64,True,thermal_event
2014-02-19 19:00:00,server-02,1.86,5.0,16.03,16.32,33.8,54.55,True,thermal_event
2014-02-19 19:05:00,server-02,1.71,5.0,18.81,15.68,32.87,64.79,True,thermal_event
2014-02-19 19:10:00,server-02,2.06,5.68,10.57,14.26,28.83,67.76,True,thermal_event
2014-02-19 19:15:00,server-02,1.8,5.0,14.71,1.91,31.19,74.44,True,thermal_event
2014-02-19 19:20:00,server-02,1.87,5.0,16.9,13.08,33.46,65.91,True,thermal_event
2014-02-19 19:25:00,server-02,1.92,5.0,23.96,17.17,33.93,46.1,True,thermal_event
2014-02-19 19:30:00,server-02,1.97,5.0,9.82,17.54,30.17,67.01,True,thermal_event
2014-02-19 19:35:00,server-02,1.9,7.14,4.0,18.38,32.85,51.18,True,thermal_event
2014-02-19 19:40:00,server-02,2.16,5.0,17.77,16.86,32.3,59.33,True,thermal_event
2014-02-19 19:45:00,server-02,1.9,5.0,6.07,1.77,30.62,58.6,True,thermal_event
2014-02-19 19:50:00,server-02,1.96,5.0,2.43,5.52,33.77,68.08,True,thermal_event
2014-02-19 19:55:00,server-02,1.93,5.0,14.27,16.15,32.52,56.48,True,thermal_event
2014-02-19 20:00:00,server-02,1.97,7.66,21.25,9.2,33.08,50.83,True,thermal_event
2014-02-19 20:05:00,server-02,2.1,11.62,22.73,4.38,29.37,73.5,True,thermal_event
2014-02-19 20:10:00,server-02,2.1,5.0,9.55,14.15,32.44,60.87,True,thermal_event
2014-02-19 20:15:00,server-02,1.77,7.37,6.16,7.19,31.26,55.5,True,thermal_event
2014-02-19 20:20:00,server-02,1.86,11.23,12.23,12.39,28.46,63.82,True,thermal_event
2014-02-19 20:25:00,server-02,1.97,7.63,20.06,19.8,29.33,64.8,True,thermal_event
2014-02-19 20:30:00,server-02,1.99,11.12,19.45,9.89,30.65,48.75,True,thermal_event
2014-02-19 20:35:00,server-02,1.91,5.0,19.64,13.97,30.29,59.23,True,thermal_event
2014-02-19 20:40:00,server-02,2.16,11.2,24.51,17.13,31.5,71.9,True,thermal_event
2014-02-19 20:45:00,server-02,1.91,9.18,2.9,15.37,31.91,73.75,True,thermal_event
2014-02-19 20:50:00,server-02,2.0,5.0,6.18,15.76,32.25,60.83,True,thermal_event
2014-02-19 20:55:00,server-02,1.93,5.0,10.65,1.15,29.6,55.14,True,thermal_event
2014-02-19 21:00:00,server-02,2.03,5.0,19.21,3.47,31.48,58.07,True,thermal_event
2014-02-19 21:05:00,server-02,2.0,5.44,16.2,5.32,33.52,49.83,True,thermal_event
2014-02-19 21:10:00,server-02,2.22,6.84,22.76,15.07,32.5,60.03,True,thermal_event
2014-02-19 21:15:00,server-02,1.77,9.18,19.37,10.1,32.96,44.43,True,thermal_event
2014-02-19 21:20:00,server-02,1.77,5.0,4.42,18.22,30.25,41.7,True,thermal_event
2014-02-19 21:25:00,server-02,1.83,5.0,20.01,17.13,31.98,66.19,True,thermal_event
2014-02-19 21:30:00,server-02,1.76,9.15,22.28,13.86,28.75,52.79,True,thermal_event
2014-02-19 21:35:00,server-02,1.8,8.75,16.78,18.92,30.97,57.94,True,thermal_event
2014-02-19 21:40:00,server-02,1.94,5.0,4.41,15.69,29.38,60.14,True,thermal_event
2014-02-19 21:45:00,server-02,1.83,5.79,11.11,5.61,33.29,40.3,True,thermal_event
2014-02-19 21:50:00,server-02,1.83,5.0,2.09,5.51,31.61,74.31,True,thermal_event
2014-02-19 21:55:00,server-02,1.74,5.0,21.54,18.91,29.65,49.68,True,thermal_event
2014-02-19 22:00:00,server-02,1.77,5.0,12.64,18.11,33.1,50.84,True,thermal_event
2014-02-19 22:05:00,server-02,1.87,5.0,4.54,19.3,31.42,68.99,True,thermal_event
2014-02-19 22:10:00,server-02,1.96,5.0,19.11,3.57,33.54,49.97,True,thermal_event
2014-02-19 22:15:00,server-02,1.83,8.17,7.34,15.6,33.88,43.82,True,thermal_event
2014-02-19 22:20:00,server-02,1.73,6.15,10.99,18.8,29.36,60.29,True,thermal_event
2014-02-19 22:25:00,server-02,1.79,5.0,23.15,4.98,29.87,61.93,True,thermal_event
2014-02-19 22:30:00,server-02,1.73,5.0,18.34,11.79,32.74,64.64,True,thermal_event
2014-02-19 22:35:00,server-02,1.8,5.0,15.16,9.15,29.79,57.76,True,thermal_event
2014-02-19 22:40:00,server-02,1.93,5.0,7.13,13.77,31.96,67.91,True,thermal_event
2014-02-19 22:45:00,server-02,1.76,5.0,3.66,10.06,32.82,74.68,True,thermal_event
2014-02-19 22:50:00,server-02,1.67,10.52,17.58,10.29,29.1,74.86,True,thermal_event
2014-02-19 22:55:00,server-02,1.8,5.26,17.0,2.86,30.7,73.51,True,thermal_event
2014-02-19 23:00:00,server-02,1.73,5.0,4.16,18.5,29.03,63.02,True,thermal_event
2014-02-19 23:05:00,server-02,1.76,5.0,16.76,1.05,29.19,60.44,True,thermal_event
2014-02-19 23:10:00,server-02,1.87,5.82,5.42,4.75,29.87,40.48,True,thermal_event
2014-02-19 23:15:00,server-02,1.83,5.0,22.8,8.77,29.95,73.39,True,thermal_event
2014-02-19 23:20:00,server-02,1.67,5.98,9.66,15.55,29.18,66.77,True,thermal_event
2014-02-19 23:25:00,server-02,1.73,5.14,24.13,18.66,30.22,46.84,True,thermal_event
2014-02-19 23:30:00,server-02,1.89,5.03,12.55,6.96,29.93,44.16,True,thermal_event
2014-02-19 23:35:00,server-02,1.74,5.0,16.33,3.96,28.19,44.89,True,thermal_event
2014-02-19 23:40:00,server-02,2.05,5.0,4.94,6.09,29.78,67.73,True,thermal_event
2014-02-19 23:45:00,server-02,1.73,5.0,9.58,1.63,30.01,52.89,True,thermal_event
2014-02-19 23:50:00,server-02,1.83,5.0,17.98,19.75,33.81,41.29,True,thermal_event
2014-02-19 23:55:00,server-02,1.66,5.0,11.45,9.94,30.34,50.82,True,thermal_event
2014-02-20 00:00:00,server-02,1.87,5.0,23.55,16.07,32.73,67.97,True,thermal_event
2014-02-20 00:05:00,server-02,1.73,5.0,4.56,4.04,29.36,63.19,True,thermal_event
2014-02-20 00:10:00,server-02,2.0,5.0,4.14,13.06,32.39,67.5,True,thermal_event
2014-02-20 00:15:00,server-02,1.77,5.0,21.38,7.17,30.32,71.71,True,thermal_event
2014-02-20 00:20:00,server-02,1.76,11.06,5.88,3.84,31.77,62.97,True,thermal_event
2014-02-20 00:25:00,server-02,1.77,5.0,16.54,7.93,30.4,64.32,True,thermal_event
2014-02-20 00:30:00,server-02,1.8,5.0,7.71,1.08,30.12,68.39,True,thermal_event
2014-02-20 00:35:00,server-02,1.73,5.0,9.82,7.33,30.31,64.7,True,thermal_event
2014-02-20 00:40:00,server-02,2.03,5.0,11.86,10.49,31.25,68.07,True,thermal_event
2014-02-20 00:45:00,server-02,1.79,5.0,9.17,16.08,28.72,54.35,True,thermal_event
2014-02-20 00:50:00,server-02,1.8,5.0,24.68,11.95,29.48,68.82,True,thermal_event
2014-02-20 00:55:00,server-02,1.8,5.42,2.81,10.87,32.85,54.01,True,thermal_event
2014-02-20 01:00:00,server-02,1.77,7.9,10.67,13.55,28.74,73.6,True,thermal_event
2014-02-20 01:05:00,server-02,1.73,5.0,22.47,11.69,31.98,45.24,True,thermal_event
2014-02-20 01:10:00,server-02,2.03,5.0,14.98,8.12,28.16,43.65,True,thermal_event
2014-02-20 01:15:00,server-02,1.86,5.0,19.78,1.71,33.43,40.83,True,thermal_event
2014-02-20 01:20:00,server-02,1.81,5.1,18.59,19.17,28.94,41.95,True,thermal_event
2014-02-20 01:25:00,server-02,1.77,5.0,15.43,4.97,28.08,55.27,True,thermal_event
2014-02-20 01:30:00,server-02,1.83,5.0,12.94,4.11,29.01,42.59,True,thermal_event
2014-02-20 01:35:00,server-02,1.77,6.6,16.93,14.03,32.79,60.59,True,thermal_event
2014-02-20 01:40:00,server-02,2.03,6.54,16.61,16.94,28.96,72.2,True,thermal_event
2014-02-20 01:45:00,server-02,1.96,5.0,20.01,12.58,33.08,47.85,True,thermal_event
2014-02-20 01:50:00,server-02,1.64,9.79,13.05,4.03,28.07,41.95,True,thermal_event
2014-02-20 01:55:00,server-02,1.83,5.0,14.86,17.8,31.83,55.56,True,thermal_event
2014-02-20 02:00:00,server-02,1.8,5.0,8.43,9.63,29.62,59.59,True,thermal_event
2014-02-20 02:05:00,server-02,1.9,9.4,13.29,11.29,32.68,71.17,True,thermal_event
2014-02-20 02:10:00,server-02,2.03,5.0,23.47,2.18,28.97,63.11,True,thermal_event
2014-02-20 02:15:00,server-02,1.83,5.0,21.1,15.2,28.39,74.89,True,thermal_event
2014-02-20 02:20:00,server-02,1.8,5.0,11.69,11.96,29.65,54.56,True,thermal_event
2014-02-20 02:25:00,server-02,1.84,5.0,11.64,10.56,32.36,49.48,True,thermal_event
2014-02-20 02:30:00,server-02,1.83,5.0,11.39,17.05,32.07,40.68,True,thermal_event
2014-02-20 02:35:00,server-02,1.77,5.0,11.81,16.78,28.82,61.97,True,thermal_event
2014-02-20 02:40:00,server-02,1.97,5.0,23.09,19.99,30.75,55.86,True,thermal_event
2014-02-20 02:45:00,server-02,1.8,5.0,12.71,5.76,33.34,49.13,True,thermal_event
2014-02-20 02:50:00,server-02,1.8,5.51,12.15,16.4,29.53,51.13,True,thermal_event
2014-02-20 02:55:00,server-02,1.83,5.0,12.77,15.73,30.52,44.98,True,thermal_event
2014-02-20 03:00:00,server-02,1.7,5.0,16.14,10.5,33.38,59.1,True,thermal_event
2014-02-20 03:05:00,server-02,1.81,7.45,5.57,10.93,28.72,67.88,True,thermal_event
2014-02-20 03:10:00,server-02,2.66,6.65,5.37,8.62,32.57,66.46,True,thermal_event
2014-02-20 03:15:00,server-02,1.76,5.0,7.91,9.31,29.06,57.24,True,thermal_event
2014-02-20 03:20:00,server-02,1.73,5.0,16.85,18.89,30.19,65.1,True,thermal_event
2014-02-20 03:25:00,server-02,1.81,5.0,14.48,1.2,32.04,73.73,True,thermal_event
2014-02-20 03:30:00,server-02,1.83,5.0,11.23,6.81,33.13,69.33,True,thermal_event
2014-02-23 11:45:00,server-02,1.73,5.0,7.38,14.41,32.52,53.32,True,thermal_event
2014-02-23 11:50:00,server-02,1.8,6.01,2.16,11.25,27.91,70.53,True,thermal_event
2014-02-23 11:55:00,server-02,1.73,5.0,23.09,16.41,31.79,41.62,True,thermal_event
2014-02-23 12:00:00,server-02,1.89,9.65,23.94,1.59,29.56,68.74,True,thermal_event
2014-02-23 12:05:00,server-02,1.86,5.0,24.44,16.61,31.86,44.38,True,thermal_event
2014-02-23 12:10:00,server-02,1.9,10.34,13.86,9.24,29.55,71.15,True,thermal_event
2014-02-23 12:15:00,server-02,1.77,8.82,15.85,17.32,32.7,68.57,True,thermal_event
2014-02-23 12:20:00,server-02,1.83,5.0,2.64,10.47,28.18,57.46,True,thermal_event
2014-02-23 12:25:00,server-02,1.77,5.0,23.59,2.89,29.32,70.52,True,thermal_event
2014-02-23 12:30:00,server-02,1.83,5.0,2.72,1.97,31.46,65.54,True,thermal_event
2014-02-23 12:35:00,server-02,1.77,9.34,17.19,19.84,29.59,53.56,True,thermal_event
2014-02-23 12:40:00,server-02,2.0,5.0,12.07,13.55,33.09,53.36,True,thermal_event
2014-02-23 12:45:00,server-02,1.79,5.0,13.59,14.35,33.15,71.73,True,thermal_event
2014-02-23 12:50:00,server-02,1.8,7.53,22.52,14.45,32.9,65.87,True,thermal_event
2014-02-23 12:55:00,server-02,1.8,5.0,7.86,8.12,30.47,58.32,True,thermal_event
2014-02-23 13:00:00,server-02,1.89,5.0,8.68,11.25,28.35,45.96,True,thermal_event
2014-02-23 13:05:00,server-02,1.8,5.0,13.64,17.77,29.4,65.4,True,thermal_event
2014-02-23 13:10:00,server-02,2.03,5.0,15.9,10.51,29.26,49.04,True,thermal_event
2014-02-23 13:15:00,server-02,1.74,5.0,15.15,2.56,29.1,47.66,True,thermal_event
2014-02-23 13:20:00,server-02,1.83,5.0,22.0,16.86,32.96,72.14,True,thermal_event
2014-02-23 13:25:00,server-02,1.74,5.0,4.82,11.7,30.63,68.78,True,thermal_event
2014-02-23 13:30:00,server-02,1.86,5.0,6.87,19.43,27.97,65.14,True,thermal_event
2014-02-23 13:35:00,server-02,1.71,7.06,23.81,5.91,30.37,72.33,True,thermal_event
2014-02-23 13:40:00,server-02,1.99,8.25,13.11,7.9,29.59,65.69,True,thermal_event
2014-02-23 13:45:00,server-02,1.8,5.0,12.69,14.22,29.68,54.62,True,thermal_event
2014-02-23 13:50:00,server-02,1.7,5.0,15.55,5.38,28.44,64.0,True,thermal_event
2014-02-23 13:55:00,server-02,1.83,5.0,18.99,8.04,30.87,67.54,True,thermal_event
2014-02-23 14:00:00,server-02,1.79,7.82,17.35,9.55,33.49,68.57,True,thermal_event
2014-02-23 14:05:00,server-02,1.77,8.73,18.55,8.31,30.77,53.79,True,thermal_event
2014-02-23 14:10:00,server-02,1.96,5.0,14.93,3.39,32.41,51.97,True,thermal_event
2014-02-23 14:15:00,server-02,1.8,5.0,16.74,12.14,33.18,72.43,True,thermal_event
2014-02-23 14:20:00,server-02,1.81,5.0,3.62,7.91,31.64,58.18,True,thermal_event
2014-02-23 14:25:00,server-02,1.8,5.0,14.17,12.27,33.88,56.38,True,thermal_event
2014-02-23 14:30:00,server-02,1.8,5.0,8.88,6.24,30.49,64.04,True,thermal_event
2014-02-23 14:35:00,server-02,1.77,5.0,14.74,14.15,31.53,60.82,True,thermal_event
2014-02-23 14:40:00,server-02,2.06,5.0,14.33,15.89,31.19,67.48,True,thermal_event
2014-02-23 14:45:00,server-02,1.77,7.51,8.34,2.17,28.72,54.52,True,thermal_event
2014-02-23 14:50:00,server-02,1.74,5.0,24.08,4.84,28.84,70.34,True,thermal_event
2014-02-23 14:55:00,server-02,1.8,5.0,7.91,2.06,32.08,74.99,True,thermal_event
2014-02-23 15:00:00,server-02,1.83,7.97,20.88,5.54,33.3,43.8,True,thermal_event
2014-02-23 15:05:00,server-02,1.77,5.0,4.58,17.51,28.01,52.38,True,thermal_event
2014-02-23 15:10:00,server-02,1.96,5.0,13.54,7.14,29.9,44.67,True,thermal_event
2014-02-23 15:15:00,server-02,1.87,5.0,8.66,3.92,30.0,49.68,True,thermal_event
2014-02-23 15:20:00,server-02,1.8,5.0,11.48,9.69,30.63,73.38,True,thermal_event
2014-02-23 15:25:00,server-02,1.79,5.0,6.86,2.38,31.33,59.12,True,thermal_event
2014-02-23 15:30:00,server-02,1.81,10.04,16.95,9.67,31.84,51.49,True,thermal_event
2014-02-23 15:35:00,server-02,1.86,9.86,24.28,19.15,30.52,70.69,True,thermal_event
2014-02-23 15:40:00,server-02,1.94,8.47,17.11,4.86,32.24,60.13,True,thermal_event
2014-02-23 15:45:00,server-02,1.83,5.0,18.34,15.15,29.42,56.24,True,thermal_event
2014-02-23 15:50:00,server-02,1.8,10.42,14.28,3.68,30.22,41.61,True,thermal_event
2014-02-23 15:55:00,server-02,1.8,5.0,4.82,12.68,28.57,68.78,True,thermal_event
2014-02-23 16:00:00,server-02,1.83,8.77,18.9,3.45,33.52,50.73,True,thermal_event
2014-02-23 16:05:00,server-02,1.83,5.0,12.82,14.37,29.09,68.06,True,thermal_event
2014-02-23 16:10:00,server-02,1.97,5.0,17.73,11.2,31.14,52.67,True,thermal_event
2014-02-23 16:15:00,server-02,1.79,5.0,4.69,19.36,30.5,59.76,True,thermal_event
2014-02-23 16:20:00,server-02,1.9,5.0,21.28,17.84,32.83,40.14,True,thermal_event
2014-02-23 16:25:00,server-02,1.7,8.43,17.06,18.68,32.73,61.24,True,thermal_event
2014-02-23 16:30:00,server-02,1.87,5.0,3.34,15.95,33.07,65.94,True,thermal_event
2014-02-23 16:35:00,server-02,1.77,5.0,21.87,16.9,33.61,55.9,True,thermal_event
2014-02-23 16:40:00,server-02,2.0,7.22,4.32,3.44,32.81,62.29,True,thermal_event
2014-02-23 16:45:00,server-02,1.77,9.48,15.16,13.04,32.27,53.39,True,thermal_event
2014-02-23 16:50:00,server-02,1.96,6.13,21.0,16.49,30.48,46.4,True,thermal_event
2014-02-23 16:55:00,server-02,1.74,5.0,2.82,8.42,29.17,67.72,True,thermal_event
2014-02-23 17:00:00,server-02,2.0,5.0,15.84,19.72,31.13,50.08,True,thermal_event
2014-02-23 17:05:00,server-02,1.86,5.0,18.83,8.28,31.97,43.2,True,thermal_event
2014-02-23 17:10:00,server-02,2.09,5.0,8.36,5.47,29.93,73.05,True,thermal_event
2014-02-23 17:15:00,server-02,1.84,5.0,15.69,11.01,31.95,71.29,True,thermal_event
2014-02-23 17:20:00,server-02,1.83,5.0,3.41,17.8,29.05,73.18,True,thermal_event
2014-02-23 17:25:00,server-02,1.73,5.0,3.13,6.32,33.6,61.01,True,thermal_event
2014-02-23 17:30:00,server-02,1.83,5.0,18.96,5.69,28.24,60.45,True,thermal_event
2014-02-23 17:35:00,server-02,1.77,7.33,23.63,11.74,28.03,49.27,True,thermal_event
2014-02-23 17:40:00,server-02,2.0,5.0,2.09,18.63,28.14,61.69,True,thermal_event
2014-02-23 17:45:00,server-02,1.73,5.0,12.77,2.83,29.28,51.5,True,thermal_event
2014-02-23 17:50:00,server-02,1.8,5.0,17.86,18.84,33.12,56.62,True,thermal_event
2014-02-23 17:55:00,server-02,1.77,5.0,16.79,10.3,29.43,53.92,True,thermal_event
2014-02-23 18:00:00,server-02,1.79,5.0,12.06,9.43,29.25,51.22,True,thermal_event
2014-02-23 18:05:00,server-02,1.77,5.0,14.82,3.03,28.47,71.82,True,thermal_event
2014-02-23 18:10:00,server-02,1.97,9.5,11.34,3.01,29.47,47.6,True,thermal_event
2014-02-23 18:15:00,server-02,1.77,5.0,19.75,15.15,29.48,56.19,True,thermal_event
2014-02-23 18:20:00,server-02,1.8,5.0,3.17,3.64,28.25,62.46,True,thermal_event
2014-02-23 18:25:00,server-02,1.77,8.58,6.78,5.84,31.7,59.93,True,thermal_event
2014-02-23 18:30:00,server-02,1.77,8.59,12.04,9.98,31.12,61.46,True,thermal_event
2014-02-23 18:35:00,server-02,1.86,9.41,22.36,10.58,32.8,56.56,True,thermal_event
2014-02-23 18:40:00,server-02,1.91,5.0,6.95,17.81,32.94,61.11,True,thermal_event
2014-02-23 18:45:00,server-02,1.86,5.0,15.88,1.82,28.6,61.02,True,thermal_event
2014-02-23 18:50:00,server-02,1.73,5.0,5.4,9.39,31.27,67.56,True,thermal_event
2014-02-23 18:55:00,server-02,1.74,5.0,9.25,13.69,29.6,46.33,True,thermal_event
2014-02-23 19:00:00,server-02,1.8,10.33,20.16,2.7,29.02,46.2,True,thermal_event
2014-02-23 19:05:00,server-02,1.8,8.66,21.16,14.42,32.23,51.38,True,thermal_event
2014-02-23 19:10:00,server-02,1.97,5.0,4.04,1.07,29.49,53.79,True,thermal_event
2014-02-23 19:15:00,server-02,1.77,5.0,22.16,8.45,29.14,45.61,True,thermal_event
2014-02-23 19:20:00,server-02,1.79,5.0,19.9,16.36,28.45,45.16,True,thermal_event
2014-02-23 19:25:00,server-02,1.8,5.68,17.87,19.63,31.69,56.22,True,thermal_event
2014-02-23 19:30:00,server-02,1.8,10.68,5.46,18.48,30.29,57.51,True,thermal_event
2014-02-23 19:35:00,server-02,1.87,5.0,9.34,9.77,31.7,71.59,True,thermal_event
2014-02-23 19:40:00,server-02,1.99,5.0,23.16,18.51,30.89,41.97,True,thermal_event
2014-02-23 19:45:00,server-02,1.87,6.6,23.07,4.58,29.24,40.5,True,thermal_event
2014-02-23 19:50:00,server-02,1.71,5.0,15.52,18.09,29.12,74.14,True,thermal_event
2014-02-23 19:55:00,server-02,1.83,5.0,9.87,14.89,33.66,72.61,True,thermal_event
2014-02-23 20:00:00,server-02,1.8,5.0,22.35,6.39,30.38,56.78,True,thermal_event
2014-02-23 20:05:00,server-02,1.97,5.0,14.71,6.87,28.15,50.13,True,thermal_event
2014-02-23 20:10:00,server-02,1.97,5.0,20.48,13.12,32.25,68.7,True,thermal_event
2014-02-23 20:15:00,server-02,1.86,6.8,10.14,15.99,30.41,70.24,True,thermal_event
2014-02-23 20:20:00,server-02,1.87,5.0,8.56,16.62,29.72,54.38,True,thermal_event
2014-02-23 20:25:00,server-02,2.0,5.0,6.62,3.3,29.22,74.05,True,thermal_event
2014-02-23 20:30:00,server-02,2.12,5.0,19.39,16.53,28.71,65.52,True,thermal_event
2014-02-23 20:35:00,server-02,1.94,5.14,24.83,8.52,30.12,68.6,True,thermal_event
2014-02-23 20:40:00,server-02,2.2,5.0,10.3,12.02,30.57,41.46,True,thermal_event
2014-02-23 20:45:00,server-02,2.03,10.09,23.36,18.51,29.39,47.66,True,thermal_event
2014-02-23 20:50:00,server-02,1.97,5.0,19.11,3.92,30.35,49.52,True,thermal_event
2014-02-23 20:55:00,server-02,2.0,5.0,7.89,3.65,28.96,73.98,True,thermal_event
2014-02-23 21:00:00,server-02,2.09,5.0,4.94,2.76,30.16,72.12,True,thermal_event
2014-02-23 21:05:00,server-02,1.93,5.0,16.58,16.94,31.81,48.04,True,thermal_event
2014-02-23 21:10:00,server-02,2.36,5.0,11.12,1.86,29.05,55.04,True,thermal_event
2014-02-23 21:15:00,server-02,1.9,8.54,6.92,4.51,28.23,42.71,True,thermal_event
2014-02-23 21:20:00,server-02,2.03,5.0,20.17,3.95,28.87,40.56,True,thermal_event
2014-02-23 21:25:00,server-02,1.97,6.82,19.92,7.87,29.85,74.26,True,thermal_event
2014-02-23 21:30:00,server-02,2.06,5.0,6.37,3.9,30.25,43.04,True,thermal_event
2014-02-23 21:35:00,server-02,1.97,10.38,24.75,13.67,31.39,71.42,True,thermal_event
2014-02-23 21:40:00,server-02,2.2,7.97,14.81,1.49,32.16,63.37,True,thermal_event
2014-02-23 21:45:00,server-02,2.0,5.0,20.63,4.76,31.27,58.85,True,thermal_event
2014-02-23 21:50:00,server-02,2.0,5.0,6.89,19.98,30.99,56.03,True,thermal_event
2014-02-23 21:55:00,server-02,2.0,11.24,16.35,1.96,31.03,50.87,True,thermal_event
2014-02-23 22:00:00,server-02,2.07,5.0,11.18,19.63,29.88,59.67,True,thermal_event
2014-02-23 22:05:00,server-02,1.93,5.0,11.92,14.0,33.77,62.18,True,thermal_event
2014-02-23 22:10:00,server-02,2.2,5.0,6.84,8.76,32.19,52.46,True,thermal_event
2014-02-23 22:15:00,server-02,2.06,5.0,18.76,11.06,29.11,67.55,True,thermal_event
2014-02-23 22:20:00,server-02,1.97,7.53,11.82,11.85,30.25,59.79,True,thermal_event
2014-02-23 22:25:00,server-02,1.93,9.9,21.56,5.0,28.82,55.68,True,thermal_event
2014-02-23 22:30:00,server-02,2.01,5.0,20.74,10.27,29.83,68.98,True,thermal_event
2014-02-23 22:35:00,server-02,1.92,5.99,11.5,11.27,32.23,56.58,True,thermal_event
2014-02-23 22:40:00,server-02,2.11,5.0,3.26,13.96,29.21,63.52,True,thermal_event
2014-02-23 22:45:00,server-02,1.93,9.15,7.54,13.12,33.83,54.57,True,thermal_event
2014-02-23 22:50:00,server-02,1.96,10.41,4.42,7.72,29.77,65.51,True,thermal_event
2014-02-23 22:55:00,server-02,1.87,11.19,10.89,11.39,33.15,53.85,True,thermal_event
2014-02-23 23:00:00,server-02,1.96,6.82,13.55,11.43,32.46,64.34,True,thermal_event
2014-02-23 23:05:00,server-02,1.67,5.0,23.98,18.91,28.85,74.02,True,thermal_event
2014-02-23 23:10:00,server-02,2.03,9.51,15.89,19.71,32.54,63.81,True,thermal_event
2014-02-23 23:15:00,server-02,1.86,9.77,20.32,13.35,30.09,58.2,True,thermal_event
2014-02-23 23:20:00,server-02,1.73,5.0,11.83,14.44,28.39,63.35,True,thermal_event
2014-02-23 23:25:00,server-02,1.76,11.0,8.28,17.15,29.25,62.95,True,thermal_event
2014-02-23 23:30:00,server-02,1.77,5.0,21.98,11.34,28.61,60.28,True,thermal_event
2014-02-23 23:35:00,server-02,1.8,5.0,6.38,9.91,32.73,62.59,True,thermal_event
2014-02-23 23:40:00,server-02,2.02,11.03,20.17,4.87,31.63,67.48,True,thermal_event
2014-02-23 23:45:00,server-02,1.7,7.59,16.53,12.59,28.4,63.57,True,thermal_event
2014-02-23 23:50:00,server-02,1.77,5.0,5.63,18.68,30.2,43.35,True,thermal_event
2014-02-23 23:55:00,server-02,1.79,5.0,19.58,4.43,28.82,60.3,True,thermal_event
2014-02-24 00:00:00,server-02,1.81,10.1,10.37,5.11,29.36,68.91,True,thermal_event
2014-02-24 00:05:00,server-02,1.83,5.14,16.65,14.03,29.66,40.17,True,thermal_event
2014-02-24 00:10:00,server-02,1.93,5.0,14.73,2.51,29.07,44.28,True,thermal_event
2014-02-24 00:15:00,server-02,1.86,5.0,15.68,9.1,32.93,46.4,True,thermal_event
2014-02-24 00:20:00,server-02,1.81,8.5,10.0,1.35,29.37,63.21,True,thermal_event
2014-02-24 00:25:00,server-02,1.8,5.0,12.5,13.08,31.35,64.12,True,thermal_event
2014-02-24 00:30:00,server-02,1.8,5.0,2.18,1.11,31.39,74.92,True,thermal_event
2014-02-24 00:35:00,server-02,1.93,5.0,19.22,19.07,30.02,73.58,True,thermal_event
2014-02-24 00:40:00,server-02,1.9,10.4,6.89,15.4,33.05,58.54,True,thermal_event
2014-02-24 00:45:00,server-02,1.8,8.81,7.92,5.16,33.36,56.83,True,thermal_event
2014-02-24 00:50:00,server-02,1.8,5.0,10.57,2.38,30.86,55.24,True,thermal_event
2014-02-24 00:55:00,server-02,1.87,5.0,4.65,9.84,33.32,64.15,True,thermal_event
2014-02-24 01:00:00,server-02,1.83,5.0,12.4,3.53,33.72,71.71,True,thermal_event
2014-02-24 01:05:00,server-02,1.87,5.0,21.41,2.01,31.88,65.65,True,thermal_event
2014-02-24 01:10:00,server-02,2.03,5.0,13.95,17.36,32.38,49.91,True,thermal_event
2014-02-24 01:15:00,server-02,1.8,5.0,18.41,13.19,29.13,43.96,True,thermal_event
2014-02-24 01:20:00,server-02,1.8,5.0,17.32,1.24,31.5,64.86,True,thermal_event
2014-02-24 01:25:00,server-02,1.83,5.0,6.09,14.26,28.75,65.76,True,thermal_event
2014-02-24 01:30:00,server-02,1.93,5.0,10.06,14.52,30.13,62.94,True,thermal_event
2014-02-24 01:35:00,server-02,1.8,5.0,2.99,4.12,28.49,56.36,True,thermal_event
2014-02-24 01:40:00,server-02,2.07,5.0,9.97,6.51,33.47,47.53,True,thermal_event
2014-02-24 01:45:00,server-02,1.67,5.0,22.48,10.39,32.33,42.92,True,thermal_event
2014-02-24 01:50:00,server-02,1.89,7.67,12.26,3.11,33.87,56.39,True,thermal_event
2014-02-24 01:55:00,server-02,1.73,6.21,21.07,11.2,33.59,40.25,True,thermal_event
2014-02-24 02:00:00,server-02,1.9,5.0,9.36,7.33,33.2,66.39,True,thermal_event
2014-02-24 02:05:00,server-02,1.83,5.0,11.94,5.44,28.94,61.52,True,thermal_event
2014-02-24 02:10:00,server-02,2.16,7.97,8.87,10.18,33.74,47.31,True,thermal_event
2014-02-24 02:15:00,server-02,1.77,5.0,21.71,6.38,30.05,46.91,True,thermal_event
2014-02-24 02:20:00,server-02,1.83,5.0,15.99,6.34,31.9,40.96,True,thermal_event
2014-02-24 02:25:00,server-02,1.77,5.0,9.41,7.07,30.9,45.73,True,thermal_event
2014-02-24 02:30:00,server-02,1.87,5.0,8.7,18.65,29.33,57.38,True,thermal_event
2014-02-24 02:35:00,server-02,1.76,5.0,7.76,9.59,32.29,59.57,True,thermal_event
2014-02-24 02:40:00,server-02,2.06,5.0,18.7,19.93,30.39,63.1,True,thermal_event
2014-02-24 02:45:00,server-02,1.67,5.0,21.11,7.46,29.77,65.13,True,thermal_event
2014-02-24 02:50:00,server-02,1.83,5.0,2.18,10.45,28.92,62.44,True,thermal_event
2014-02-24 02:55:00,server-02,1.77,6.0,24.58,5.61,31.17,59.76,True,thermal_event
2014-02-24 03:00:00,server-02,1.87,9.74,4.71,14.1,28.72,52.64,True,thermal_event
2014-02-24 03:05:00,server-02,1.83,8.09,4.07,4.0,29.45,54.95,True,thermal_event
2014-02-24 03:10:00,server-02,2.1,5.0,6.5,8.28,33.36,60.88,True,thermal_event
2014-02-24 03:15:00,server-02,1.77,5.0,10.37,4.4,29.77,42.32,True,thermal_event
2014-02-24 03:20:00,server-02,1.8,5.0,12.79,14.55,33.61,68.07,True,thermal_event
2014-02-24 03:25:00,server-02,1.79,5.0,18.54,9.76,29.53,52.31,True,thermal_event
2014-02-24 03:30:00,server-02,1.87,5.0,20.68,9.36,30.99,54.19,True,thermal_event
2014-02-24 03:35:00,server-02,1.71,5.0,6.49,13.49,33.58,67.76,True,thermal_event
2014-02-24 03:40:00,server-02,2.6,5.41,21.08,9.51,28.45,62.22,True,thermal_event
2014-02-24 03:45:00,server-02,1.77,5.0,14.49,2.52,33.78,58.24,True,thermal_event
2014-02-24 03:50:00,server-02,1.8,5.0,15.28,18.36,32.42,69.56,True,thermal_event
2014-02-24 03:55:00,server-02,1.86,5.0,20.88,7.37,32.7,54.07,True,thermal_event
2014-02-24 04:00:00,server-02,1.81,5.0,12.1,18.14,29.93,49.38,True,thermal_event
2014-02-24 04:05:00,server-02,1.83,5.0,11.18,1.55,31.33,67.66,True,thermal_event
2014-02-24 04:10:00,server-02,1.96,5.0,12.35,6.82,33.38,70.45,True,thermal_event
2014-02-24 04:15:00,server-02,1.83,5.0,12.73,16.17,28.83,47.2,True,thermal_event
2014-02-24 04:20:00,server-02,1.77,5.0,2.1,14.38,29.26,55.82,True,thermal_event
2014-02-24 04:25:00,server-02,1.83,5.0,22.1,9.37,29.85,46.64,True,thermal_event
2014-04-02 15:05:00,server-03,92.36,72.8,29.19,31.78,74.98,43.34,True,cpu_spike
2014-04-02 15:10:00,server-03,89.31,84.77,32.8,18.43,74.51,51.81,True,cpu_spike
2014-04-02 15:15:00,server-03,89.81,76.52,20.73,26.26,75.96,47.4,True,cpu_spike
2014-04-02 17:15:00,server-03,94.87,83.89,26.95,31.65,76.15,67.37,True,cpu_spike
2014-04-02 17:45:00,server-03,94.5,89.5,25.11,22.28,76.51,65.06,True,cpu_spike
2014-04-02 18:15:00,server-03,95.16,84.95,29.28,18.86,79.79,57.29,True,cpu_spike
2014-04-02 18:30:00,server-03,86.22,66.64,19.91,29.44,72.49,59.36,True,cpu_spike
2014-04-02 18:35:00,server-03,94.08,76.85,25.03,13.18,74.62,41.49,True,cpu_spike
2014-04-02 21:30:00,server-03,92.87,73.48,13.85,13.57,78.13,51.88,True,cpu_spike
2014-04-02 21:35:00,server-03,91.16,73.39,18.54,20.16,74.09,67.48,True,cpu_spike
2014-04-02 21:40:00,server-03,89.1,80.66,28.62,26.5,72.24,71.74,True,cpu_spike
2014-04-02 22:05:00,server-03,97.77,78.19,22.33,15.64,78.36,43.25,True,cpu_spike
2014-04-02 22:15:00,server-03,93.61,74.85,13.3,22.91,76.39,50.4,True,cpu_spike
2014-04-02 22:40:00,server-03,97.16,79.99,18.88,14.32,79.66,43.37,True,cpu_spike
2014-04-03 00:45:00,server-03,87.16,80.06,19.12,22.69,73.41,59.33,True,cpu_spike
2014-04-03 00:50:00,server-03,97.53,86.74,19.02,15.21,79.57,66.08,True,cpu_spike
2014-04-03 06:05:00,server-03,92.9,80.23,23.41,22.97,77.58,49.68,True,cpu_spike
2014-04-03 06:10:00,server-03,88.83,66.98,19.8,17.44,77.25,72.51,True,cpu_spike
2014-04-03 06:15:00,server-03,91.59,76.64,23.8,26.26,74.67,70.67,True,cpu_spike
2014-04-03 06:40:00,server-03,89.45,66.1,21.15,15.06,73.13,65.23,True,cpu_spike
2014-04-03 06:45:00,server-03,94.73,76.36,16.79,16.08,75.7,67.73,True,cpu_spike
2014-04-03 08:00:00,server-03,85.03,65.57,21.34,28.29,71.27,53.11,True,cpu_spike
2014-04-03 08:05:00,server-03,85.19,64.24,25.82,26.35,70.1,47.45,True,cpu_spike
2014-04-03 08:10:00,server-03,92.8,85.22,29.46,30.03,78.6,74.13,True,cpu_spike
2014-04-03 09:00:00,server-03,94.18,82.06,25.97,29.7,78.22,50.3,True,cpu_spike
2014-04-03 16:45:00,server-03,96.4,87.83,22.4,19.24,78.51,41.12,True,cpu_spike
2014-04-03 17:10:00,server-03,85.35,80.47,26.47,17.85,71.29,63.87,True,cpu_spike
2014-04-03 17:15:00,server-03,92.74,78.5,17.42,14.92,78.82,62.85,True,cpu_spike
2014-04-03 19:05:00,server-03,94.23,84.66,19.36,24.19,75.79,57.12,True,cpu_spike
2014-04-03 20:15:00,server-03,92.42,77.14,32.45,22.79,77.38,43.76,True,cpu_spike
2014-04-03 20:20:00,server-03,89.14,71.82,29.75,22.54,75.78,48.11,True,cpu_spike
2014-04-03 20:25:00,server-03,88.04,81.42,21.15,19.05,73.81,56.93,True,cpu_spike
2014-04-03 21:30:00,server-03,85.39,80.22,18.1,26.77,71.81,62.63,True,cpu_spike
2014-04-03 21:35:00,server-03,97.37,85.68,13.42,21.36,76.14,62.54,True,cpu_spike
2014-04-03 21:55:00,server-03,97.44,79.72,26.78,31.56,79.83,70.05,True,cpu_spike
2014-04-03 23:05:00,server-03,99.02,80.41,28.32,13.77,78.1,67.64,True,cpu_spike
2014-04-03 23:10:00,server-03,85.58,80.86,20.69,21.32,71.13,70.15,True,cpu_spike
2014-04-03 23:15:00,server-03,92.56,71.29,16.31,22.9,77.89,69.45,True,cpu_spike
2014-04-04 00:20:00,server-03,88.4,72.88,29.41,23.2,71.29,46.61,True,cpu_spike
2014-04-04 00:25:00,server-03,92.8,71.04,20.39,17.72,75.94,69.04,True,cpu_spike
2014-04-04 00:30:00,server-03,87.72,69.8,19.16,15.03,71.48,66.8,True,cpu_spike
2014-04-04 06:20:00,server-03,86.67,71.11,14.72,26.28,72.31,66.08,True,cpu_spike
2014-04-04 06:25:00,server-03,93.7,70.46,16.88,16.72,77.47,51.72,True,cpu_spike
2014-04-04 10:50:00,server-03,95.07,71.58,26.07,31.36,76.92,58.72,True,cpu_spike
2014-04-04 11:00:00,server-03,93.22,72.87,15.77,16.22,75.12,40.64,True,cpu_spike
2014-04-04 18:45:00,server-03,96.95,88.42,32.79,24.83,77.06,46.71,True,cpu_spike
2014-04-04 18:50:00,server-03,85.78,65.88,28.28,28.6,72.45,62.57,True,cpu_spike
2014-04-04 18:55:00,server-03,93.95,84.05,23.02,23.12,77.73,69.9,True,cpu_spike
2014-04-04 19:35:00,server-03,91.8,81.47,16.1,23.68,77.65,53.49,True,cpu_spike
2014-04-04 19:45:00,server-03,94.57,89.73,33.09,24.2,78.69,63.77,True,cpu_spike
2014-04-04 20:55:00,server-03,93.38,84.4,28.08,24.33,77.2,73.9,True,cpu_spike
2014-04-04 21:00:00,server-03,86.74,66.08,22.13,14.75,74.15,43.83,True,cpu_spike
2014-04-04 21:05:00,server-03,90.3,84.3,32.66,18.9,73.41,57.27,True,cpu_spike
2014-04-04 21:10:00,server-03,87.99,67.47,18.06,13.27,76.67,55.75,True,cpu_spike
2014-04-04 23:15:00,server-03,93.11,72.95,22.35,18.21,77.2,42.22,True,cpu_spike
2014-04-04 23:20:00,server-03,92.19,74.24,12.98,17.43,75.74,42.95,True,cpu_spike
2014-04-04 23:25:00,server-03,90.48,71.38,26.7,18.77,76.53,47.86,True,cpu_spike
2014-04-05 05:30:00,server-03,97.47,85.9,14.9,22.39,81.07,59.32,True,cpu_spike
2014-04-05 05:40:00,server-03,93.5,80.89,26.67,22.86,76.51,44.93,True,cpu_spike
2014-04-05 16:55:00,server-03,94.14,77.96,18.59,23.24,80.06,56.05,True,cpu_spike
2014-04-05 22:05:00,server-03,85.35,75.95,27.63,16.07,74.85,72.52,True,cpu_spike
2014-04-05 22:10:00,server-03,97.39,83.19,31.34,30.06,80.87,48.24,True,cpu_spike
2014-04-05 23:05:00,server-03,91.75,73.56,28.65,22.56,76.3,49.1,True,cpu_spike
2014-04-05 23:10:00,server-03,89.74,83.8,23.47,20.92,75.54,65.51,True,cpu_spike
2014-04-05 23:15:00,server-03,89.23,80.47,29.5,30.86,76.85,57.88,True,cpu_spike
2014-04-06 00:40:00,server-03,96.38,72.0,32.99,15.56,76.12,65.79,True,cpu_spike
2014-04-06 05:55:00,server-03,95.0,75.8,15.65,14.35,78.84,74.26,True,cpu_spike
2014-04-07 04:05:00,server-03,92.05,74.77,31.96,15.96,78.15,67.53,True,cpu_spike
2014-04-07 04:10:00,server-03,89.33,66.65,25.69,19.01,72.61,49.64,True,cpu_spike
2014-04-07 04:15:00,server-03,91.01,69.03,28.99,30.12,75.61,73.75,True,cpu_spike
2014-04-07 15:50:00,server-03,95.57,86.52,31.29,19.97,80.48,67.07,True,cpu_spike
2014-04-07 17:45:00,server-03,93.13,73.62,31.41,31.97,75.59,69.37,True,cpu_spike
2014-04-07 17:50:00,server-03,87.41,73.05,18.49,20.1,72.2,74.63,True,cpu_spike
2014-04-07 17:55:00,server-03,91.25,81.35,29.32,20.93,78.59,58.9,True,cpu_spike
2014-04-07 19:05:00,server-03,96.16,88.27,25.16,22.16,76.06,42.62,True,cpu_spike
2014-04-07 19:10:00,server-03,86.25,75.43,23.05,29.77,75.69,68.51,True,cpu_spike
2014-04-07 19:15:00,server-03,91.29,70.42,28.73,18.59,78.33,61.34,True,cpu_spike
2014-04-08 17:30:00,server-03,0.1,5.0,17.75,7.14,27.2,46.99,True,thermal_event
2014-04-08 17:35:00,server-03,0.1,5.0,21.98,7.4,32.53,54.55,True,thermal_event
2014-04-08 17:40:00,server-03,0.1,8.11,12.24,5.78,28.2,71.72,True,thermal_event
2014-04-08 17:45:00,server-03,0.1,5.0,3.61,2.91,29.54,47.94,True,thermal_event
2014-04-08 17:50:00,server-03,43.28,42.58,8.69,11.25,50.45,44.94,True,thermal_event
2014-04-08 17:55:00,server-03,90.15,73.99,27.09,16.75,77.38,40.62,True,cpu_spike
2014-04-08 18:00:00,server-03,94.47,90.24,32.25,24.68,78.09,62.86,True,cpu_spike
2014-04-08 18:05:00,server-03,87.6,69.4,19.16,23.8,72.94,53.33,True,cpu_spike
2014-04-08 18:10:00,server-03,28.8,28.67,9.88,17.32,43.99,43.08,True,thermal_event
2014-04-08 18:15:00,server-03,0.1,8.22,11.22,8.96,28.22,42.92,True,thermal_event
2014-04-08 18:20:00,server-03,0.1,5.0,23.34,7.17,31.58,44.75,True,thermal_event
2014-04-08 18:25:00,server-03,0.1,5.0,5.2,7.18,28.9,63.1,True,thermal_event
2014-04-08 18:30:00,server-03,0.13,5.0,18.68,16.65,31.64,59.88,True,thermal_event
2014-04-08 18:35:00,server-03,0.1,5.0,18.38,12.33,32.89,55.96,True,thermal_event
2014-04-08 18:40:00,server-03,0.1,5.0,14.64,19.97,28.11,63.42,True,thermal_event
2014-04-08 18:45:00,server-03,0.1,5.0,13.41,19.61,27.09,55.16,True,thermal_event
2014-04-08 18:50:00,server-03,0.1,5.0,4.03,4.73,31.77,62.42,True,thermal_event
2014-04-08 18:55:00,server-03,0.1,5.0,9.44,1.78,32.93,57.61,True,thermal_event
2014-04-08 19:00:00,server-03,0.1,7.88,2.19,18.98,27.14,54.0,True,thermal_event
2014-04-08 19:05:00,server-03,0.1,9.26,5.26,13.05,30.95,59.99,True,thermal_event
2014-04-08 19:10:00,server-03,0.13,5.0,7.81,17.45,27.82,73.2,True,thermal_event
2014-04-08 19:15:00,server-03,0.23,8.77,16.46,4.82,32.72,45.85,True,thermal_event
2014-04-08 19:20:00,server-03,3.09,5.0,23.45,14.88,33.79,73.15,True,thermal_event
2014-04-08 19:25:00,server-03,0.1,5.0,8.01,6.95,29.38,54.64,True,thermal_event
2014-04-08 19:30:00,server-03,0.13,5.0,16.9,15.59,29.67,63.07,True,thermal_event
2014-04-08 19:35:00,server-03,0.1,8.63,10.97,12.96,29.37,57.98,True,thermal_event
2014-04-08 19:40:00,server-03,0.1,5.84,18.31,1.09,31.2,47.21,True,thermal_event
2014-04-08 19:45:00,server-03,21.3,19.33,5.05,12.69,42.47,65.16,True,thermal_event
2014-04-08 19:50:00,server-03,95.44,87.72,33.83,28.42,74.73,62.43,True,cpu_spike
2014-04-08 19:55:00,server-03,88.13,67.33,21.59,29.36,74.47,42.47,True,cpu_spike
2014-04-08 20:00:00,server-03,92.76,70.73,31.7,18.38,76.62,44.19,True,cpu_spike
2014-04-08 20:05:00,server-03,58.31,58.58,18.9,7.74,62.0,65.87,True,thermal_event
2014-04-08 20:10:00,server-03,0.1,5.0,20.31,11.35,29.01,64.19,True,thermal_event
2014-04-08 20:15:00,server-03,0.1,5.0,11.16,16.56,28.15,45.52,True,thermal_event
2014-04-08 20:20:00,server-03,0.1,5.0,13.54,11.76,27.48,67.25,True,thermal_event
2014-04-08 20:25:00,server-03,0.1,5.0,19.33,11.75,27.47,72.75,True,thermal_event
2014-04-08 20:30:00,server-03,0.13,5.0,16.15,12.79,31.46,73.36,True,thermal_event
2014-04-08 20:35:00,server-03,0.1,8.31,12.39,12.38,30.08,67.89,True,thermal_event
2014-04-08 20:40:00,server-03,0.1,5.0,3.0,11.8,31.93,70.75,True,thermal_event
2014-04-08 20:45:00,server-03,0.1,9.2,7.12,14.98,31.47,68.63,True,thermal_event
2014-04-08 20:50:00,server-03,0.1,5.0,24.09,14.95,27.35,56.41,True,thermal_event
2014-04-08 20:55:00,server-03,0.1,5.0,2.56,17.02,28.46,58.49,True,thermal_event
2014-04-08 21:00:00,server-03,0.13,5.0,20.75,7.89,29.05,70.53,True,thermal_event
2014-04-08 21:05:00,server-03,0.1,5.0,4.24,14.05,27.97,73.34,True,thermal_event
2014-04-08 21:10:00,server-03,0.1,5.0,12.69,3.8,28.28,53.01,True,thermal_event
2014-04-08 21:15:00,server-03,0.1,5.0,14.73,5.23,30.75,52.58,True,thermal_event
2014-04-08 21:20:00,server-03,0.1,5.0,4.43,3.28,31.64,61.7,True,thermal_event
2014-04-08 21:25:00,server-03,0.1,8.47,13.43,15.09,28.51,68.83,True,thermal_event
2014-04-08 21:30:00,server-03,0.13,5.0,12.53,3.99,29.87,74.31,True,thermal_event
2014-04-08 21:35:00,server-03,32.23,22.32,23.67,16.61,43.16,59.3,True,thermal_event
2014-04-08 21:40:00,server-03,92.7,84.2,18.74,15.47,78.21,66.53,True,cpu_spike
2014-04-08 21:45:00,server-03,89.51,72.18,31.23,19.25,75.87,67.87,True,cpu_spike
2014-04-08 21:50:00,server-03,89.21,69.79,20.67,21.73,77.0,45.43,True,cpu_spike
2014-04-08 21:55:00,server-03,42.8,32.57,2.53,11.03,52.46,69.55,True,thermal_event
2014-04-08 22:00:00,server-03,9.6,10.45,16.63,16.38,32.54,57.7,True,thermal_event
2014-04-08 22:05:00,server-03,33.25,35.13,12.1,1.96,46.71,42.2,True,thermal_event
2014-04-08 22:10:00,server-03,92.43,74.0,12.23,13.09,78.75,47.65,True,cpu_spike
2014-04-08 22:15:00,server-03,92.61,70.4,14.75,18.5,77.54,44.07,True,cpu_spike
2014-04-08 22:20:00,server-03,88.97,78.29,34.77,26.31,75.03,48.72,True,cpu_spike
2014-04-08 22:25:00,server-03,39.21,43.24,6.49,12.89,52.6,66.36,True,thermal_event
2014-04-08 22:30:00,server-03,0.1,5.0,8.43,19.23,28.74,48.37,True,thermal_event
2014-04-08 22:35:00,server-03,78.75,73.46,32.09,21.38,69.92,59.96,True,thermal_event
2014-04-08 22:40:00,server-03,83.12,63.49,32.4,31.33,71.68,74.18,True,thermal_event
2014-04-08 22:45:00,server-03,94.47,72.53,26.95,27.48,78.94,43.03,True,cpu_spike
2014-04-08 22:50:00,server-03,79.39,71.16,20.69,17.05,69.15,46.26,True,thermal_event
2014-04-08 22:55:00,server-03,13.37,11.89,21.11,10.87,35.67,70.24,True,thermal_event
2014-04-08 23:00:00,server-03,16.47,12.55,23.72,13.44,36.03,57.71,True,thermal_event
2014-04-08 23:05:00,server-03,98.22,91.49,16.5,13.27,78.03,64.92,True,cpu_spike
2014-04-08 23:10:00,server-03,84.43,71.28,18.77,13.72,74.78,46.13,True,thermal_event
2014-04-08 23:15:00,server-03,93.17,74.55,31.62,19.36,77.9,44.5,True,cpu_spike
2014-04-08 23:20:00,server-03,67.72,51.77,23.42,16.13,62.96,68.09,True,thermal_event
2014-04-08 23:25:00,server-03,0.1,5.0,7.39,10.37,31.84,54.4,True,thermal_event
2014-04-08 23:30:00,server-03,0.1,5.0,20.11,6.28,31.99,49.61,True,thermal_event
2014-04-08 23:35:00,server-03,0.1,5.0,13.01,16.64,32.51,42.05,True,thermal_event
2014-04-08 23:40:00,server-03,0.1,7.83,22.74,15.74,32.04,62.71,True,thermal_event
2014-04-08 23:45:00,server-03,0.13,7.29,23.62,10.91,32.21,70.17,True,thermal_event
2014-04-08 23:50:00,server-03,0.13,5.0,17.76,16.94,30.22,72.05,True,thermal_event
2014-04-08 23:55:00,server-03,0.1,5.0,21.01,2.01,27.32,46.7,True,thermal_event
2014-04-09 00:00:00,server-03,0.1,5.0,19.15,5.75,31.76,74.01,True,thermal_event
2014-04-09 00:05:00,server-03,0.1,5.0,13.72,10.69,31.76,73.66,True,thermal_event
2014-04-09 00:10:00,server-03,0.1,5.0,14.37,17.13,29.07,47.97,True,thermal_event
2014-04-09 00:15:00,server-03,0.1,5.0,3.88,10.41,27.34,55.85,True,thermal_event
2014-04-09 00:20:00,server-03,0.07,5.0,11.13,12.08,32.41,59.42,True,thermal_event
2014-04-09 00:25:00,server-03,0.1,5.52,8.32,9.9,31.79,73.54,True,thermal_event
2014-04-09 00:30:00,server-03,0.1,5.0,14.54,17.22,32.78,48.03,True,thermal_event
2014-04-09 00:35:00,server-03,0.1,5.03,13.47,18.07,29.14,43.11,True,thermal_event
2014-04-09 00:40:00,server-03,0.1,5.0,16.91,15.49,29.9,74.7,True,thermal_event
2014-04-09 00:45:00,server-03,0.1,5.0,24.77,11.54,30.15,72.96,True,thermal_event
2014-04-09 00:50:00,server-03,0.07,5.0,6.96,14.38,32.06,46.04,True,thermal_event
2014-04-09 00:55:00,server-03,0.1,6.71,16.47,17.26,28.86,48.19,True,thermal_event
2014-04-09 01:00:00,server-03,0.1,5.0,8.3,6.62,29.84,61.94,True,thermal_event
2014-04-09 01:05:00,server-03,0.1,5.0,8.82,16.13,28.38,60.29,True,thermal_event
2014-04-09 01:10:00,server-03,0.1,5.0,21.24,1.3,27.6,55.81,True,thermal_event
2014-04-09 01:15:00,server-03,31.26,21.09,14.1,14.88,44.29,40.25,True,thermal_event
2014-04-09 01:20:00,server-03,98.43,75.45,17.94,24.75,76.74,62.04,True,cpu_spike
2014-04-09 01:25:00,server-03,87.54,72.19,16.93,21.42,73.11,56.68,True,cpu_spike
2014-04-09 01:30:00,server-03,82.25,67.67,20.9,30.67,72.47,59.47,True,thermal_event
2014-04-09 01:35:00,server-03,99.51,90.5,18.16,20.86,79.98,71.91,True,cpu_spike
2014-04-09 01:40:00,server-03,89.07,84.34,30.31,31.5,74.67,44.43,True,cpu_spike
2014-04-09 01:45:00,server-03,68.3,64.72,9.12,10.94,61.58,43.7,True,thermal_event
2014-04-09 01:50:00,server-03,0.1,5.0,10.95,8.47,31.73,48.9,True,thermal_event
2014-04-09 01:55:00,server-03,0.1,5.0,7.89,7.2,32.15,50.82,True,thermal_event
2014-04-09 02:00:00,server-03,0.1,5.9,19.39,4.25,31.73,54.35,True,thermal_event
2014-04-09 02:05:00,server-03,30.85,19.27,6.51,19.34,46.67,60.4,True,thermal_event
2014-04-09 02:10:00,server-03,98.02,92.69,21.39,31.06,79.52,72.25,True,cpu_spike
2014-04-09 02:15:00,server-03,84.75,76.05,33.9,22.06,74.56,42.39,True,thermal_event
2014-04-09 02:20:00,server-03,80.11,59.21,26.35,14.19,71.87,54.82,True,thermal_event
2014-04-09 02:25:00,server-03,99.44,79.38,30.95,30.51,79.35,43.5,True,cpu_spike
2014-04-09 02:30:00,server-03,88.3,76.15,24.55,19.9,72.44,52.1,True,cpu_spike
2014-04-09 02:35:00,server-03,67.6,65.91,23.63,14.81,64.73,68.23,True,thermal_event
2014-04-09 02:40:00,server-03,0.13,7.4,9.01,1.75,29.26,55.98,True,thermal_event
2014-04-09 02:45:00,server-03,0.1,6.72,21.02,16.28,28.95,73.65,True,thermal_event
2014-04-09 02:50:00,server-03,0.1,5.0,10.83,18.23,31.13,51.04,True,thermal_event
2014-04-09 02:55:00,server-03,0.1,5.0,10.96,9.69,31.69,73.06,True,thermal_event
2014-04-09 03:00:00,server-03,58.66,42.67,24.34,16.62,61.96,40.63,True,thermal_event
2014-04-09 03:05:00,server-03,98.29,87.4,24.01,25.49,79.9,66.88,True,cpu_spike
2014-04-09 03:10:00,server-03,75.92,62.99,16.41,19.98,68.75,68.29,True,thermal_event
2014-04-09 03:15:00,server-03,91.9,71.76,30.49,29.8,77.28,51.87,True,cpu_spike
2014-04-09 03:20:00,server-03,99.67,81.71,19.94,21.0,81.1,72.05,True,cpu_spike
2014-04-09 03:25:00,server-03,84.57,68.83,34.72,17.52,74.23,67.93,True,thermal_event
2014-04-09 03:30:00,server-03,41.52,26.24,13.81,5.9,50.86,42.3,True,thermal_event
2014-04-09 03:35:00,server-03,0.1,5.0,11.92,15.44,30.15,73.47,True,thermal_event
2014-04-09 03:40:00,server-03,0.1,5.0,19.29,16.56,32.77,45.64,True,thermal_event
2014-04-09 03:45:00,server-03,0.1,5.0,15.87,13.64,29.29,44.58,True,thermal_event
2014-04-09 03:50:00,server-03,0.07,5.0,21.96,14.13,31.31,47.66,True,thermal_event
2014-04-09 03:55:00,server-03,68.86,52.88,15.41,11.74,64.82,49.82,True,thermal_event
2014-04-09 04:00:00,server-03,93.75,85.96,13.09,22.31,76.4,59.4,True,cpu_spike
2014-04-09 04:05:00,server-03,79.19,70.44,31.18,30.48,70.57,40.56,True,thermal_event
2014-04-09 04:10:00,server-03,95.53,77.98,32.51,13.81,76.76,40.01,True,cpu_spike
2014-04-09 04:15:00,server-03,96.93,82.16,31.18,21.55,79.5,68.59,True,cpu_spike
2014-04-09 04:20:00,server-03,80.48,70.62,25.75,24.6,68.1,72.1,True,thermal_event
2014-04-09 04:25:00,server-03,20.82,13.12,18.92,11.71,38.57,61.16,True,thermal_event
2014-04-09 04:30:00,server-03,0.1,5.0,3.56,12.3,27.72,66.78,True,thermal_event
2014-04-09 04:35:00,server-03,0.1,5.0,19.67,8.98,31.58,46.57,True,thermal_event
2014-04-09 04:40:00,server-03,0.1,9.06,5.06,12.15,27.53,64.52,True,thermal_event
2014-04-09 04:45:00,server-03,0.1,9.42,10.94,9.46,32.36,55.94,True,thermal_event
2014-04-09 04:50:00,server-03,0.1,5.0,18.32,7.05,31.35,63.84,True,thermal_event
2014-04-09 04:55:00,server-03,0.07,5.83,18.25,18.73,31.17,61.8,True,thermal_event
2014-04-09 05:00:00,server-03,0.1,5.0,10.22,6.17,30.73,72.38,True,thermal_event
2014-04-09 05:05:00,server-03,0.1,5.0,14.52,2.67,27.63,44.84,True,thermal_event
2014-04-09 05:10:00,server-03,0.07,5.0,9.54,4.11,31.97,41.24,True,thermal_event
2014-04-09 05:15:00,server-03,0.1,9.57,2.88,11.13,29.08,51.83,True,thermal_event
2014-04-09 05:20:00,server-03,0.07,5.0,9.41,4.1,31.97,42.81,True,thermal_event
2014-04-09 05:25:00,server-03,0.1,5.0,19.08,16.17,31.38,58.78,True,thermal_event
2014-04-09 05:30:00,server-03,0.1,5.0,17.16,18.38,32.82,65.05,True,thermal_event
2014-04-09 05:35:00,server-03,0.07,7.8,21.87,2.93,27.71,60.19,True,thermal_event
2014-04-09 05:40:00,server-03,0.1,8.5,14.09,2.18,32.08,42.82,True,thermal_event
2014-04-09 05:45:00,server-03,0.07,5.0,22.14,1.42,32.05,68.54,True,thermal_event
2014-04-09 05:50:00,server-03,0.1,5.0,20.16,17.31,32.96,66.15,True,thermal_event
2014-04-09 05:55:00,server-03,0.07,5.0,14.55,15.52,32.42,40.58,True,thermal_event
2014-04-09 06:00:00,server-03,0.1,5.0,10.98,6.93,31.17,46.86,True,thermal_event
2014-04-09 06:05:00,server-03,0.1,5.14,10.23,9.36,28.34,63.21,True,thermal_event
2014-04-09 06:10:00,server-03,0.07,5.0,13.08,5.32,31.0,40.4,True,thermal_event
2014-04-09 06:15:00,server-03,0.1,5.0,9.03,15.75,30.98,49.92,True,thermal_event
2014-04-09 06:20:00,server-03,0.07,5.0,22.77,19.32,27.41,66.16,True,thermal_event
2014-04-09 06:25:00,server-03,0.1,5.0,24.66,17.44,28.83,61.05,True,thermal_event
2014-04-09 06:30:00,server-03,0.1,5.0,14.93,2.93,31.36,46.59,True,thermal_event
2014-04-09 06:35:00,server-03,0.07,8.7,19.98,9.97,30.47,42.66,True,thermal_event
2014-04-09 06:40:00,server-03,0.1,5.0,22.02,11.85,32.88,62.82,True,thermal_event
2014-04-09 06:45:00,server-03,0.07,6.03,21.4,10.52,32.59,49.76,True,thermal_event
2014-04-09 06:50:00,server-03,0.1,5.0,12.26,2.29,30.5,44.13,True,thermal_event
2014-04-09 06:55:00,server-03,0.1,6.88,19.3,5.09,29.47,73.93,True,thermal_event
2014-04-09 07:00:00,server-03,0.07,5.0,9.33,14.17,27.37,74.84,True,thermal_event
2014-04-09 07:05:00,server-03,0.1,5.0,16.39,1.64,29.13,66.53,True,thermal_event
2014-04-09 07:10:00,server-03,0.1,5.0,21.8,19.5,27.19,68.15,True,thermal_event
2014-04-09 07:15:00,server-03,0.07,5.0,19.6,6.66,29.59,69.5,True,thermal_event
2014-04-09 07:20:00,server-03,0.1,5.0,19.67,13.92,32.5,65.45,True,thermal_event
2014-04-09 07:25:00,server-03,0.07,5.0,22.61,10.44,31.85,71.68,True,thermal_event
2014-04-09 07:30:00,server-03,0.1,5.0,6.31,4.11,30.3,46.26,True,thermal_event
2014-04-09 07:35:00,server-03,0.1,5.0,23.18,5.03,28.97,56.08,True,thermal_event
2014-04-09 07:40:00,server-03,0.07,5.0,4.7,5.31,29.39,65.93,True,thermal_event
2014-04-09 07:45:00,server-03,0.1,5.0,24.23,13.64,31.08,47.58,True,thermal_event
2014-04-09 07:50:00,server-03,0.07,9.67,22.49,6.31,28.19,67.16,True,thermal_event
2014-04-09 07:55:00,server-03,0.1,8.56,7.23,9.84,32.55,54.72,True,thermal_event
2014-04-09 08:00:00,server-03,0.1,8.8,12.94,18.56,29.38,59.09,True,thermal_event
2014-04-09 08:05:00,server-03,0.07,5.0,6.7,4.54,31.61,57.69,True,thermal_event
2014-04-09 08:10:00,server-03,0.1,5.0,5.59,13.34,30.1,59.26,True,thermal_event
2014-04-09 08:15:00,server-03,0.07,5.0,2.81,10.25,32.24,72.74,True,thermal_event
2014-04-09 08:20:00,server-03,0.1,5.0,12.06,7.55,31.55,59.22,True,thermal_event
2014-04-09 08:25:00,server-03,0.1,5.0,11.07,6.69,31.22,46.28,True,thermal_event
2014-04-09 08:30:00,server-03,0.07,5.0,5.16,11.79,30.26,44.46,True,thermal_event
2014-04-09 08:35:00,server-03,0.1,9.14,17.01,13.7,27.6,52.11,True,thermal_event
2014-04-09 08:40:00,server-03,0.07,9.56,6.22,10.91,28.28,43.78,True,thermal_event
2014-04-09 08:45:00,server-03,0.1,5.0,14.67,10.13,28.61,61.95,True,thermal_event
2014-04-09 08:50:00,server-03,0.1,5.0,8.3,11.64,29.96,50.52,True,thermal_event
2014-04-09 08:55:00,server-03,0.07,5.0,23.64,15.77,30.99,42.71,True,thermal_event
2014-04-09 09:00:00,server-03,0.1,5.0,24.29,1.35,30.27,69.84,True,thermal_event
2014-04-09 09:05:00,server-03,0.07,5.0,24.95,19.13,29.95,59.9,True,thermal_event
2014-04-09 09:10:00,server-03,0.1,5.0,11.62,2.04,30.29,67.81,True,thermal_event
2014-04-09 09:15:00,server-03,0.1,5.0,17.41,9.32,28.75,72.18,True,thermal_event
2014-04-09 09:20:00,server-03,0.07,5.0,23.89,7.28,31.02,69.45,True,thermal_event
2014-04-09 09:25:00,server-03,0.1,5.0,12.83,19.39,27.92,42.44,True,thermal_event
2014-04-09 09:30:00,server-03,0.1,5.0,6.81,15.66,30.24,54.16,True,thermal_event
2014-04-09 09:35:00,server-03,0.23,5.0,9.31,3.15,27.91,50.26,True,thermal_event
2014-04-09 09:40:00,server-03,0.3,5.0,3.65,17.31,27.9,61.55,True,thermal_event
2014-04-09 09:45:00,server-03,0.6,5.0,16.76,10.2,31.79,65.62,True,thermal_event
2014-04-09 09:50:00,server-03,0.66,6.32,17.2,9.12,32.86,48.87,True,thermal_event
2014-04-09 09:55:00,server-03,0.87,6.4,21.28,16.35,28.05,40.49,True,thermal_event
2014-04-09 10:00:00,server-03,1.34,5.0,19.62,7.65,30.16,41.29,True,thermal_event
2014-04-09 10:05:00,server-03,0.94,5.0,24.9,16.48,31.62,45.77,True,thermal_event
2014-04-09 10:10:00,server-03,26.66,15.33,10.92,2.48,46.3,73.49,True,thermal_event
2014-04-09 10:15:00,server-03,34.87,32.8,10.6,3.93,48.85,52.65,True,thermal_event
2014-04-09 10:20:00,server-03,11.73,15.85,13.19,9.59,38.47,72.19,True,thermal_event
2014-04-09 10:25:00,server-03,0.07,5.0,4.64,11.32,32.68,46.3,True,thermal_event
2014-04-09 10:30:00,server-03,0.1,5.0,20.36,9.8,28.34,42.83,True,thermal_event
2014-04-09 10:35:00,server-03,0.1,5.02,3.15,3.72,30.65,41.8,True,thermal_event
2014-04-09 10:40:00,server-03,0.07,5.0,18.56,19.53,32.88,51.03,True,thermal_event
2014-04-09 10:45:00,server-03,0.1,5.0,21.63,7.84,28.53,64.03,True,thermal_event
2014-04-09 10:50:00,server-03,0.1,5.0,6.98,11.65,30.69,46.59,True,thermal_event
2014-04-09 10:55:00,server-03,0.2,5.0,24.87,14.42,31.85,62.21,True,thermal_event
2014-04-09 11:00:00,server-03,0.93,5.32,11.57,12.02,29.04,58.11,True,thermal_event
2014-04-09 11:05:00,server-03,2.03,5.0,10.24,10.75,29.65,61.01,True,thermal_event
2014-04-09 11:10:00,server-03,0.1,5.0,20.7,10.45,32.93,55.86,True,thermal_event
2014-04-09 11:15:00,server-03,13.3,8.0,9.26,6.18,34.5,43.75,True,thermal_event
2014-04-09 11:20:00,server-03,23.01,22.06,16.9,9.86,40.06,50.46,True,thermal_event
2014-04-09 11:25:00,server-03,0.07,5.0,21.53,10.98,30.28,61.51,True,thermal_event
2014-04-09 11:30:00,server-03,19.2,14.3,2.67,2.16,41.48,60.08,True,thermal_event
2014-04-09 11:35:00,server-03,40.83,25.8,12.75,4.77,49.91,72.27,True,thermal_event
2014-04-09 11:40:00,server-03,17.23,24.34,11.79,8.7,38.63,58.62,True,thermal_event
2014-04-09 11:45:00,server-03,32.1,20.83,15.02,11.51,44.65,66.57,True,thermal_event
2014-04-09 11:50:00,server-03,0.1,5.0,10.94,19.22,27.9,58.55,True,thermal_event
2014-04-09 11:55:00,server-03,0.07,8.63,8.44,3.66,30.51,46.05,True,thermal_event
2014-04-09 12:00:00,server-03,0.1,5.0,9.03,5.67,27.32,58.05,True,thermal_event
2014-04-09 12:05:00,server-03,0.1,5.0,17.76,3.72,32.8,42.59,True,thermal_event
2014-04-09 12:10:00,server-03,0.1,5.0,17.08,19.77,30.1,42.74,True,thermal_event
2014-04-09 12:15:00,server-03,0.07,5.0,10.82,6.3,32.08,65.03,True,thermal_event
2014-04-09 12:20:00,server-03,0.1,5.0,17.39,4.14,27.1,66.82,True,thermal_event
2014-04-09 12:25:00,server-03,0.1,5.0,21.77,9.59,27.51,41.89,True,thermal_event
2014-04-09 12:30:00,server-03,0.07,9.34,3.06,4.34,29.62,56.65,True,thermal_event
2014-04-09 12:35:00,server-03,0.1,5.0,8.6,17.57,28.77,45.63,True,thermal_event
2014-04-09 12:40:00,server-03,0.07,5.0,12.76,5.88,29.57,74.88,True,thermal_event
2014-04-09 12:45:00,server-03,0.1,6.42,7.04,15.75,32.98,44.91,True,thermal_event
2014-04-09 12:50:00,server-03,0.1,5.0,24.64,11.35,29.17,49.01,True,thermal_event
2014-04-09 12:55:00,server-03,0.1,7.87,12.27,9.26,28.47,66.14,True,thermal_event
2014-04-09 13:00:00,server-03,0.1,5.0,14.6,11.22,29.59,66.03,True,thermal_event
2014-04-09 13:05:00,server-03,0.1,5.0,19.53,12.45,30.32,44.85,True,thermal_event
2014-04-09 13:10:00,server-03,0.1,5.0,6.74,18.32,32.33,45.22,True,thermal_event
2014-04-09 13:15:00,server-03,0.1,5.0,23.91,7.95,30.73,46.84,True,thermal_event
2014-04-09 13:20:00,server-03,0.1,5.0,16.19,14.1,30.31,49.35,True,thermal_event
2014-04-09 13:25:00,server-03,0.07,5.0,4.93,15.74,27.16,54.44,True,thermal_event
2014-04-09 13:30:00,server-03,0.1,6.72,22.77,9.69,31.27,65.57,True,thermal_event
2014-04-09 13:35:00,server-03,0.1,5.0,18.55,16.53,32.1,48.88,True,thermal_event
2014-04-09 13:40:00,server-03,0.1,5.0,18.4,7.53,32.75,51.41,True,thermal_event
2014-04-09 13:45:00,server-03,0.1,5.0,15.86,9.32,32.09,53.09,True,thermal_event
2014-04-09 13:50:00,server-03,0.07,6.07,19.36,19.9,32.04,47.38,True,thermal_event
2014-04-09 13:55:00,server-03,0.1,5.0,17.5,3.48,31.88,51.11,True,thermal_event
2014-04-09 14:00:00,server-03,0.1,5.0,18.68,9.16,32.73,73.82,True,thermal_event
2014-04-09 14:05:00,server-03,0.1,5.0,14.15,8.05,27.65,40.44,True,thermal_event
2014-04-09 14:10:00,server-03,0.1,5.0,15.17,4.66,31.13,57.62,True,thermal_event
2014-04-09 14:15:00,server-03,0.07,5.0,12.95,8.18,31.2,56.57,True,thermal_event
2014-04-09 14:20:00,server-03,0.1,5.0,2.79,4.56,30.68,53.61,True,thermal_event
2014-04-09 14:25:00,server-03,0.1,5.0,6.24,15.17,30.35,55.36,True,thermal_event
2014-04-09 14:30:00,server-03,0.1,9.17,5.73,17.23,30.33,57.1,True,thermal_event
2014-04-09 14:35:00,server-03,0.1,5.0,12.0,8.87,31.71,62.31,True,thermal_event
2014-04-09 14:40:00,server-03,0.07,5.0,15.09,10.38,30.78,50.95,True,thermal_event
2014-04-09 14:45:00,server-03,0.1,5.0,18.34,1.05,30.83,59.71,True,thermal_event
2014-04-09 14:50:00,server-03,0.1,5.0,11.31,12.98,31.52,74.83,True,thermal_event
2014-04-09 14:55:00,server-03,0.1,5.0,7.51,8.87,29.05,40.93,True,thermal_event
2014-04-09 15:00:00,server-03,0.1,5.0,3.68,2.47,32.65,57.81,True,thermal_event
2014-04-09 15:05:00,server-03,0.1,5.0,2.12,1.84,30.28,44.9,True,thermal_event
2014-04-09 15:10:00,server-03,0.07,5.0,4.94,2.05,31.53,41.49,True,thermal_event
2014-04-09 15:15:00,server-03,0.1,5.0,15.49,11.94,32.97,41.73,True,thermal_event
2014-04-09 15:20:00,server-03,0.1,5.0,15.14,1.58,27.48,55.64,True,thermal_event
2014-04-09 15:25:00,server-03,0.1,5.0,21.22,1.29,29.87,58.78,True,thermal_event
2014-04-09 15:30:00,server-03,0.1,5.0,8.06,9.85,30.44,65.24,True,thermal_event
2014-04-09 15:35:00,server-03,0.1,5.0,19.69,18.19,27.31,53.73,True,thermal_event
2014-04-09 15:40:00,server-03,0.1,5.0,9.46,14.99,30.83,57.59,True,thermal_event
2014-04-09 15:45:00,server-03,0.07,5.0,12.63,9.16,29.82,72.19,True,thermal_event
2014-04-09 15:50:00,server-03,0.1,6.67,4.79,1.38,29.14,45.38,True,thermal_event
2014-04-09 15:55:00,server-03,0.1,5.0,9.02,17.54,31.98,73.32,True,thermal_event
2014-04-09 16:00:00,server-03,0.1,6.79,4.91,9.8,27.42,64.18,True,thermal_event
2014-04-09 16:05:00,server-03,0.1,8.24,17.46,3.94,32.54,63.14,True,thermal_event
2014-04-09 16:10:00,server-03,0.1,5.0,23.71,12.56,31.65,66.01,True,thermal_event
2014-04-09 16:15:00,server-03,0.07,5.0,11.92,6.7,29.31,53.88,True,thermal_event
2014-04-09 16:20:00,server-03,0.1,5.0,16.62,13.54,29.52,69.99,True,thermal_event
2014-04-09 16:25:00,server-03,0.1,5.0,4.76,4.15,27.1,40.18,True,thermal_event
2014-04-09 16:30:00,server-03,16.57,18.03,22.79,1.26,36.55,72.93,True,thermal_event
2014-04-09 16:35:00,server-03,97.23,82.85,22.2,16.64,78.55,43.42,True,cpu_spike
2014-04-09 16:40:00,server-03,84.34,77.92,29.43,17.56,70.31,46.32,True,thermal_event
2014-04-09 16:45:00,server-03,82.86,73.69,19.48,26.75,71.69,47.81,True,thermal_event
2014-04-09 16:50:00,server-03,99.7,92.82,23.06,27.83,80.71,44.95,True,cpu_spike
2014-04-09 16:55:00,server-03,87.32,69.59,34.92,26.69,70.93,51.98,True,cpu_spike
2014-04-09 17:00:00,server-03,66.31,53.75,4.73,10.38,63.39,54.75,True,thermal_event
2014-04-09 17:05:00,server-03,3.18,6.67,20.74,2.49,28.89,40.66,True,thermal_event
2014-04-09 17:10:00,server-03,0.1,9.83,10.08,2.64,30.23,53.34,True,thermal_event
2014-04-09 17:15:00,server-03,0.1,5.0,16.81,6.09,28.48,47.53,True,thermal_event
2014-04-09 17:20:00,server-03,0.1,5.0,23.96,19.18,30.52,49.98,True,thermal_event
2014-04-09 17:25:00,server-03,0.1,5.0,4.95,19.44,29.38,72.16,True,thermal_event
2014-04-09 17:30:00,server-03,0.07,9.46,7.18,19.22,29.12,52.28,True,thermal_event
2014-04-09 17:35:00,server-03,0.1,5.0,14.09,13.32,29.27,67.03,True,thermal_event
2014-04-09 17:40:00,server-03,0.1,5.0,12.6,2.87,27.71,72.51,True,thermal_event
2014-04-09 17:45:00,server-03,0.1,5.0,7.14,14.77,28.21,41.9,True,thermal_event
2014-04-09 17:50:00,server-03,0.1,5.0,19.07,6.34,30.26,62.34,True,thermal_event
2014-04-09 17:55:00,server-03,0.1,5.0,2.38,13.68,27.57,57.73,True,thermal_event
2014-04-09 18:00:00,server-03,0.1,5.0,18.44,18.21,27.7,72.93,True,thermal_event
2014-04-09 18:05:00,server-03,0.1,9.11,6.07,5.29,31.49,74.68,True,thermal_event
2014-04-09 18:10:00,server-03,0.1,7.32,12.43,2.25,32.81,73.65,True,thermal_event
2014-04-09 18:15:00,server-03,0.1,5.0,7.74,16.98,27.28,41.65,True,thermal_event
2014-04-09 18:20:00,server-03,0.1,5.0,10.31,8.63,31.79,68.92,True,thermal_event
2014-04-09 18:25:00,server-03,0.07,5.0,13.19,4.49,27.51,41.33,True,thermal_event
2014-04-09 18:30:00,server-03,0.1,5.0,5.58,8.37,29.93,50.97,True,thermal_event
2014-04-09 18:35:00,server-03,0.1,5.0,21.53,18.56,31.27,66.23,True,thermal_event
2014-04-09 18:40:00,server-03,0.1,5.0,11.99,1.42,29.65,68.73,True,thermal_event
2014-04-09 18:45:00,server-03,0.1,5.0,2.25,19.42,32.23,43.51,True,thermal_event
2014-04-09 18:50:00,server-03,0.1,5.0,20.86,17.34,30.51,70.22,True,thermal_event
2014-04-09 18:55:00,server-03,0.07,5.0,18.24,19.75,29.62,47.68,True,thermal_event
2014-04-09 19:00:00,server-03,0.1,5.0,14.93,5.51,28.98,74.6,True,thermal_event
2014-04-09 19:05:00,server-03,0.1,9.24,17.89,4.77,30.52,74.37,True,thermal_event
2014-04-09 19:10:00,server-03,0.1,5.0,5.1,12.96,30.52,58.06,True,thermal_event
2014-04-09 19:15:00,server-03,0.1,5.0,11.3,13.53,29.42,55.12,True,thermal_event
2014-04-09 19:20:00,server-03,0.07,5.0,7.76,7.03,30.58,53.37,True,thermal_event
2014-04-09 19:25:00,server-03,0.1,5.0,8.43,14.0,29.55,68.96,True,thermal_event
2014-04-09 19:30:00,server-03,0.1,5.0,15.06,15.44,29.08,52.01,True,thermal_event
2014-04-09 19:35:00,server-03,0.1,5.0,19.8,2.03,32.05,58.71,True,thermal_event
2014-04-09 19:40:00,server-03,0.1,5.63,17.27,14.45,29.26,61.92,True,thermal_event
2014-04-09 19:45:00,server-03,0.1,5.0,23.94,5.83,27.63,69.99,True,thermal_event
2014-04-09 19:50:00,server-03,0.1,6.94,2.9,10.84,28.79,59.51,True,thermal_event
2014-04-09 19:55:00,server-03,0.1,7.96,14.57,18.5,32.05,71.61,True,thermal_event
2014-04-09 20:00:00,server-03,0.07,8.77,12.14,19.78,32.11,68.35,True,thermal_event
2014-04-09 20:05:00,server-03,0.1,5.0,12.18,15.88,30.03,69.24,True,thermal_event
2014-04-09 20:10:00,server-03,0.1,8.88,16.41,4.57,30.06,72.86,True,thermal_event
2014-04-09 20:15:00,server-03,0.1,5.0,4.05,13.58,32.9,55.82,True,thermal_event
2014-04-09 20:20:00,server-03,0.1,5.0,4.16,1.13,28.1,73.75,True,thermal_event
2014-04-09 20:25:00,server-03,0.1,5.0,13.3,5.16,28.92,55.93,True,thermal_event
2014-04-09 20:30:00,server-03,0.1,5.0,24.87,3.0,27.45,49.52,True,thermal_event
2014-04-09 20:35:00,server-03,0.07,5.0,14.15,1.34,31.54,70.68,True,thermal_event
2014-04-09 20:40:00,server-03,0.1,6.76,4.08,5.54,31.17,45.9,True,thermal_event
2014-04-09 20:45:00,server-03,89.96,78.24,14.7,28.67,73.51,40.28,True,cpu_spike
2014-04-09 20:50:00,server-03,92.3,73.4,14.15,28.6,77.87,62.49,True,cpu_spike
2014-04-09 20:55:00,server-03,76.97,68.15,15.72,19.75,70.67,70.79,True,thermal_event
2014-04-09 21:00:00,server-03,99.47,84.39,25.35,21.86,77.62,50.1,True,cpu_spike
2014-04-09 21:05:00,server-03,89.87,85.4,26.84,26.5,73.87,42.64,True,cpu_spike
2014-04-09 21:10:00,server-03,75.75,72.78,28.82,27.09,67.43,60.07,True,thermal_event
2014-04-09 21:15:00,server-03,14.17,14.75,4.27,18.17,38.55,46.86,True,thermal_event
2014-04-09 21:20:00,server-03,0.1,5.0,22.98,18.94,29.71,57.06,True,thermal_event
2014-04-09 21:25:00,server-03,0.1,9.34,3.02,19.96,27.68,58.04,True,thermal_event
2014-04-09 21:30:00,server-03,0.1,5.0,19.07,14.06,31.24,61.31,True,thermal_event
2014-04-09 21:35:00,server-03,68.85,53.01,2.34,10.71,67.08,71.08,True,thermal_event
2014-04-09 21:40:00,server-03,98.5,82.17,31.38,20.14,79.65,58.71,True,cpu_spike
2014-04-09 21:45:00,server-03,74.73,64.39,30.48,24.03,64.79,53.19,True,thermal_event
2014-04-09 21:50:00,server-03,93.6,71.92,21.46,24.72,78.18,60.09,True,cpu_spike
2014-04-09 21:55:00,server-03,99.8,89.17,25.03,16.0,79.65,55.86,True,cpu_spike
2014-04-09 22:00:00,server-03,80.38,74.56,12.62,28.93,69.73,67.47,True,thermal_event
2014-04-09 22:05:00,server-03,67.0,62.78,10.17,18.48,66.06,65.67,True,thermal_event
2014-04-09 22:10:00,server-03,72.24,60.25,20.54,24.35,68.84,61.02,True,thermal_event
2014-04-09 22:15:00,server-03,8.7,7.04,22.92,10.32,35.5,67.73,True,thermal_event
2014-04-09 22:20:00,server-03,0.1,8.14,16.41,1.3,28.96,65.63,True,thermal_event
2014-04-09 22:25:00,server-03,0.07,5.0,11.46,3.53,28.52,56.62,True,thermal_event
2014-04-09 22:30:00,server-03,10.98,5.0,21.27,5.26,35.3,49.89,True,thermal_event
2014-04-09 22:35:00,server-03,97.1,76.05,14.15,25.62,78.54,57.5,True,cpu_spike
2014-04-09 22:40:00,server-03,86.83,72.74,30.77,21.53,74.29,59.06,True,cpu_spike
2014-04-09 22:45:00,server-03,84.59,69.95,33.61,17.97,73.76,66.43,True,thermal_event
2014-04-09 22:50:00,server-03,94.4,90.14,15.57,31.49,79.84,44.74,True,cpu_spike
2014-04-09 22:55:00,server-03,77.17,62.24,17.72,13.06,70.37,63.82,True,thermal_event
2014-04-09 23:00:00,server-03,89.23,76.0,25.43,28.18,76.94,74.41,True,cpu_spike
2014-04-09 23:05:00,server-03,83.39,79.73,34.61,27.74,72.23,68.59,True,thermal_event
2014-04-09 23:10:00,server-03,42.99,42.88,9.67,15.28,50.88,66.48,True,thermal_event
2014-04-09 23:15:00,server-03,0.1,5.0,3.27,10.93,31.94,41.12,True,thermal_event
2014-04-09 23:20:00,server-03,0.07,5.0,15.76,12.06,31.2,61.04,True,thermal_event
2014-04-09 23:25:00,server-03,0.1,5.0,18.71,8.93,31.02,42.91,True,thermal_event
2014-04-09 23:30:00,server-03,0.1,5.0,19.04,5.27,30.8,59.7,True,thermal_event
2014-04-09 23:35:00,server-03,0.07,5.0,13.32,17.97,30.86,74.01,True,thermal_event
2014-04-09 23:40:00,server-03,0.1,5.0,8.56,15.11,27.72,55.39,True,thermal_event
2014-04-09 23:45:00,server-03,0.1,5.0,19.74,6.57,28.95,60.5,True,thermal_event
2014-04-09 23:50:00,server-03,0.07,5.0,7.51,4.84,31.76,65.35,True,thermal_event
2014-04-09 23:55:00,server-03,0.1,5.0,3.08,12.72,32.65,62.09,True,thermal_event
2014-04-10 00:00:00,server-03,0.1,9.36,19.93,15.68,28.12,40.38,True,thermal_event
2014-04-10 00:05:00,server-03,0.07,5.0,15.96,4.12,27.37,71.16,True,thermal_event
2014-04-10 00:10:00,server-03,0.1,5.0,7.67,17.1,32.17,54.83,True,thermal_event
2014-04-10 00:15:00,server-03,0.1,5.0,3.42,13.86,30.12,44.16,True,thermal_event
2014-04-10 00:20:00,server-03,0.07,5.0,4.56,6.09,30.69,68.07,True,thermal_event
2014-04-10 00:25:00,server-03,0.1,5.0,5.65,17.92,27.52,58.05,True,thermal_event
2014-04-10 00:30:00,server-03,0.1,9.63,15.99,18.74,27.95,42.76,True,thermal_event
2014-04-10 00:35:00,server-03,0.07,5.0,4.41,11.55,27.23,41.22,True,thermal_event
2014-04-10 00:40:00,server-03,0.1,7.45,23.13,8.31,30.85,56.58,True,thermal_event
2014-04-10 00:45:00,server-03,0.1,5.0,8.79,18.83,31.29,71.9,True,thermal_event
2014-04-10 00:50:00,server-03,0.1,5.0,8.41,16.87,28.85,43.01,True,thermal_event
2014-04-10 00:55:00,server-03,0.07,7.25,24.68,19.21,32.64,51.91,True,thermal_event
2014-04-10 01:00:00,server-03,0.1,9.84,15.5,8.89,28.86,61.69,True,thermal_event
2014-04-10 01:05:00,server-03,0.1,5.0,10.03,8.8,31.19,53.36,True,thermal_event
2014-04-10 01:10:00,server-03,0.07,5.0,7.35,8.83,29.43,40.67,True,thermal_event
2014-04-10 01:15:00,server-03,0.1,5.0,12.27,6.6,28.13,68.12,True,thermal_event
2014-04-10 01:20:00,server-03,0.1,9.74,21.49,1.03,27.58,52.81,True,thermal_event
2014-04-10 01:25:00,server-03,0.07,6.2,11.15,9.76,30.94,61.47,True,thermal_event
2014-04-10 01:30:00,server-03,0.1,5.0,21.42,12.88,29.96,61.88,True,thermal_event
2014-04-10 01:35:00,server-03,0.1,5.0,20.91,4.95,31.83,45.24,True,thermal_event
2014-04-10 01:40:00,server-03,0.07,8.79,23.81,6.23,28.68,60.44,True,thermal_event
2014-04-10 01:45:00,server-03,0.1,5.0,17.76,7.01,27.2,40.61,True,thermal_event
2014-04-10 01:50:00,server-03,0.1,5.0,8.11,19.31,27.51,58.23,True,thermal_event
2014-04-10 01:55:00,server-03,0.07,8.82,2.9,17.86,30.63,61.04,True,thermal_event
2014-04-10 02:00:00,server-03,0.1,5.0,7.92,14.9,31.73,47.16,True,thermal_event
2014-04-10 02:05:00,server-03,0.1,5.0,23.1,2.63,30.76,60.4,True,thermal_event
2014-04-10 02:10:00,server-03,0.1,9.16,21.91,9.16,32.48,49.81,True,thermal_event
2014-04-10 02:15:00,server-03,0.1,5.0,19.32,19.35,29.88,40.91,True,thermal_event
2014-04-10 02:20:00,server-03,0.1,6.1,16.03,2.86,30.93,52.68,True,thermal_event
2014-04-10 02:25:00,server-03,0.1,5.0,23.39,2.81,28.32,59.83,True,thermal_event
2014-04-10 02:30:00,server-03,0.1,5.0,18.89,3.88,32.75,53.69,True,thermal_event
2014-04-10 02:35:00,server-03,0.1,5.0,9.31,19.94,30.36,52.65,True,thermal_event
2014-04-10 02:40:00,server-03,0.1,9.73,19.18,3.27,32.23,61.26,True,thermal_event
2014-04-10 02:45:00,server-03,0.1,5.0,18.29,19.59,27.89,66.93,True,thermal_event
2014-04-10 02:50:00,server-03,0.1,7.76,22.93,5.03,29.62,70.48,True,thermal_event
2014-04-10 02:55:00,server-03,0.07,5.0,19.44,3.14,32.57,62.95,True,thermal_event
2014-04-10 03:00:00,server-03,0.1,5.0,5.91,7.92,30.47,57.27,True,thermal_event
2014-04-10 05:40:00,server-03,91.25,68.28,32.65,16.25,77.59,52.47,True,cpu_spike
2014-04-10 05:50:00,server-03,95.67,76.5,16.5,19.56,78.22,47.41,True,cpu_spike
2014-04-10 05:55:00,server-03,93.64,85.16,28.78,22.31,74.6,69.61,True,cpu_spike
2014-04-10 11:00:00,server-03,91.3,69.94,28.48,24.82,77.08,56.22,True,cpu_spike
2014-04-10 12:50:00,server-03,98.8,90.74,19.9,22.59,77.62,67.75,True,cpu_spike
2014-04-10 13:20:00,server-03,99.5,85.47,12.39,21.61,81.38,65.14,True,cpu_spike
2014-04-10 13:25:00,server-03,96.47,87.2,20.56,17.42,77.27,50.33,True,cpu_spike
2014-04-10 14:25:00,server-03,97.45,74.28,13.79,23.93,81.13,49.32,True,cpu_spike
2014-04-10 14:30:00,server-03,92.04,75.54,28.04,19.5,75.86,55.29,True,cpu_spike
2014-04-10 14:40:00,server-03,89.96,76.17,22.38,14.96,76.48,41.51,True,cpu_spike
2014-04-10 14:45:00,server-03,99.64,94.12,19.02,19.97,80.97,44.27,True,cpu_spike
2014-04-10 14:50:00,server-03,86.87,71.45,34.53,21.44,76.31,68.36,True,cpu_spike
2014-04-10 16:35:00,server-03,97.33,77.46,29.74,19.51,78.39,60.37,True,cpu_spike
2014-04-10 17:00:00,server-03,99.0,89.86,24.32,22.98,78.87,61.67,True,cpu_spike
2014-04-10 17:05:00,server-03,93.65,89.02,32.06,18.9,74.31,49.19,True,cpu_spike
2014-04-10 17:15:00,server-03,92.26,78.02,15.05,26.64,74.45,67.63,True,cpu_spike
2014-04-10 17:20:00,server-03,99.7,85.45,13.96,17.45,79.5,67.5,True,cpu_spike
2014-04-10 17:25:00,server-03,88.8,80.8,27.25,15.19,72.67,61.04,True,cpu_spike
2014-04-10 18:25:00,server-03,97.56,79.6,15.06,31.41,80.4,62.21,True,cpu_spike
2014-04-10 18:40:00,server-03,99.31,79.8,14.83,30.11,78.83,70.4,True,cpu_spike
2014-04-10 18:45:00,server-03,99.77,91.72,34.69,14.58,78.5,61.09,True,cpu_spike
2014-04-10 20:00:00,server-03,97.48,92.77,19.78,17.8,78.33,49.05,True,cpu_spike
2014-04-10 20:05:00,server-03,90.3,67.98,21.88,17.23,75.0,51.49,True,cpu_spike
2014-04-10 20:15:00,server-03,96.62,86.67,16.22,14.41,80.77,51.57,True,cpu_spike
2014-04-10 20:20:00,server-03,99.41,78.11,33.97,26.26,82.04,52.15,True,cpu_spike
2014-04-10 20:25:00,server-03,85.12,64.37,19.37,17.31,74.42,72.8,True,cpu_spike
2014-04-10 20:50:00,server-03,97.41,84.4,25.26,31.26,80.47,68.92,True,cpu_spike
2014-04-10 21:05:00,server-03,99.21,77.93,29.68,29.86,78.67,73.43,True,cpu_spike
2014-04-10 21:10:00,server-03,99.74,78.27,28.89,13.61,78.14,74.85,True,cpu_spike
2014-04-10 21:15:00,server-03,89.66,85.14,14.37,17.84,72.4,69.01,True,cpu_spike
2014-04-10 22:40:00,server-03,97.33,82.07,32.47,18.74,81.33,53.3,True,cpu_spike
2014-04-10 22:45:00,server-03,91.86,70.13,30.89,21.68,74.95,67.25,True,cpu_spike
2014-04-10 22:55:00,server-03,91.06,76.27,31.03,16.91,74.8,48.28,True,cpu_spike
2014-04-10 23:00:00,server-03,99.74,77.05,13.57,31.68,82.61,68.18,True,cpu_spike
2014-04-10 23:05:00,server-03,89.03,85.49,20.49,28.41,72.35,42.48,True,cpu_spike
2014-04-11 00:15:00,server-03,98.67,79.71,19.32,28.07,78.77,61.23,True,cpu_spike
2014-04-11 00:25:00,server-03,87.11,79.52,15.43,27.89,74.76,65.21,True,cpu_spike
2014-04-11 00:30:00,server-03,99.61,75.17,24.03,21.32,82.08,72.97,True,cpu_spike
2014-04-11 00:35:00,server-03,93.1,75.19,17.54,28.73,77.95,52.26,True,cpu_spike
2014-04-11 00:40:00,server-03,86.9,81.34,25.39,30.97,70.73,46.03,True,cpu_spike
2014-04-11 01:45:00,server-03,87.64,68.59,14.38,24.85,76.53,68.69,True,cpu_spike
2014-04-11 01:50:00,server-03,95.16,88.99,30.84,27.7,78.88,45.23,True,cpu_spike
2014-04-11 02:00:00,server-03,91.14,68.63,29.69,20.45,73.86,58.38,True,cpu_spike
2014-04-11 02:05:00,server-03,99.61,89.81,26.82,14.55,80.31,60.82,True,cpu_spike
2014-04-11 02:10:00,server-03,89.87,86.2,24.46,25.72,72.92,64.0,True,cpu_spike
2014-04-11 04:50:00,server-03,98.62,93.39,27.51,26.88,76.37,47.5,True,cpu_spike
2014-04-11 05:00:00,server-03,89.51,66.45,28.26,28.01,76.61,61.6,True,cpu_spike
2014-04-11 05:05:00,server-03,99.9,79.51,16.46,27.77,82.61,72.76,True,cpu_spike
2014-04-11 05:10:00,server-03,90.37,70.93,16.38,20.01,77.14,48.73,True,cpu_spike
2014-04-11 10:30:00,server-03,98.42,89.94,16.02,21.6,79.86,56.58,True,cpu_spike
2014-04-11 10:40:00,server-03,85.7,66.34,19.38,15.45,73.55,71.3,True,cpu_spike
2014-04-11 10:45:00,server-03,99.64,92.42,30.67,25.58,77.93,56.62,True,cpu_spike
2014-04-11 10:50:00,server-03,96.22,85.33,20.57,29.72,78.53,52.8,True,cpu_spike
2014-04-11 10:55:00,server-03,85.16,76.01,19.24,13.23,72.3,51.1,True,cpu_spike
2014-04-11 12:40:00,server-03,98.75,91.7,23.63,19.08,79.92,63.33,True,cpu_spike
2014-04-11 12:45:00,server-03,94.93,87.47,34.87,30.73,77.02,54.67,True,cpu_spike
2014-04-11 13:00:00,server-03,99.31,83.91,16.47,16.43,79.37,57.81,True,cpu_spike
2014-04-11 13:05:00,server-03,99.77,80.51,19.43,19.04,79.75,63.86,True,cpu_spike
2014-04-11 14:05:00,server-03,97.28,76.72,24.39,22.79,80.45,47.94,True,cpu_spike
2014-04-11 14:20:00,server-03,98.07,92.1,16.0,13.15,78.4,55.22,True,cpu_spike
2014-04-11 14:25:00,server-03,99.83,83.83,16.78,22.5,81.1,43.07,True,cpu_spike
2014-04-11 17:40:00,server-03,94.5,81.79,30.59,20.82,74.45,74.63,True,cpu_spike
2014-04-11 17:45:00,server-03,97.27,83.01,31.16,17.77,78.59,65.02,True,cpu_spike
2014-04-11 18:10:00,server-03,98.47,78.68,20.99,21.78,77.26,52.0,True,cpu_spike
2014-04-11 18:15:00,server-03,98.17,88.04,24.56,21.74,77.38,48.2,True,cpu_spike
2014-04-11 18:20:00,server-03,98.7,89.84,28.03,20.5,81.55,51.81,True,cpu_spike
2014-04-11 18:25:00,server-03,98.48,79.79,21.79,27.9,77.5,48.25,True,cpu_spike
2014-04-11 18:30:00,server-03,98.93,92.0,29.17,27.06,77.86,40.1,True,cpu_spike
2014-04-11 18:35:00,server-03,98.44,78.8,17.98,31.03,79.11,72.46,True,cpu_spike
2014-04-11 18:40:00,server-03,98.28,74.66,33.83,17.73,79.75,51.44,True,cpu_spike
2014-04-11 18:45:00,server-03,98.84,84.85,18.79,30.02,80.59,42.16,True,cpu_spike
2014-04-11 18:50:00,server-03,99.11,75.12,25.45,15.0,81.97,64.22,True,cpu_spike
2014-04-11 20:35:00,server-03,98.57,83.57,26.65,23.53,80.1,62.41,True,cpu_spike
2014-04-11 20:40:00,server-03,88.39,83.67,28.39,27.31,77.19,72.58,True,cpu_spike
2014-04-11 20:50:00,server-03,95.57,81.71,31.88,30.94,79.05,54.29,True,cpu_spike
2014-04-11 20:55:00,server-03,99.7,75.17,22.75,15.17,78.73,51.09,True,cpu_spike
2014-04-11 21:10:00,server-03,97.06,87.6,24.94,20.63,80.77,70.99,True,cpu_spike
2014-04-11 21:15:00,server-03,96.52,84.21,13.99,23.54,75.65,42.52,True,cpu_spike
2014-04-11 21:20:00,server-03,96.78,84.11,23.56,28.84,80.81,68.83,True,cpu_spike
2014-04-11 21:25:00,server-03,96.48,82.14,28.77,29.76,79.09,52.46,True,cpu_spike
2014-04-11 21:30:00,server-03,96.33,77.1,21.34,25.31,75.53,41.7,True,cpu_spike
2014-04-11 22:30:00,server-03,97.31,87.95,13.64,26.15,80.04,70.5,True,cpu_spike
2014-04-11 22:35:00,server-03,90.97,77.22,26.99,23.76,78.12,47.32,True,cpu_spike
2014-04-11 22:45:00,server-03,94.06,71.85,24.59,17.22,76.18,71.57,True,cpu_spike
2014-04-11 22:50:00,server-03,99.64,86.3,12.08,30.68,77.98,68.81,True,cpu_spike
2014-04-11 22:55:00,server-03,90.6,83.04,17.43,25.37,77.9,49.74,True,cpu_spike
2014-04-12 00:10:00,server-03,97.05,92.44,32.13,31.95,76.64,48.02,True,cpu_spike
2014-04-12 00:15:00,server-03,92.18,82.12,34.62,19.41,76.48,55.97,True,cpu_spike
2014-04-12 00:25:00,server-03,90.63,85.84,34.13,25.35,73.48,45.65,True,cpu_spike
2014-04-12 00:30:00,server-03,99.41,90.12,19.65,29.1,78.72,46.45,True,cpu_spike
2014-04-12 00:35:00,server-03,88.27,73.95,34.39,21.5,75.04,62.39,True,cpu_spike
2014-04-12 01:45:00,server-03,99.53,80.83,23.31,18.99,82.09,58.96,True,cpu_spike
2014-04-12 01:55:00,server-03,90.73,83.39,21.63,17.36,73.47,57.93,True,cpu_spike
2014-04-12 02:00:00,server-03,99.11,81.03,12.8,14.55,80.94,53.27,True,cpu_spike
2014-04-12 02:05:00,server-03,89.5,75.36,15.96,24.51,71.78,52.47,True,cpu_spike
2014-04-13 20:25:00,server-03,97.27,88.83,31.26,17.52,81.03,69.51,True,cpu_spike
2014-04-13 20:40:00,server-03,99.53,85.96,17.3,21.79,79.88,68.58,True,cpu_spike
2014-04-13 20:45:00,server-03,99.7,76.21,24.17,30.67,82.34,74.06,True,cpu_spike
2014-04-13 21:50:00,server-03,89.97,82.19,25.84,24.99,76.48,55.17,True,cpu_spike
2014-04-13 21:55:00,server-03,94.52,70.56,27.51,20.54,78.73,63.82,True,cpu_spike
2014-04-13 22:05:00,server-03,89.91,86.18,17.43,22.72,72.67,55.75,True,cpu_spike
2014-04-13 22:10:00,server-03,99.67,78.52,22.0,17.27,78.49,58.34,True,cpu_spike
2014-04-13 22:15:00,server-03,87.89,64.94,30.58,26.61,76.47,72.76,True,cpu_spike
2014-04-14 18:20:00,server-03,98.45,81.56,15.41,23.89,76.97,72.37,True,cpu_spike
2014-04-14 18:30:00,server-03,86.05,64.5,30.49,25.82,75.19,59.93,True,cpu_spike
2014-04-14 18:35:00,server-03,99.77,80.98,12.85,30.37,79.22,40.61,True,cpu_spike
2014-04-14 18:40:00,server-03,97.81,87.76,22.19,30.69,78.76,60.19,True,cpu_spike
2014-04-15 06:10:00,server-03,98.39,88.98,16.99,29.3,78.49,56.36,True,cpu_spike
2014-04-15 06:20:00,server-03,89.27,67.07,33.38,26.62,74.15,40.98,True,cpu_spike
2014-04-15 06:25:00,server-03,99.73,78.33,14.2,23.27,81.25,40.77,True,cpu_spike
2014-04-15 06:30:00,server-03,93.73,75.55,28.05,14.85,75.55,55.9,True,cpu_spike
2014-04-15 10:55:00,server-03,98.42,78.23,29.67,16.44,77.22,59.73,True,cpu_spike
2014-04-15 11:10:00,server-03,99.74,85.32,27.2,31.95,78.86,57.72,True,cpu_spike
2014-04-15 11:15:00,server-03,97.9,78.0,25.92,27.88,76.82,61.82,True,cpu_spike
2014-04-15 18:05:00,server-03,97.96,82.16,17.01,19.55,79.02,42.46,True,cpu_spike
2014-04-15 18:10:00,server-03,92.75,85.48,33.19,19.83,76.93,54.28,True,cpu_spike
2014-04-15 18:20:00,server-03,91.28,68.76,27.35,30.75,76.8,68.03,True,cpu_spike
2014-04-15 18:25:00,server-03,99.61,75.65,28.38,21.94,77.06,44.07,True,cpu_spike
2014-04-15 18:30:00,server-03,89.05,69.21,17.91,13.27,75.48,68.92,True,cpu_spike
2014-04-15 18:55:00,server-03,99.17,82.19,27.13,26.55,81.16,58.66,True,cpu_spike
2014-04-15 19:10:00,server-03,99.64,86.31,26.61,30.32,79.68,72.93,True,cpu_spike
2014-04-15 19:15:00,server-03,99.61,79.08,17.38,27.94,78.93,61.55,True,cpu_spike
2014-04-15 23:25:00,server-03,97.32,77.21,34.88,26.98,80.45,47.73,True,cpu_spike
2014-04-15 23:30:00,server-03,92.28,87.81,22.41,31.53,78.33,69.78,True,cpu_spike
2014-04-15 23:40:00,server-03,93.44,87.8,32.94,21.76,77.68,61.26,True,cpu_spike
2014-04-15 23:45:00,server-03,99.77,91.34,24.32,29.46,81.58,67.79,True,cpu_spike
2014-04-15 23:50:00,server-03,86.02,69.45,21.27,27.63,71.35,64.05,True,cpu_spike
2014-04-16 00:45:00,server-03,96.9,73.16,28.53,15.3,77.75,43.54,True,cpu_spike
2014-04-16 02:20:00,server-03,98.51,75.93,13.19,25.69,81.8,72.87,True,cpu_spike
2014-04-16 02:25:00,server-03,92.2,86.41,34.13,25.81,76.46,44.8,True,cpu_spike
2014-04-16 02:35:00,server-03,91.23,78.49,12.68,13.49,76.41,64.69,True,cpu_spike
2014-04-16 02:40:00,server-03,99.34,77.34,16.38,27.57,80.81,59.71,True,cpu_spike
2014-04-16 02:45:00,server-03,87.91,72.19,16.71,21.66,74.78,64.6,True,cpu_spike
2014-04-16 03:35:00,server-03,97.33,73.01,19.93,13.86,78.09,43.23,True,cpu_spike
2014-04-16 03:40:00,server-03,88.7,75.79,31.87,27.93,72.88,64.01,True,cpu_spike
2014-04-16 03:50:00,server-03,92.13,80.77,24.44,22.85,73.17,40.46,True,cpu_spike
2014-04-16 03:55:00,server-03,99.83,87.06,19.64,25.25,78.03,55.36,True,cpu_spike
2014-04-16 04:00:00,server-03,87.41,83.81,13.49,30.11,72.75,65.98,True,cpu_spike
2014-04-16 04:35:00,server-03,98.67,93.51,19.77,22.95,77.88,41.81,True,cpu_spike
2014-04-16 04:45:00,server-03,91.5,72.92,25.43,21.95,74.21,61.2,True,cpu_spike
2014-04-16 04:50:00,server-03,99.73,94.54,19.95,13.66,78.65,64.77,True,cpu_spike
2014-04-16 04:55:00,server-03,89.22,83.18,27.38,25.62,75.84,64.49,True,cpu_spike
2014-04-10 00:04:00,server-04,91.96,78.88,21.79,13.94,77.61,56.41,True,cpu_spike
2014-04-10 00:09:00,server-04,94.8,90.57,30.18,30.85,75.78,64.61,True,cpu_spike
2014-04-10 00:14:00,server-04,92.21,83.71,25.57,29.54,75.81,66.69,True,cpu_spike
2014-04-10 00:19:00,server-04,93.72,70.24,21.74,13.17,78.4,48.82,True,cpu_spike
2014-04-10 00:24:00,server-04,93.04,73.88,23.02,24.21,79.4,66.26,True,cpu_spike
2014-04-10 00:29:00,server-04,92.96,86.12,19.72,27.0,78.74,60.47,True,cpu_spike
2014-04-10 00:34:00,server-04,95.71,84.99,33.3,25.01,76.15,66.74,True,cpu_spike
2014-04-10 00:39:00,server-04,95.25,85.59,26.84,13.16,75.93,71.43,True,cpu_spike
2014-04-10 00:44:00,server-04,94.46,88.59,17.32,21.43,74.71,74.94,True,cpu_spike
2014-04-10 00:49:00,server-04,92.75,73.99,20.91,22.55,78.26,72.67,True,cpu_spike
2014-04-10 00:54:00,server-04,94.21,89.74,22.21,25.64,74.47,62.06,True,cpu_spike
2014-04-10 00:59:00,server-04,92.75,75.8,30.46,18.89,74.16,46.0,True,cpu_spike
2014-04-10 01:04:00,server-04,94.38,81.83,23.84,30.94,75.91,40.23,True,cpu_spike
2014-04-10 01:09:00,server-04,92.79,72.33,22.31,19.2,77.3,60.06,True,cpu_spike
2014-04-10 01:14:00,server-04,91.67,74.85,14.25,26.53,78.17,53.61,True,cpu_spike
2014-04-10 01:19:00,server-04,87.54,79.0,23.97,28.34,75.59,42.29,True,cpu_spike
2014-04-10 01:24:00,server-04,90.75,74.82,33.47,29.07,76.77,42.19,True,cpu_spike
2014-04-10 01:29:00,server-04,91.65,78.94,14.39,22.48,75.54,50.93,True,cpu_spike
2014-04-10 01:34:00,server-04,90.06,68.92,33.64,25.74,73.99,54.4,True,cpu_spike
2014-04-10 01:39:00,server-04,93.42,72.97,32.23,20.82,75.37,47.63,True,cpu_spike
2014-04-10 01:44:00,server-04,89.9,81.78,33.25,16.42,77.4,65.71,True,cpu_spike
2014-04-10 01:49:00,server-04,90.54,81.69,26.68,22.37,74.29,48.14,True,cpu_spike
2014-04-10 01:54:00,server-04,90.63,74.86,23.05,20.29,77.72,54.93,True,cpu_spike
2014-04-10 01:59:00,server-04,91.17,70.4,29.92,17.16,73.16,62.34,True,cpu_spike
2014-04-10 02:04:00,server-04,90.5,78.16,28.49,18.27,72.74,70.8,True,cpu_spike
2014-04-10 02:09:00,server-04,89.17,75.93,23.1,23.98,76.91,71.46,True,cpu_spike
2014-04-10 02:14:00,server-04,90.29,80.32,27.85,14.92,72.54,60.8,True,cpu_spike
2014-04-10 02:19:00,server-04,90.21,76.29,23.79,26.12,74.62,44.94,True,cpu_spike
2014-04-10 02:24:00,server-04,93.63,80.25,31.07,29.58,77.6,57.89,True,cpu_spike
2014-04-10 02:29:00,server-04,93.62,70.13,33.07,22.21,77.37,40.39,True,cpu_spike
2014-04-10 02:34:00,server-04,93.76,81.83,15.78,17.29,74.0,55.6,True,cpu_spike
2014-04-10 02:39:00,server-04,93.54,79.33,34.85,15.89,79.53,44.51,True,cpu_spike
2014-04-10 02:44:00,server-04,92.04,78.02,16.37,30.29,74.91,58.91,True,cpu_spike
2014-04-10 02:49:00,server-04,90.94,75.82,28.4,14.86,74.53,53.67,True,cpu_spike
2014-04-10 02:54:00,server-04,91.38,84.6,29.12,28.95,75.37,42.26,True,cpu_spike
2014-04-10 02:59:00,server-04,92.67,82.16,20.47,15.26,79.28,55.45,True,cpu_spike
2014-04-10 03:04:00,server-04,94.42,72.58,31.19,20.29,76.11,73.99,True,cpu_spike
2014-04-10 03:09:00,server-04,95.58,79.28,24.04,24.28,78.7,71.59,True,cpu_spike
2014-04-10 03:19:00,server-04,90.62,82.64,23.76,20.49,72.87,66.15,True,cpu_spike
2014-04-10 03:24:00,server-04,93.48,74.07,13.51,16.13,78.03,67.05,True,cpu_spike
2014-04-10 03:29:00,server-04,94.13,70.74,33.64,26.0,74.85,62.44,True,cpu_spike
2014-04-10 03:34:00,server-04,93.34,87.08,30.88,25.69,75.02,63.16,True,cpu_spike
2014-04-10 03:39:00,server-04,93.46,80.77,32.64,23.3,75.42,62.4,True,cpu_spike
2014-04-10 03:44:00,server-04,92.17,85.37,20.62,18.8,78.66,57.82,True,cpu_spike
2014-04-10 03:49:00,server-04,91.58,73.65,19.25,30.71,77.88,50.48,True,cpu_spike
2014-04-10 03:54:00,server-04,94.33,88.65,29.51,24.94,75.24,57.34,True,cpu_spike
2014-04-10 03:59:00,server-04,95.08,79.49,33.3,25.72,76.44,66.25,True,cpu_spike
2014-04-10 04:04:00,server-04,93.96,71.39,21.41,23.65,79.8,74.97,True,cpu_spike
2014-04-10 04:09:00,server-04,94.71,73.11,16.89,24.24,76.2,43.05,True,cpu_spike
2014-04-10 04:14:00,server-04,92.23,83.25,31.82,28.12,74.33,47.13,True,cpu_spike
2014-04-10 04:19:00,server-04,95.2,84.1,30.47,31.31,79.64,58.22,True,cpu_spike
2014-04-10 04:24:00,server-04,92.46,74.32,25.82,18.69,76.65,42.11,True,cpu_spike
2014-04-10 04:29:00,server-04,94.44,76.21,34.2,13.45,79.0,48.18,True,cpu_spike
2014-04-10 04:34:00,server-04,86.74,82.82,26.03,15.07,70.93,56.68,True,cpu_spike
2014-04-10 04:39:00,server-04,93.07,87.63,27.36,21.13,77.76,64.9,True,cpu_spike
2014-04-10 04:44:00,server-04,95.88,90.4,31.02,16.1,75.41,45.87,True,cpu_spike
2014-04-10 04:49:00,server-04,93.99,83.39,30.16,18.95,77.06,40.96,True,cpu_spike
2014-04-10 04:54:00,server-04,94.1,73.15,14.76,13.91,75.77,74.92,True,cpu_spike
2014-04-10 04:59:00,server-04,93.75,71.0,20.57,30.18,77.86,44.41,True,cpu_spike
2014-04-10 05:04:00,server-04,90.85,72.27,15.48,20.7,73.74,54.52,True,cpu_spike
2014-04-10 05:09:00,server-04,89.58,69.27,15.53,24.58,77.74,41.33,True,cpu_spike
2014-04-10 05:14:00,server-04,94.54,77.7,21.63,19.66,76.76,62.5,True,cpu_spike
2014-04-10 05:19:00,server-04,91.97,69.26,26.66,27.87,74.12,73.99,True,cpu_spike
2014-04-10 05:24:00,server-04,93.0,70.07,22.12,14.28,78.94,74.13,True,cpu_spike
2014-04-10 05:29:00,server-04,92.26,86.01,33.19,31.46,76.03,73.99,True,cpu_spike
2014-04-10 05:34:00,server-04,93.25,79.83,17.37,22.65,77.98,74.42,True,cpu_spike
2014-04-10 05:39:00,server-04,93.62,74.68,29.83,21.61,75.05,43.26,True,cpu_spike
2014-04-10 05:44:00,server-04,93.44,70.86,14.36,25.29,77.78,70.64,True,cpu_spike
2014-04-10 05:49:00,server-04,92.77,82.79,24.8,29.22,75.81,43.74,True,cpu_spike
2014-04-10 05:54:00,server-04,91.62,84.72,13.44,26.67,76.09,57.54,True,cpu_spike
2014-04-10 05:59:00,server-04,93.04,85.02,23.22,19.25,78.09,52.58,True,cpu_spike
2014-04-10 06:04:00,server-04,91.54,80.42,25.56,15.27,75.35,48.25,True,cpu_spike
2014-04-10 06:09:00,server-04,93.75,70.83,16.72,22.85,77.76,42.37,True,cpu_spike
2014-04-10 06:14:00,server-04,93.04,86.25,20.37,14.5,79.44,70.72,True,cpu_spike
2014-04-10 06:19:00,server-04,92.8,69.86,29.52,13.18,73.51,71.63,True,cpu_spike
2014-04-10 06:24:00,server-04,90.11,78.02,28.26,14.33,73.8,55.2,True,cpu_spike
2014-04-10 06:29:00,server-04,94.64,77.23,19.56,21.23,77.87,68.35,True,cpu_spike
2014-04-10 06:34:00,server-04,90.54,67.04,16.45,21.44,75.52,54.59,True,cpu_spike
2014-04-10 06:39:00,server-04,93.29,88.96,33.56,14.2,76.18,47.18,True,cpu_spike
2014-04-10 06:44:00,server-04,91.14,84.68,13.89,15.69,76.37,46.07,True,cpu_spike
2014-04-10 06:49:00,server-04,91.13,71.34,22.83,31.33,78.48,54.82,True,cpu_spike
2014-04-10 06:54:00,server-04,91.5,85.13,32.73,15.1,74.4,40.14,True,cpu_spike
2014-04-10 06:59:00,server-04,95.04,84.49,14.13,15.77,79.01,70.91,True,cpu_spike
2014-04-10 07:04:00,server-04,95.71,90.99,32.79,26.33,80.85,44.51,True,cpu_spike
2014-04-10 07:09:00,server-04,91.51,72.46,20.92,16.09,73.56,74.49,True,cpu_spike
2014-04-10 07:14:00,server-04,94.96,73.55,34.81,17.41,75.09,65.04,True,cpu_spike
2014-04-10 07:19:00,server-04,91.85,68.69,30.84,21.31,77.15,57.52,True,cpu_spike
2014-04-10 07:24:00,server-04,92.42,70.75,34.99,31.9,76.51,47.07,True,cpu_spike
2014-04-10 07:29:00,server-04,95.13,81.72,25.53,26.06,75.72,60.65,True,cpu_spike
2014-04-10 07:34:00,server-04,93.58,79.64,16.41,19.63,77.83,48.74,True,cpu_spike
2014-04-10 07:39:00,server-04,93.83,78.69,32.9,26.94,79.43,70.16,True,cpu_spike
2014-04-10 07:44:00,server-04,94.71,77.13,24.18,15.69,78.07,44.36,True,cpu_spike
2014-04-10 07:49:00,server-04,94.5,84.8,23.98,23.14,75.53,44.22,True,cpu_spike
2014-04-10 07:54:00,server-04,93.45,72.04,23.31,16.76,76.84,62.51,True,cpu_spike
2014-04-10 07:59:00,server-04,88.09,78.86,17.18,16.48,73.79,50.72,True,cpu_spike
2014-04-10 08:04:00,server-04,91.08,76.86,29.86,29.75,74.77,51.16,True,cpu_spike
2014-04-10 08:09:00,server-04,89.58,84.68,30.53,13.51,75.93,57.02,True,cpu_spike
2014-04-10 08:14:00,server-04,91.24,87.16,20.09,16.47,78.14,54.74,True,cpu_spike
2014-04-10 08:19:00,server-04,91.93,77.68,31.18,13.77,77.75,45.54,True,cpu_spike
2014-04-10 08:24:00,server-04,89.46,85.02,26.74,24.09,73.39,43.68,True,cpu_spike
2014-04-10 08:29:00,server-04,87.75,74.03,27.87,29.43,74.18,58.0,True,cpu_spike
2014-04-10 08:34:00,server-04,92.67,83.56,21.68,27.27,77.46,72.03,True,cpu_spike
2014-04-10 08:39:00,server-04,94.5,89.36,12.01,28.84,78.76,50.63,True,cpu_spike
2014-04-10 08:44:00,server-04,92.16,78.26,23.46,18.36,75.3,56.31,True,cpu_spike
2014-04-10 08:49:00,server-04,92.65,76.68,22.46,16.16,78.78,60.14,True,cpu_spike
2014-04-10 08:54:00,server-04,94.35,75.31,19.94,21.57,75.82,73.23,True,cpu_spike
2014-04-10 08:59:00,server-04,92.92,87.33,28.64,15.29,75.72,60.71,True,cpu_spike
2014-04-10 09:04:00,server-04,90.87,85.0,33.52,18.51,77.82,54.57,True,cpu_spike
2014-04-10 09:09:00,server-04,92.33,69.69,15.73,29.63,73.75,45.03,True,cpu_spike
2014-04-10 09:14:00,server-04,93.75,77.16,19.96,28.32,79.06,66.06,True,cpu_spike
2014-04-10 09:19:00,server-04,93.77,87.93,13.18,24.43,76.93,60.16,True,cpu_spike
2014-04-10 09:24:00,server-04,93.48,83.58,17.43,31.91,76.57,72.86,True,cpu_spike
2014-04-10 09:29:00,server-04,94.22,74.19,27.26,13.67,79.28,49.43,True,cpu_spike
2014-04-10 09:34:00,server-04,94.01,81.05,25.22,28.83,74.79,69.28,True,cpu_spike
2014-04-10 09:39:00,server-04,94.67,72.99,32.82,20.22,76.72,40.22,True,cpu_spike
2014-04-10 09:44:00,server-04,94.52,82.33,28.56,23.86,75.72,59.1,True,cpu_spike
2014-04-10 09:49:00,server-04,96.75,87.77,12.53,25.68,79.03,74.53,True,cpu_spike
2014-04-10 09:54:00,server-04,93.83,89.53,19.53,28.15,75.89,43.62,True,cpu_spike
2014-04-10 09:59:00,server-04,91.67,76.1,25.46,24.5,73.2,72.7,True,cpu_spike
2014-04-10 10:04:00,server-04,90.8,70.4,21.66,27.89,78.27,71.19,True,cpu_spike
2014-04-10 10:09:00,server-04,96.04,72.43,13.73,25.48,80.95,60.97,True,cpu_spike
2014-04-10 10:14:00,server-04,85.42,81.34,23.17,14.99,73.48,48.56,True,cpu_spike
2014-04-10 10:19:00,server-04,91.73,77.2,15.43,29.84,78.84,49.17,True,cpu_spike
2014-04-10 10:24:00,server-04,90.61,73.25,24.83,23.6,75.77,52.72,True,cpu_spike
2014-04-10 10:29:00,server-04,90.25,81.1,16.88,27.89,74.3,70.05,True,cpu_spike
2014-04-10 10:34:00,server-04,90.03,67.81,19.41,31.75,73.81,66.09,True,cpu_spike
2014-04-10 10:39:00,server-04,89.33,68.54,27.86,24.2,74.87,53.5,True,cpu_spike
2014-04-10 10:44:00,server-04,91.77,68.03,30.17,21.78,76.44,48.83,True,cpu_spike
2014-04-10 10:49:00,server-04,94.08,80.94,14.42,28.51,77.35,44.81,True,cpu_spike
2014-04-10 10:54:00,server-04,91.65,87.74,24.7,29.87,75.77,52.34,True,cpu_spike
2014-04-10 10:59:00,server-04,93.75,89.66,33.34,24.16,77.16,68.8,True,cpu_spike
2014-04-10 11:04:00,server-04,93.72,70.7,26.58,26.03,76.49,64.28,True,cpu_spike
2014-04-10 11:09:00,server-04,94.11,80.98,19.98,21.99,79.02,43.29,True,cpu_spike
2014-04-10 11:14:00,server-04,93.47,71.45,19.28,23.53,78.53,69.25,True,cpu_spike
2014-04-10 11:19:00,server-04,95.42,75.19,12.85,29.09,75.67,40.76,True,cpu_spike
2014-04-10 11:24:00,server-04,94.5,78.73,18.72,16.38,76.82,46.02,True,cpu_spike
2014-04-10 11:29:00,server-04,96.67,87.78,34.37,17.57,78.89,50.68,True,cpu_spike
2014-04-10 11:34:00,server-04,93.21,72.86,13.89,29.35,76.62,63.35,True,cpu_spike
2014-04-10 11:39:00,server-04,91.17,71.52,33.25,24.34,77.09,64.05,True,cpu_spike
2014-04-10 11:44:00,server-04,93.68,81.55,16.06,18.93,77.77,45.38,True,cpu_spike
2014-04-10 11:49:00,server-04,93.55,74.14,32.2,23.62,75.85,61.99,True,cpu_spike
2014-04-10 11:54:00,server-04,93.37,75.68,15.71,27.12,78.39,42.98,True,cpu_spike
2014-04-10 11:59:00,server-04,95.55,82.85,30.02,21.79,78.65,46.46,True,cpu_spike
2014-04-10 12:04:00,server-04,94.29,74.83,22.77,16.75,76.64,43.75,True,cpu_spike
2014-04-10 12:09:00,server-04,90.16,71.04,17.12,19.18,77.13,44.84,True,cpu_spike
2014-04-10 12:14:00,server-04,88.75,67.21,13.12,14.3,75.21,71.1,True,cpu_spike
2014-04-10 12:19:00,server-04,92.46,68.92,33.11,17.64,74.5,58.42,True,cpu_spike
2014-04-10 12:24:00,server-04,96.21,73.0,30.97,23.67,80.05,62.04,True,cpu_spike
2014-04-10 12:29:00,server-04,91.65,80.41,15.83,15.59,77.3,66.52,True,cpu_spike
2014-04-10 12:34:00,server-04,94.79,89.46,30.21,20.89,80.09,43.33,True,cpu_spike
2014-04-10 12:39:00,server-04,92.53,81.43,13.78,21.42,75.26,71.78,True,cpu_spike
2014-04-10 12:44:00,server-04,89.08,66.75,13.08,19.61,75.08,60.18,True,cpu_spike
2014-04-10 12:49:00,server-04,91.75,77.22,13.54,24.94,74.8,40.98,True,cpu_spike
2014-04-10 12:54:00,server-04,92.75,70.5,30.48,24.93,77.54,69.3,True,cpu_spike
2014-04-10 12:59:00,server-04,89.57,66.6,31.6,29.68,75.98,43.75,True,cpu_spike
2014-04-10 13:04:00,server-04,90.66,73.93,31.0,26.78,77.36,43.97,True,cpu_spike
2014-04-10 13:09:00,server-04,88.02,80.37,15.83,22.57,76.61,42.1,True,cpu_spike
2014-04-10 13:14:00,server-04,91.54,83.85,23.99,20.51,73.94,41.92,True,cpu_spike
2014-04-10 13:19:00,server-04,94.25,78.89,23.16,23.6,77.66,49.95,True,cpu_spike
2014-04-10 13:24:00,server-04,94.12,87.88,33.95,22.36,74.71,43.26,True,cpu_spike
2014-04-10 13:29:00,server-04,91.71,70.4,18.34,15.11,75.14,58.83,True,cpu_spike
2014-04-10 13:34:00,server-04,92.58,78.59,30.25,15.3,77.8,42.25,True,cpu_spike
2014-04-10 13:39:00,server-04,92.64,84.62,25.02,23.56,75.09,65.3,True,cpu_spike
2014-04-10 13:44:00,server-04,93.79,86.06,19.8,24.33,76.7,70.66,True,cpu_spike
2014-04-10 13:49:00,server-04,96.51,78.06,34.09,27.16,80.46,61.49,True,cpu_spike
2014-04-10 13:54:00,server-04,95.2,74.59,26.21,14.06,75.98,46.75,True,cpu_spike
2014-04-10 13:59:00,server-04,96.19,81.29,28.84,26.7,75.18,67.07,True,cpu_spike
2014-04-10 14:04:00,server-04,89.3,83.78,30.72,29.16,74.95,52.46,True,cpu_spike
2014-04-10 14:09:00,server-04,90.75,74.68,21.7,30.46,77.42,69.52,True,cpu_spike
2014-04-10 14:14:00,server-04,88.25,78.4,34.67,30.78,74.29,51.57,True,cpu_spike
2014-04-10 14:19:00,server-04,88.83,72.93,24.71,14.91,74.12,42.97,True,cpu_spike
2014-04-10 14:24:00,server-04,89.83,75.39,34.58,21.41,74.75,74.89,True,cpu_spike
2014-04-10 14:29:00,server-04,93.5,87.69,21.97,15.5,74.18,69.78,True,cpu_spike
2014-04-10 14:34:00,server-04,95.5,71.85,28.32,14.96,75.79,66.65,True,cpu_spike
2014-04-10 14:39:00,server-04,89.54,84.53,17.75,21.98,76.17,48.19,True,cpu_spike
2014-04-10 14:44:00,server-04,89.05,75.71,20.98,15.73,73.46,69.03,True,cpu_spike
2014-04-10 14:49:00,server-04,87.45,78.76,22.74,13.4,76.31,62.81,True,cpu_spike
2014-04-10 14:54:00,server-04,86.88,82.23,24.91,29.91,73.01,40.02,True,cpu_spike
2014-04-10 14:59:00,server-04,86.96,69.13,30.89,19.03,73.28,51.01,True,cpu_spike
2014-04-10 15:04:00,server-04,89.93,76.94,29.17,18.65,73.52,72.43,True,cpu_spike
2014-04-10 15:09:00,server-04,90.5,72.54,17.45,24.22,76.72,45.89,True,cpu_spike
2014-04-10 15:14:00,server-04,90.12,70.94,21.17,20.87,77.42,43.35,True,cpu_spike
2014-04-10 15:19:00,server-04,90.58,81.28,34.18,22.92,73.66,70.81,True,cpu_spike
2014-04-10 15:24:00,server-04,92.0,82.21,17.36,18.31,76.69,50.65,True,cpu_spike
2014-04-10 15:29:00,server-04,88.71,83.44,13.83,30.4,74.8,69.55,True,cpu_spike
2014-04-10 15:34:00,server-04,89.96,75.89,26.2,21.78,76.05,43.12,True,cpu_spike
2014-04-10 15:39:00,server-04,92.5,87.9,20.5,24.73,77.13,44.11,True,cpu_spike
2014-04-10 15:44:00,server-04,94.0,71.52,30.62,13.44,74.63,48.49,True,cpu_spike
2014-04-10 15:49:00,server-04,94.8,84.05,34.27,30.32,77.36,55.57,True,cpu_spike
2014-04-10 15:54:00,server-04,89.54,79.28,30.42,23.28,76.48,63.31,True,cpu_spike
2014-04-10 15:59:00,server-04,94.0,73.21,24.06,29.1,79.12,42.05,True,cpu_spike
2014-04-10 16:04:00,server-04,94.29,89.18,13.32,27.8,74.99,51.18,True,cpu_spike
2014-04-10 16:09:00,server-04,93.92,70.86,18.87,28.5,77.81,69.97,True,cpu_spike
2014-04-10 16:14:00,server-04,91.46,68.26,33.72,25.03,78.71,49.52,True,cpu_spike
2014-04-10 16:19:00,server-04,92.14,68.39,28.21,25.67,78.37,70.29,True,cpu_spike
2014-04-10 16:24:00,server-04,93.21,87.95,21.57,23.77,78.99,68.51,True,cpu_spike
2014-04-10 16:29:00,server-04,96.29,89.08,29.04,26.95,78.27,66.27,True,cpu_spike
2014-04-10 16:34:00,server-04,90.67,78.24,22.47,21.74,72.49,63.06,True,cpu_spike
2014-04-10 16:39:00,server-04,89.46,66.58,18.05,15.19,77.73,68.77,True,cpu_spike
2014-04-10 16:44:00,server-04,95.29,89.96,21.44,25.9,77.62,74.96,True,cpu_spike
2014-04-10 16:49:00,server-04,95.63,83.94,16.39,22.47,79.38,41.13,True,cpu_spike
2014-04-10 16:54:00,server-04,93.0,73.54,31.45,19.24,78.54,66.6,True,cpu_spike
2014-04-10 16:59:00,server-04,93.75,76.28,14.67,24.23,78.96,58.44,True,cpu_spike
2014-04-10 17:04:00,server-04,95.29,76.17,21.83,21.51,76.88,67.18,True,cpu_spike
2014-04-10 17:09:00,server-04,95.21,75.9,13.05,16.88,77.3,72.02,True,cpu_spike
2014-04-10 17:14:00,server-04,95.54,76.62,29.75,18.58,77.7,69.93,True,cpu_spike
2014-04-10 17:19:00,server-04,93.0,73.41,33.0,19.81,76.34,51.32,True,cpu_spike
2014-04-10 17:24:00,server-04,92.24,68.61,28.94,30.24,74.66,58.02,True,cpu_spike
2014-04-10 17:29:00,server-04,94.25,80.87,32.5,15.83,79.08,42.87,True,cpu_spike
2014-04-10 17:34:00,server-04,92.28,84.21,12.79,26.63,73.79,51.15,True,cpu_spike
2014-04-10 17:39:00,server-04,94.71,73.98,15.3,30.79,77.26,72.29,True,cpu_spike
2014-04-10 17:44:00,server-04,94.13,81.46,29.89,26.02,78.34,57.23,True,cpu_spike
2014-04-10 17:49:00,server-04,96.25,86.94,27.62,14.98,77.72,60.99,True,cpu_spike
2014-04-10 17:54:00,server-04,93.83,70.07,34.74,15.67,74.08,69.73,True,cpu_spike
2014-04-10 17:59:00,server-04,94.46,89.05,22.72,21.05,77.32,68.09,True,cpu_spike
2014-04-10 18:04:00,server-04,95.54,83.0,26.8,24.07,75.66,71.11,True,cpu_spike
2014-04-10 18:09:00,server-04,98.04,75.5,16.84,25.02,76.07,72.35,True,cpu_spike
2014-04-10 18:14:00,server-04,95.77,81.27,26.55,14.49,76.07,74.86,True,cpu_spike
2014-04-10 18:19:00,server-04,93.46,87.57,19.59,21.71,74.08,64.1,True,cpu_spike
2014-04-10 18:24:00,server-04,92.86,83.31,27.93,20.79,76.33,54.33,True,cpu_spike
2014-04-10 18:29:00,server-04,95.58,81.76,23.66,22.64,77.85,67.9,True,cpu_spike
2014-04-10 18:34:00,server-04,93.13,76.71,17.52,21.84,73.69,42.37,True,cpu_spike
2014-04-10 18:39:00,server-04,91.89,87.15,28.16,14.47,74.99,41.94,True,cpu_spike
2014-04-10 18:44:00,server-04,92.98,80.51,22.37,23.28,77.15,68.1,True,cpu_spike
2014-04-10 18:49:00,server-04,94.33,86.9,23.01,23.18,79.52,49.31,True,cpu_spike
2014-04-10 18:54:00,server-04,95.88,75.44,13.34,23.39,80.52,49.56,True,cpu_spike
2014-04-10 18:59:00,server-04,93.58,87.28,16.76,14.17,76.92,64.07,True,cpu_spike
2014-04-10 19:04:00,server-04,95.16,90.08,31.57,24.28,74.92,55.98,True,cpu_spike
2014-04-10 19:09:00,server-04,95.42,79.84,14.49,18.96,79.07,48.64,True,cpu_spike
2014-04-10 19:14:00,server-04,93.17,73.08,23.27,13.02,78.03,42.4,True,cpu_spike
2014-04-10 19:19:00,server-04,96.25,75.04,21.75,22.88,75.18,73.66,True,cpu_spike
2014-04-10 19:24:00,server-04,93.38,77.23,16.69,26.95,79.02,48.17,True,cpu_spike
2014-04-10 19:29:00,server-04,93.08,88.41,12.08,15.33,78.42,60.48,True,cpu_spike
2014-04-10 19:34:00,server-04,93.15,71.9,24.08,21.72,75.15,72.21,True,cpu_spike
2014-04-10 19:39:00,server-04,95.6,86.85,21.37,31.11,76.11,68.56,True,cpu_spike
2014-04-10 19:44:00,server-04,94.34,77.82,23.37,25.23,74.75,43.57,True,cpu_spike
2014-04-10 19:49:00,server-04,91.46,76.29,28.41,23.13,74.3,46.91,True,cpu_spike
2014-04-10 19:54:00,server-04,93.29,84.39,33.12,30.37,74.28,73.06,True,cpu_spike
2014-04-10 19:59:00,server-04,95.13,74.46,29.76,19.38,77.3,64.21,True,cpu_spike
2014-04-10 20:04:00,server-04,92.98,77.49,21.26,17.94,78.68,55.27,True,cpu_spike
2014-04-10 20:09:00,server-04,94.33,75.18,31.75,19.96,75.86,62.27,True,cpu_spike
2014-04-10 20:14:00,server-04,89.54,79.0,31.12,24.01,73.06,55.49,True,cpu_spike
2014-04-10 20:19:00,server-04,92.13,76.79,25.41,21.57,75.24,57.35,True,cpu_spike
2014-04-10 20:24:00,server-04,94.14,84.08,13.69,28.64,75.87,59.33,True,cpu_spike
2014-04-10 20:29:00,server-04,89.49,83.9,31.56,21.22,72.19,52.31,True,cpu_spike
2014-04-10 20:34:00,server-04,90.31,83.14,31.07,29.92,72.97,63.75,True,cpu_spike
2014-04-10 20:39:00,server-04,95.0,84.66,34.03,31.55,78.23,48.66,True,cpu_spike
2014-04-10 20:44:00,server-04,93.21,74.06,34.59,22.98,77.15,64.54,True,cpu_spike
2014-04-10 20:49:00,server-04,94.04,79.97,13.1,27.96,77.48,55.16,True,cpu_spike
2014-04-10 20:54:00,server-04,92.63,69.06,28.67,16.4,78.17,42.95,True,cpu_spike
2014-04-10 20:59:00,server-04,95.4,90.02,33.19,14.46,74.87,62.46,True,cpu_spike
2014-04-10 21:04:00,server-04,93.53,79.89,17.23,20.73,78.91,50.06,True,cpu_spike
2014-04-10 21:09:00,server-04,93.5,79.37,25.99,24.49,74.98,56.65,True,cpu_spike
2014-04-10 21:14:00,server-04,95.63,74.67,18.42,22.32,76.55,55.8,True,cpu_spike
2014-04-10 21:19:00,server-04,93.29,75.9,33.87,23.87,78.8,49.5,True,cpu_spike
2014-04-10 21:24:00,server-04,95.29,76.06,29.49,21.27,75.59,55.98,True,cpu_spike
2014-04-10 21:29:00,server-04,95.01,89.15,21.24,17.95,75.55,59.02,True,cpu_spike
2014-04-10 21:34:00,server-04,92.38,70.33,23.0,15.1,79.08,60.65,True,cpu_spike
2014-04-10 21:39:00,server-04,93.75,75.89,31.37,18.45,77.75,59.63,True,cpu_spike
2014-04-10 21:44:00,server-04,96.12,88.33,25.4,17.05,76.69,41.4,True,cpu_spike
2014-04-10 21:49:00,server-04,93.42,83.04,12.26,16.18,79.42,73.9,True,cpu_spike
2014-04-10 21:54:00,server-04,91.85,73.5,33.61,26.75,78.79,73.25,True,cpu_spike
2014-04-10 21:59:00,server-04,90.5,71.56,15.8,13.69,78.02,53.4,True,cpu_spike
2014-04-10 22:04:00,server-04,92.67,84.6,12.98,13.83,74.42,44.94,True,cpu_spike
2014-04-10 22:09:00,server-04,93.96,82.63,26.23,24.41,76.33,56.87,True,cpu_spike
2014-04-10 22:14:00,server-04,91.79,80.5,19.36,15.42,76.3,47.77,True,cpu_spike
2014-04-10 22:19:00,server-04,95.0,90.35,14.33,22.13,78.14,41.79,True,cpu_spike
2014-04-10 22:24:00,server-04,95.63,73.62,23.55,18.71,79.38,66.51,True,cpu_spike
2014-04-10 22:29:00,server-04,95.08,79.17,19.13,16.48,76.32,72.01,True,cpu_spike
2014-04-10 22:34:00,server-04,94.83,81.19,29.72,14.27,74.44,48.13,True,cpu_spike
2014-04-10 22:39:00,server-04,95.57,85.27,18.2,21.58,77.32,66.29,True,cpu_spike
2014-04-10 22:44:00,server-04,94.45,75.59,25.84,23.26,75.66,42.55,True,cpu_spike
2014-04-10 22:49:00,server-04,95.0,80.72,29.49,20.53,74.53,63.97,True,cpu_spike
2014-04-10 22:54:00,server-04,93.33,70.07,15.87,23.68,74.43,53.77,True,cpu_spike
2014-04-10 22:59:00,server-04,94.11,76.87,21.19,18.83,76.39,61.41,True,cpu_spike
2014-04-10 23:04:00,server-04,93.6,81.85,34.38,31.81,78.33,56.66,True,cpu_spike
2014-04-10 23:09:00,server-04,92.92,70.21,34.41,28.59,79.36,42.53,True,cpu_spike
2014-04-10 23:14:00,server-04,92.41,80.39,20.42,13.47,74.64,55.75,True,cpu_spike
2014-04-10 23:19:00,server-04,92.48,87.75,14.65,14.78,78.89,40.84,True,cpu_spike
2014-04-10 23:24:00,server-04,92.22,73.18,31.31,26.92,78.87,58.23,True,cpu_spike
2014-04-10 23:29:00,server-04,93.88,80.57,25.74,15.57,78.98,45.89,True,cpu_spike
2014-04-10 23:34:00,server-04,95.58,76.06,14.86,15.93,78.82,65.68,True,cpu_spike
2014-04-10 23:39:00,server-04,95.17,80.7,13.85,23.51,79.93,67.85,True,cpu_spike
2014-04-10 23:44:00,server-04,94.5,74.79,13.27,22.42,75.11,45.76,True,cpu_spike
2014-04-10 23:49:00,server-04,95.05,75.03,32.75,24.97,80.28,63.12,True,cpu_spike
2014-04-10 23:54:00,server-04,93.42,82.04,20.84,31.19,74.99,53.2,True,cpu_spike
2014-04-10 23:59:00,server-04,93.01,74.53,34.22,24.26,74.38,68.66,True,cpu_spike
2014-04-11 00:04:00,server-04,93.77,87.76,15.96,15.63,75.61,56.76,True,cpu_spike
2014-04-11 00:09:00,server-04,95.7,76.25,23.54,17.7,76.68,48.26,True,cpu_spike
2014-04-11 00:14:00,server-04,95.22,88.65,26.55,13.84,78.73,47.59,True,cpu_spike
2014-04-11 00:19:00,server-04,93.57,76.14,15.13,25.51,74.39,62.77,True,cpu_spike
2014-04-11 00:24:00,server-04,92.06,78.8,33.25,30.72,74.86,49.52,True,cpu_spike
2014-04-11 00:29:00,server-04,93.9,74.2,32.86,28.58,77.69,68.18,True,cpu_spike
2014-04-11 00:34:00,server-04,95.79,86.04,30.44,26.21,77.99,42.92,True,cpu_spike
2014-04-11 00:39:00,server-04,93.37,88.11,29.11,26.48,75.42,71.85,True,cpu_spike
2014-04-11 00:44:00,server-04,91.67,84.17,27.17,18.32,73.86,55.31,True,cpu_spike
2014-04-11 00:49:00,server-04,95.71,81.2,17.21,28.4,75.82,57.95,True,cpu_spike
2014-04-11 00:54:00,server-04,93.04,84.3,23.69,15.83,74.84,57.15,True,cpu_spike
2014-04-11 00:59:00,server-04,96.0,87.95,18.02,23.4,79.93,61.21,True,cpu_spike
2014-04-11 01:04:00,server-04,95.11,79.62,26.05,20.74,76.76,42.9,True,cpu_spike
2014-04-11 01:09:00,server-04,93.78,85.11,33.61,19.53,77.45,49.94,True,cpu_spike
2014-04-11 01:14:00,server-04,91.72,87.87,28.86,15.68,78.28,56.21,True,cpu_spike
2014-04-11 01:19:00,server-04,91.67,79.16,17.12,15.79,73.81,48.09,True,cpu_spike
2014-04-11 01:24:00,server-04,95.75,75.65,34.42,17.82,77.79,52.35,True,cpu_spike
2014-04-11 01:29:00,server-04,97.04,85.14,34.75,21.5,80.45,47.66,True,cpu_spike
2014-04-11 01:34:00,server-04,93.62,88.96,24.45,14.76,74.99,71.54,True,cpu_spike
2014-04-11 01:39:00,server-04,93.4,77.18,14.46,30.26,74.99,45.08,True,cpu_spike
2014-04-11 01:44:00,server-04,89.75,85.05,33.1,17.79,76.05,61.54,True,cpu_spike
2014-04-11 01:49:00,server-04,94.33,79.05,22.23,19.69,76.29,43.75,True,cpu_spike
2014-04-11 01:54:00,server-04,96.52,84.49,31.95,14.78,75.78,58.9,True,cpu_spike
2014-04-11 01:59:00,server-04,93.52,74.02,32.89,28.0,75.95,45.84,True,cpu_spike
2014-04-11 02:04:00,server-04,95.25,77.7,26.54,28.14,75.36,51.73,True,cpu_spike
2014-04-11 02:09:00,server-04,95.91,87.02,24.67,15.15,79.2,48.5,True,cpu_spike
2014-04-11 02:14:00,server-04,97.08,77.18,17.99,14.48,76.7,63.17,True,cpu_spike
2014-04-11 02:19:00,server-04,94.92,83.78,12.54,25.58,75.25,42.91,True,cpu_spike
2014-04-11 02:24:00,server-04,93.77,86.08,33.68,17.34,79.87,69.75,True,cpu_spike
2014-04-11 02:29:00,server-04,96.06,72.43,26.51,27.72,79.82,58.86,True,cpu_spike
2014-04-11 02:34:00,server-04,96.38,83.05,26.48,29.55,79.66,54.48,True,cpu_spike
2014-04-11 02:39:00,server-04,96.17,72.07,17.3,27.25,78.82,54.46,True,cpu_spike
2014-04-11 02:44:00,server-04,94.17,78.19,18.53,31.27,75.45,60.82,True,cpu_spike
2014-04-11 02:49:00,server-04,96.5,78.28,26.04,29.24,77.82,73.14,True,cpu_spike
2014-04-11 02:54:00,server-04,95.04,86.01,25.25,24.87,77.97,73.65,True,cpu_spike
2014-04-11 02:59:00,server-04,95.58,83.61,13.99,13.34,77.94,60.36,True,cpu_spike
2014-04-11 03:04:00,server-04,96.73,78.61,16.77,29.35,80.26,48.57,True,cpu_spike
2014-04-11 03:09:00,server-04,96.06,74.22,33.47,20.01,79.34,61.23,True,cpu_spike
2014-04-11 03:14:00,server-04,95.17,74.72,31.51,27.14,78.71,44.39,True,cpu_spike
2014-04-11 03:19:00,server-04,93.88,74.64,28.03,14.55,79.57,40.46,True,cpu_spike
2014-04-11 03:24:00,server-04,95.96,75.51,21.12,19.14,76.01,61.02,True,cpu_spike
2014-04-11 03:29:00,server-04,95.71,90.68,33.87,30.36,75.28,43.42,True,cpu_spike
2014-04-11 03:34:00,server-04,94.01,87.59,24.84,20.22,78.59,74.33,True,cpu_spike
2014-04-11 03:39:00,server-04,92.08,75.98,19.8,31.9,78.02,67.13,True,cpu_spike
2014-04-11 03:44:00,server-04,96.93,88.33,30.91,30.56,79.1,45.15,True,cpu_spike
2014-04-11 03:49:00,server-04,92.79,87.41,26.3,27.76,76.96,59.65,True,cpu_spike
2014-04-11 03:54:00,server-04,94.01,80.45,21.95,13.36,74.02,55.94,True,cpu_spike
2014-04-11 03:59:00,server-04,94.87,71.44,16.58,16.04,74.51,58.49,True,cpu_spike
2014-04-11 04:04:00,server-04,93.13,86.33,29.76,23.1,77.52,71.94,True,cpu_spike
2014-04-11 04:09:00,server-04,95.83,76.81,13.86,26.19,77.67,44.12,True,cpu_spike
2014-04-11 04:14:00,server-04,93.62,76.88,32.37,13.41,77.19,58.51,True,cpu_spike
2014-04-11 04:19:00,server-04,95.55,86.47,27.17,17.21,78.52,40.29,True,cpu_spike
2014-04-11 04:24:00,server-04,95.76,74.62,32.09,26.98,80.14,68.65,True,cpu_spike
2014-04-11 04:29:00,server-04,95.4,79.72,17.48,21.0,79.29,40.73,True,cpu_spike
2014-04-11 04:34:00,server-04,93.92,72.79,34.3,30.22,79.89,59.55,True,cpu_spike
2014-04-11 04:39:00,server-04,98.04,83.97,26.52,16.93,76.43,69.62,True,cpu_spike
2014-04-11 04:44:00,server-04,93.29,71.24,30.8,14.8,75.82,43.48,True,cpu_spike
2014-04-11 04:49:00,server-04,92.79,85.9,33.04,31.48,76.99,68.27,True,cpu_spike
2014-04-11 04:54:00,server-04,97.37,73.29,18.96,22.16,81.32,62.4,True,cpu_spike
2014-04-11 04:59:00,server-04,97.37,86.23,28.09,24.05,81.39,69.17,True,cpu_spike
2014-04-11 05:04:00,server-04,96.39,85.34,21.32,30.27,76.64,74.01,True,cpu_spike
2014-04-11 05:09:00,server-04,95.58,77.93,13.16,31.14,75.25,65.46,True,cpu_spike
2014-04-11 05:14:00,server-04,96.62,77.69,30.17,26.47,76.12,47.51,True,cpu_spike
2014-04-11 05:19:00,server-04,94.5,73.61,19.52,28.36,74.73,71.1,True,cpu_spike
2014-04-11 05:24:00,server-04,93.79,82.6,23.08,26.19,75.97,56.86,True,cpu_spike
2014-04-11 05:29:00,server-04,96.08,76.24,20.69,15.9,75.81,67.21,True,cpu_spike
2014-04-11 05:34:00,server-04,97.58,84.58,32.93,20.08,77.43,50.8,True,cpu_spike
2014-04-11 05:39:00,server-04,97.22,77.08,32.3,17.93,78.58,72.29,True,cpu_spike
2014-04-11 05:44:00,server-04,92.92,74.71,30.25,25.65,76.94,69.78,True,cpu_spike
2014-04-11 05:49:00,server-04,97.04,92.28,34.83,13.17,77.91,55.27,True,cpu_spike
2014-04-11 05:54:00,server-04,97.17,88.26,23.79,30.98,79.85,47.82,True,cpu_spike
2014-04-11 05:59:00,server-04,94.85,79.93,12.71,22.21,75.34,71.04,True,cpu_spike
2014-04-11 06:04:00,server-04,92.63,73.96,19.27,20.07,74.76,47.3,True,cpu_spike
2014-04-11 06:09:00,server-04,96.92,74.42,14.74,28.66,76.73,57.97,True,cpu_spike
2014-04-11 06:14:00,server-04,95.42,73.98,24.82,14.94,76.64,55.46,True,cpu_spike
2014-04-11 06:19:00,server-04,92.77,82.3,23.95,16.29,78.98,48.12,True,cpu_spike
2014-04-11 06:24:00,server-04,93.63,87.98,34.68,29.53,75.83,55.03,True,cpu_spike
2014-04-11 06:29:00,server-04,95.71,74.18,16.93,31.65,75.64,68.85,True,cpu_spike
2014-04-11 06:34:00,server-04,94.53,78.7,32.9,15.49,74.72,44.26,True,cpu_spike
2014-04-11 06:39:00,server-04,93.56,72.35,26.63,31.11,79.15,52.71,True,cpu_spike
2014-04-11 06:44:00,server-04,94.1,85.09,30.92,27.9,76.76,40.44,True,cpu_spike
2014-04-11 06:49:00,server-04,93.99,82.65,29.59,15.05,76.14,44.35,True,cpu_spike
2014-04-11 06:54:00,server-04,94.58,72.89,17.94,18.73,77.54,48.21,True,cpu_spike
2014-04-11 06:59:00,server-04,92.22,87.03,26.2,28.82,78.41,64.43,True,cpu_spike
2014-04-11 07:04:00,server-04,92.96,71.02,25.04,17.73,77.11,49.14,True,cpu_spike
2014-04-11 07:09:00,server-04,93.04,84.4,21.93,22.82,74.42,69.07,True,cpu_spike
2014-04-11 07:14:00,server-04,88.54,74.77,27.29,26.89,75.73,52.09,True,cpu_spike
2014-04-11 07:19:00,server-04,92.04,84.77,26.49,14.95,75.57,73.34,True,cpu_spike
2014-04-11 07:24:00,server-04,94.54,73.31,28.41,21.11,77.22,68.05,True,cpu_spike
2014-04-11 07:29:00,server-04,95.96,91.26,27.74,30.5,76.93,64.18,True,cpu_spike
2014-04-11 07:34:00,server-04,96.88,88.04,22.49,21.09,78.82,72.19,True,cpu_spike
2014-04-11 07:39:00,server-04,94.71,83.27,20.45,25.87,74.59,59.25,True,cpu_spike
2014-04-11 07:44:00,server-04,94.0,79.0,15.68,28.99,75.78,61.51,True,cpu_spike
2014-04-11 07:49:00,server-04,93.96,80.76,29.31,31.88,75.97,50.18,True,cpu_spike
2014-04-11 07:54:00,server-04,95.34,76.93,19.21,20.2,79.54,63.38,True,cpu_spike
2014-04-11 07:59:00,server-04,91.3,69.79,34.94,13.78,75.59,53.52,True,cpu_spike
2014-04-11 08:04:00,server-04,92.35,85.77,17.68,30.59,79.0,65.94,True,cpu_spike
2014-04-11 08:09:00,server-04,90.41,69.43,24.01,17.46,73.79,70.7,True,cpu_spike
2014-04-11 08:14:00,server-04,92.48,83.56,13.06,18.47,74.6,70.65,True,cpu_spike
2014-04-11 08:19:00,server-04,94.72,83.23,15.64,25.45,80.24,68.34,True,cpu_spike
2014-04-11 08:24:00,server-04,94.54,86.27,30.99,15.56,77.0,59.27,True,cpu_spike
2014-04-11 08:29:00,server-04,93.04,70.04,32.41,28.33,77.85,41.71,True,cpu_spike
2014-04-11 08:34:00,server-04,91.29,68.57,12.89,16.63,77.39,56.23,True,cpu_spike
2014-04-11 08:39:00,server-04,95.6,84.0,31.32,26.72,75.58,43.11,True,cpu_spike
2014-04-11 08:44:00,server-04,96.78,77.19,20.29,16.71,78.65,42.18,True,cpu_spike
2014-04-11 08:49:00,server-04,96.46,78.76,25.11,19.44,80.8,55.02,True,cpu_spike
2014-04-11 08:54:00,server-04,94.92,73.15,15.71,15.33,76.76,42.48,True,cpu_spike
2014-04-11 08:59:00,server-04,92.92,83.9,24.29,18.41,73.78,53.61,True,cpu_spike
2014-04-11 09:04:00,server-04,92.42,82.67,32.53,20.25,75.81,62.27,True,cpu_spike
2014-04-11 09:09:00,server-04,96.43,85.27,30.3,31.3,81.07,64.95,True,cpu_spike
2014-04-11 09:14:00,server-04,95.37,72.78,19.42,20.58,80.66,51.17,True,cpu_spike
2014-04-11 09:19:00,server-04,93.11,85.97,31.97,30.37,76.45,49.54,True,cpu_spike
2014-04-11 09:24:00,server-04,91.39,73.75,30.05,14.23,74.87,48.25,True,cpu_spike
2014-04-11 09:29:00,server-04,93.37,84.39,22.35,30.9,76.64,42.08,True,cpu_spike
2014-04-11 09:34:00,server-04,92.74,75.65,12.62,23.78,78.85,41.96,True,cpu_spike
2014-04-11 09:39:00,server-04,96.12,78.51,26.65,16.9,77.91,48.41,True,cpu_spike
2014-04-11 09:44:00,server-04,95.54,73.55,16.76,29.39,75.94,51.34,True,cpu_spike
2014-04-11 09:49:00,server-04,96.4,75.81,18.83,25.26,80.85,47.5,True,cpu_spike
2014-04-11 09:54:00,server-04,94.25,70.22,13.07,20.46,77.08,54.45,True,cpu_spike
2014-04-11 09:59:00,server-04,93.13,81.76,14.98,28.26,73.76,48.63,True,cpu_spike
2014-04-11 10:04:00,server-04,92.4,85.09,17.46,20.52,73.46,43.17,True,cpu_spike
2014-04-11 10:09:00,server-04,96.17,80.45,31.19,25.21,77.78,61.22,True,cpu_spike
2014-04-11 10:14:00,server-04,93.59,78.19,18.18,20.31,74.06,51.73,True,cpu_spike
2014-04-11 10:19:00,server-04,89.42,77.68,29.44,27.05,73.38,74.31,True,cpu_spike
2014-04-11 10:24:00,server-04,94.08,84.16,34.52,18.1,74.45,62.78,True,cpu_spike
2014-04-11 10:29:00,server-04,94.52,74.08,13.96,24.73,77.62,61.33,True,cpu_spike
2014-04-11 10:34:00,server-04,94.49,83.44,24.91,15.89,75.08,51.35,True,cpu_spike
2014-04-11 10:39:00,server-04,93.58,75.64,33.13,21.46,78.46,61.7,True,cpu_spike
2014-04-11 10:44:00,server-04,92.96,81.68,18.0,19.55,78.57,58.25,True,cpu_spike
2014-04-11 10:49:00,server-04,92.75,76.51,33.91,13.73,74.77,48.15,True,cpu_spike
2014-04-11 10:54:00,server-04,93.42,83.59,12.3,25.26,75.99,74.17,True,cpu_spike
2014-04-11 10:59:00,server-04,94.75,73.0,32.95,23.75,79.95,70.31,True,cpu_spike
2014-04-11 11:04:00,server-04,93.67,76.08,17.71,16.81,78.61,58.69,True,cpu_spike
2014-04-11 11:09:00,server-04,93.37,72.93,18.18,17.17,78.25,49.02,True,cpu_spike
2014-04-11 11:14:00,server-04,95.12,81.07,18.14,20.12,76.99,60.48,True,cpu_spike
2014-04-11 11:19:00,server-04,92.67,84.58,18.29,30.3,78.59,62.24,True,cpu_spike
2014-04-11 11:24:00,server-04,95.67,90.84,21.43,15.15,78.51,52.66,True,cpu_spike
2014-04-11 11:29:00,server-04,96.83,72.67,22.73,25.38,78.34,68.95,True,cpu_spike
2014-04-11 11:34:00,server-04,94.26,83.19,17.8,14.81,79.44,74.23,True,cpu_spike
2014-04-11 11:39:00,server-04,93.39,84.06,12.67,13.31,76.95,74.31,True,cpu_spike
2014-04-11 11:44:00,server-04,94.13,71.25,15.2,21.35,74.25,64.36,True,cpu_spike
2014-04-11 11:49:00,server-04,96.17,74.7,24.21,16.15,80.56,60.46,True,cpu_spike
2014-04-11 11:54:00,server-04,93.7,79.16,28.1,14.27,79.8,57.09,True,cpu_spike
2014-04-11 11:59:00,server-04,93.06,69.76,26.0,28.5,78.23,40.64,True,cpu_spike
2014-04-11 12:04:00,server-04,96.0,88.44,27.5,13.36,79.08,66.07,True,cpu_spike
2014-04-11 12:09:00,server-04,95.44,86.21,26.27,30.45,77.25,67.87,True,cpu_spike
2014-04-11 12:14:00,server-04,95.98,85.37,22.23,25.38,77.45,41.01,True,cpu_spike
2014-04-11 12:19:00,server-04,94.53,73.19,21.28,20.57,76.89,44.71,True,cpu_spike
2014-04-11 12:24:00,server-04,87.5,65.66,21.48,24.06,75.83,42.33,True,cpu_spike
2014-04-11 12:29:00,server-04,91.21,77.56,30.22,29.43,76.38,46.13,True,cpu_spike
2014-04-11 12:34:00,server-04,93.39,85.69,32.86,27.95,75.34,72.14,True,cpu_spike
2014-04-11 12:39:00,server-04,91.52,81.05,30.7,30.5,75.76,53.46,True,cpu_spike
2014-04-11 12:44:00,server-04,93.83,72.2,23.19,19.53,76.45,58.46,True,cpu_spike
2014-04-11 12:49:00,server-04,90.67,77.86,25.96,30.09,76.18,49.33,True,cpu_spike
2014-04-11 12:54:00,server-04,92.25,82.13,20.65,30.26,78.89,68.65,True,cpu_spike
2014-04-11 12:59:00,server-04,94.0,88.55,29.14,25.33,76.7,68.45,True,cpu_spike
2014-04-11 13:04:00,server-04,91.5,73.11,26.04,21.49,73.38,43.82,True,cpu_spike
2014-04-11 13:09:00,server-04,92.82,88.41,16.15,13.77,76.54,72.76,True,cpu_spike
2014-04-11 13:14:00,server-04,91.15,87.44,23.58,14.28,78.31,62.16,True,cpu_spike
2014-04-11 13:19:00,server-04,89.06,78.31,28.59,16.2,76.14,47.36,True,cpu_spike
2014-04-11 13:24:00,server-04,91.1,73.46,29.8,31.82,74.08,40.96,True,cpu_spike
2014-04-11 13:29:00,server-04,93.0,72.25,23.78,26.67,75.53,71.31,True,cpu_spike
2014-04-11 13:34:00,server-04,87.83,77.9,14.94,31.19,74.18,51.99,True,cpu_spike
2014-04-11 13:39:00,server-04,90.58,71.36,15.08,30.56,78.0,50.89,True,cpu_spike
2014-04-11 13:44:00,server-04,92.62,70.32,16.26,17.27,78.55,50.88,True,cpu_spike
2014-04-11 13:49:00,server-04,89.29,74.94,30.81,24.06,76.02,68.86,True,cpu_spike
2014-04-11 13:54:00,server-04,91.42,80.22,17.92,24.85,76.14,58.67,True,cpu_spike
2014-04-11 13:59:00,server-04,91.62,72.43,23.73,25.48,77.56,64.88,True,cpu_spike
2014-04-11 14:04:00,server-04,88.5,65.94,16.0,20.2,76.2,60.39,True,cpu_spike
2014-04-11 14:09:00,server-04,91.5,82.92,32.06,18.89,73.75,58.0,True,cpu_spike
2014-04-11 14:14:00,server-04,93.13,87.74,19.98,25.24,78.57,63.26,True,cpu_spike
2014-04-11 14:19:00,server-04,91.54,81.73,24.96,23.18,78.29,49.46,True,cpu_spike
2014-04-11 14:24:00,server-04,92.89,80.4,13.76,21.33,73.93,73.7,True,cpu_spike
2014-04-11 14:29:00,server-04,89.35,71.57,24.13,20.88,74.33,40.16,True,cpu_spike
2014-04-11 14:34:00,server-04,88.58,81.96,12.14,16.17,71.9,59.65,True,cpu_spike
2014-04-11 14:39:00,server-04,89.53,74.46,23.18,29.76,76.78,66.1,True,cpu_spike
2014-04-11 14:44:00,server-04,89.04,77.1,24.51,15.81,76.4,41.96,True,cpu_spike
2014-04-11 14:49:00,server-04,92.55,78.86,14.65,16.28,73.4,67.17,True,cpu_spike
2014-04-11 14:54:00,server-04,90.71,84.73,24.44,13.65,73.81,46.01,True,cpu_spike
2014-04-11 14:59:00,server-04,92.21,77.65,23.93,28.49,75.3,62.6,True,cpu_spike
2014-04-11 15:04:00,server-04,93.08,72.13,28.58,21.64,76.56,69.06,True,cpu_spike
2014-04-11 15:09:00,server-04,90.82,75.58,26.28,13.35,77.8,62.51,True,cpu_spike
2014-04-11 15:14:00,server-04,88.54,82.94,27.27,21.09,72.67,74.14,True,cpu_spike
2014-04-11 15:19:00,server-04,89.75,69.29,33.33,13.95,75.97,57.26,True,cpu_spike
2014-04-11 15:24:00,server-04,96.71,88.22,21.48,21.64,78.02,48.19,True,cpu_spike
2014-04-11 15:29:00,server-04,93.75,76.31,26.05,23.76,79.14,63.77,True,cpu_spike
2014-04-11 15:34:00,server-04,92.46,77.14,28.07,24.97,78.25,58.9,True,cpu_spike
2014-04-11 15:39:00,server-04,94.53,75.93,25.58,15.11,78.55,46.03,True,cpu_spike
2014-04-11 15:44:00,server-04,95.45,82.67,31.98,22.63,78.13,48.45,True,cpu_spike
2014-04-11 15:49:00,server-04,92.08,81.79,33.5,29.7,74.69,45.07,True,cpu_spike
2014-04-11 15:54:00,server-04,92.58,84.64,32.81,18.06,76.6,56.39,True,cpu_spike
2014-04-11 15:59:00,server-04,90.12,74.83,26.47,20.75,72.81,58.74,True,cpu_spike
2014-04-11 16:04:00,server-04,88.48,67.08,22.66,27.18,71.36,60.07,True,cpu_spike
2014-04-11 16:09:00,server-04,89.38,75.47,13.38,29.02,74.35,72.0,True,cpu_spike
2014-04-11 16:14:00,server-04,90.63,80.4,22.04,19.11,77.13,71.2,True,cpu_spike
2014-04-11 16:19:00,server-04,86.06,69.78,25.99,31.72,71.02,41.5,True,cpu_spike
2014-04-11 16:24:00,server-04,89.01,76.59,18.1,25.41,76.38,42.51,True,cpu_spike
2014-04-11 16:29:00,server-04,87.66,78.08,20.85,22.43,76.01,73.12,True,cpu_spike
2014-04-11 16:34:00,server-04,91.63,72.49,33.56,25.42,75.68,67.89,True,cpu_spike
2014-04-11 16:39:00,server-04,87.08,79.99,15.92,28.9,70.71,72.98,True,cpu_spike
2014-04-11 16:44:00,server-04,88.96,68.03,19.92,26.19,76.11,64.42,True,cpu_spike
2014-04-11 16:49:00,server-04,90.08,67.18,13.71,30.66,75.63,61.13,True,cpu_spike
2014-04-11 16:54:00,server-04,92.13,78.85,16.02,29.37,78.97,68.51,True,cpu_spike
2014-04-11 16:59:00,server-04,93.62,71.46,24.02,31.12,77.92,43.39,True,cpu_spike
2014-04-11 17:04:00,server-04,88.42,75.55,16.37,19.2,73.94,70.37,True,cpu_spike
2014-04-11 17:09:00,server-04,90.75,68.98,13.97,29.98,72.72,63.99,True,cpu_spike
2014-04-11 17:14:00,server-04,90.1,78.2,28.51,28.99,75.12,61.27,True,cpu_spike
2014-04-11 17:19:00,server-04,90.5,71.44,26.01,30.46,76.19,51.28,True,cpu_spike
2014-04-11 17:24:00,server-04,88.92,73.4,19.49,18.24,77.03,61.7,True,cpu_spike
2014-04-11 17:29:00,server-04,88.67,83.2,20.84,28.72,75.67,41.65,True,cpu_spike
2014-04-11 17:34:00,server-04,90.39,74.65,16.38,21.43,74.99,70.45,True,cpu_spike
2014-04-11 17:39:00,server-04,92.67,87.41,34.39,19.54,78.22,58.13,True,cpu_spike
2014-04-11 17:44:00,server-04,92.75,85.41,19.62,26.2,77.63,72.92,True,cpu_spike
2014-04-11 17:49:00,server-04,90.33,84.3,30.14,22.41,73.53,66.98,True,cpu_spike
2014-04-11 17:54:00,server-04,92.25,74.23,24.11,20.8,78.15,50.6,True,cpu_spike
2014-04-11 17:59:00,server-04,97.08,79.63,18.08,27.73,77.73,52.27,True,cpu_spike
2014-04-11 18:04:00,server-04,93.01,69.94,17.11,14.17,74.32,54.36,True,cpu_spike
2014-04-11 18:09:00,server-04,94.21,84.18,21.84,23.62,75.96,72.82,True,cpu_spike
2014-04-11 18:14:00,server-04,95.61,72.69,22.91,21.45,77.95,73.69,True,cpu_spike
2014-04-11 18:19:00,server-04,95.83,74.09,16.05,20.09,75.5,54.19,True,cpu_spike
2014-04-11 18:24:00,server-04,96.08,81.58,16.66,24.57,76.54,55.8,True,cpu_spike
2014-04-11 18:29:00,server-04,93.75,84.1,12.22,25.67,75.88,62.63,True,cpu_spike
2014-04-11 18:34:00,server-04,95.04,88.02,30.84,20.92,76.22,60.22,True,cpu_spike
2014-04-11 18:39:00,server-04,95.75,78.6,15.95,28.24,76.86,67.19,True,cpu_spike
2014-04-11 18:44:00,server-04,95.83,87.71,32.06,16.6,80.1,45.21,True,cpu_spike
2014-04-11 18:49:00,server-04,96.29,75.61,12.67,29.22,81.0,65.71,True,cpu_spike
2014-04-11 18:54:00,server-04,95.92,74.26,32.8,26.7,80.25,66.1,True,cpu_spike
2014-04-11 18:59:00,server-04,95.33,73.14,18.49,24.69,79.15,50.95,True,cpu_spike
2014-04-11 19:04:00,server-04,93.29,86.07,12.83,13.91,77.68,60.01,True,cpu_spike
2014-04-11 19:09:00,server-04,95.38,84.53,14.67,25.6,78.22,42.16,True,cpu_spike
2014-04-11 19:14:00,server-04,95.63,80.12,25.07,13.77,77.71,65.45,True,cpu_spike
2014-04-11 19:19:00,server-04,96.67,83.52,26.35,30.24,80.9,47.09,True,cpu_spike
2014-04-11 19:24:00,server-04,92.43,70.5,18.8,20.03,73.25,65.05,True,cpu_spike
2014-04-11 19:29:00,server-04,93.54,78.54,32.39,28.92,77.87,46.2,True,cpu_spike
2014-04-11 19:34:00,server-04,94.96,85.77,18.81,14.21,77.95,61.32,True,cpu_spike
2014-04-11 19:39:00,server-04,96.42,84.83,30.28,26.71,79.81,56.21,True,cpu_spike
2014-04-11 19:44:00,server-04,96.82,77.75,15.29,31.16,80.9,55.43,True,cpu_spike
2014-04-11 19:49:00,server-04,94.07,87.78,16.81,13.04,74.92,72.72,True,cpu_spike
2014-04-11 19:54:00,server-04,94.98,81.82,28.9,22.23,74.93,60.51,True,cpu_spike
2014-04-11 19:59:00,server-04,97.25,84.74,27.63,15.59,75.79,68.13,True,cpu_spike
2014-04-11 20:04:00,server-04,94.96,75.77,21.3,22.75,79.57,50.17,True,cpu_spike
2014-04-11 20:09:00,server-04,96.71,78.22,24.26,31.04,79.32,72.65,True,cpu_spike
2014-04-11 20:14:00,server-04,95.37,81.33,16.39,31.63,79.06,46.75,True,cpu_spike
2014-04-11 20:19:00,server-04,94.38,77.54,14.01,29.54,78.56,46.31,True,cpu_spike
2014-04-11 20:24:00,server-04,93.09,75.52,24.92,21.93,78.3,72.09,True,cpu_spike
2014-04-11 20:29:00,server-04,93.46,73.55,19.18,17.26,79.18,43.87,True,cpu_spike
2014-04-11 20:34:00,server-04,94.96,72.27,29.15,30.71,77.0,46.5,True,cpu_spike
2014-04-11 20:39:00,server-04,95.72,85.86,32.2,31.58,78.6,41.2,True,cpu_spike
2014-04-11 20:44:00,server-04,95.14,87.97,18.71,21.18,80.4,53.52,True,cpu_spike
2014-04-11 20:49:00,server-04,95.49,77.12,33.23,21.4,77.57,50.07,True,cpu_spike
2014-04-11 20:54:00,server-04,93.79,86.17,29.87,30.67,78.44,43.81,True,cpu_spike
2014-04-11 20:59:00,server-04,95.38,80.73,22.99,24.81,79.38,57.08,True,cpu_spike
2014-04-11 21:04:00,server-04,92.14,84.3,25.91,13.42,76.41,51.15,True,cpu_spike
2014-04-11 21:09:00,server-04,93.47,78.48,28.07,16.03,74.37,52.56,True,cpu_spike
2014-04-11 21:14:00,server-04,94.64,84.49,32.88,22.37,77.12,65.65,True,cpu_spike
2014-04-11 21:19:00,server-04,93.89,71.47,16.7,27.4,79.94,48.36,True,cpu_spike
2014-04-11 21:24:00,server-04,93.54,86.92,12.82,14.08,76.16,48.75,True,cpu_spike
2014-04-11 21:29:00,server-04,94.21,77.82,15.75,16.24,77.96,74.35,True,cpu_spike
2014-04-11 21:34:00,server-04,91.17,86.26,26.77,26.52,77.42,55.97,True,cpu_spike
2014-04-11 21:39:00,server-04,90.13,82.6,26.33,29.47,76.8,47.42,True,cpu_spike
2014-04-11 21:44:00,server-04,95.62,79.03,22.92,31.82,79.6,67.11,True,cpu_spike
2014-04-11 21:49:00,server-04,91.71,70.15,28.19,21.69,75.49,73.46,True,cpu_spike
2014-04-11 21:54:00,server-04,94.01,78.68,21.93,31.46,74.41,46.06,True,cpu_spike
2014-04-11 21:59:00,server-04,93.96,75.28,20.73,14.8,76.58,59.1,True,cpu_spike
2014-04-11 22:04:00,server-04,90.75,78.75,21.36,26.1,72.62,55.58,True,cpu_spike
2014-04-11 22:09:00,server-04,93.71,87.87,33.43,31.8,79.85,44.83,True,cpu_spike
2014-04-11 22:14:00,server-04,89.78,69.13,13.68,26.8,76.76,44.32,True,cpu_spike
2014-04-11 22:19:00,server-04,92.87,81.96,26.28,21.44,73.55,69.53,True,cpu_spike
2014-04-11 22:24:00,server-04,91.18,69.69,29.36,21.72,75.16,47.12,True,cpu_spike
2014-04-11 22:29:00,server-04,94.92,73.67,17.81,23.78,79.49,45.06,True,cpu_spike
2014-04-11 22:34:00,server-04,89.67,68.06,23.23,20.87,74.52,69.54,True,cpu_spike
2014-04-11 22:39:00,server-04,90.46,73.86,12.21,18.7,78.11,43.95,True,cpu_spike
2014-04-11 22:44:00,server-04,90.08,81.3,12.4,15.01,75.12,56.67,True,cpu_spike
2014-04-11 22:49:00,server-04,91.05,72.8,17.73,13.24,76.24,69.8,True,cpu_spike
2014-04-11 22:54:00,server-04,90.79,69.2,31.23,21.67,76.6,52.85,True,cpu_spike
2014-04-11 22:59:00,server-04,90.63,81.94,26.91,31.24,73.07,73.11,True,cpu_spike
2014-04-11 23:04:00,server-04,88.71,81.36,34.31,22.36,77.19,45.09,True,cpu_spike
2014-04-11 23:09:00,server-04,92.33,72.78,20.22,22.61,79.07,63.97,True,cpu_spike
2014-04-11 23:14:00,server-04,91.29,82.08,13.76,22.34,76.11,54.69,True,cpu_spike
2014-04-11 23:19:00,server-04,93.42,72.58,21.67,28.57,75.6,42.82,True,cpu_spike
2014-04-11 23:24:00,server-04,90.5,74.74,28.76,26.43,78.22,60.57,True,cpu_spike
2014-04-11 23:29:00,server-04,89.87,80.63,13.52,15.57,74.81,51.03,True,cpu_spike
2014-04-11 23:34:00,server-04,91.12,79.59,27.14,19.68,77.34,64.6,True,cpu_spike
2014-04-11 23:39:00,server-04,91.58,80.38,34.46,21.13,75.59,72.82,True,cpu_spike
2014-04-11 23:44:00,server-04,94.71,86.8,15.61,27.33,80.33,45.67,True,cpu_spike
2014-04-11 23:49:00,server-04,91.5,76.63,27.19,27.66,72.92,49.17,True,cpu_spike
2014-04-11 23:54:00,server-04,91.45,80.9,15.06,16.84,75.64,61.47,True,cpu_spike
2014-04-11 23:59:00,server-04,90.71,87.06,18.16,18.37,75.1,64.5,True,cpu_spike
2014-04-12 00:04:00,server-04,93.33,84.68,32.69,20.72,76.58,55.26,True,cpu_spike
2014-04-12 00:09:00,server-04,90.86,81.18,23.06,26.56,75.56,40.99,True,cpu_spike
2014-04-12 00:14:00,server-04,96.84,91.71,19.25,17.77,76.79,64.79,True,cpu_spike
2014-04-12 00:19:00,server-04,94.4,85.81,21.22,20.47,78.55,61.45,True,cpu_spike
2014-04-12 00:24:00,server-04,95.47,77.22,31.8,15.73,75.44,74.36,True,cpu_spike
2014-04-12 00:29:00,server-04,94.42,82.27,20.16,20.8,74.52,63.0,True,cpu_spike
2014-04-12 00:34:00,server-04,96.18,82.84,30.3,13.27,75.44,55.02,True,cpu_spike
2014-04-12 00:39:00,server-04,95.79,86.32,19.79,24.28,79.02,73.64,True,cpu_spike
2014-04-12 00:44:00,server-04,92.2,82.01,26.76,28.92,73.98,46.01,True,cpu_spike
2014-04-12 00:49:00,server-04,95.96,78.27,17.22,19.13,79.41,62.11,True,cpu_spike
2014-04-12 00:54:00,server-04,96.8,86.68,16.82,31.14,75.46,45.54,True,cpu_spike
2014-04-12 00:59:00,server-04,91.95,87.04,24.88,30.06,78.51,49.91,True,cpu_spike
2014-04-12 01:04:00,server-04,91.15,77.81,13.28,30.12,78.28,68.49,True,cpu_spike
2014-04-12 01:09:00,server-04,96.46,86.33,25.69,31.7,78.38,69.67,True,cpu_spike
2014-04-12 01:14:00,server-04,95.04,85.82,13.25,15.74,77.35,67.73,True,cpu_spike
2014-04-12 01:19:00,server-04,95.46,77.25,12.99,19.24,79.18,54.44,True,cpu_spike
2014-04-12 01:24:00,server-04,95.16,81.38,33.66,15.01,77.55,51.14,True,cpu_spike
2014-04-12 01:29:00,server-04,92.08,80.93,15.02,26.78,76.01,49.56,True,cpu_spike
2014-04-12 01:34:00,server-04,96.97,85.55,14.29,27.36,80.5,52.94,True,cpu_spike
2014-04-12 01:39:00,server-04,97.04,82.32,32.59,21.62,78.01,50.72,True,cpu_spike
2014-04-12 01:44:00,server-04,94.25,85.63,20.65,17.7,75.22,50.65,True,cpu_spike
2014-04-12 01:49:00,server-04,97.04,78.7,30.35,23.83,80.61,65.06,True,cpu_spike
2014-04-12 01:54:00,server-04,94.92,74.59,13.42,18.37,76.65,66.05,True,cpu_spike
2014-04-12 01:59:00,server-04,95.13,85.1,13.82,31.98,79.63,41.76,True,cpu_spike
2014-04-12 02:04:00,server-04,95.21,73.96,26.73,26.46,78.69,74.04,True,cpu_spike
2014-04-12 02:09:00,server-04,96.67,89.7,32.91,21.02,79.04,54.7,True,cpu_spike
2014-04-12 02:14:00,server-04,95.63,76.85,15.09,17.36,79.12,66.12,True,cpu_spike
2014-04-12 02:19:00,server-04,95.19,90.72,32.47,27.97,74.98,50.57,True,cpu_spike
2014-04-12 02:24:00,server-04,94.42,82.46,27.58,13.81,79.89,52.62,True,cpu_spike
2014-04-12 02:29:00,server-04,95.78,79.05,28.76,30.61,76.68,61.45,True,cpu_spike
2014-04-12 02:34:00,server-04,96.96,90.73,27.11,31.37,79.63,69.67,True,cpu_spike
2014-04-12 02:39:00,server-04,94.08,80.73,17.11,25.92,78.54,56.76,True,cpu_spike
2014-04-12 02:44:00,server-04,96.33,75.36,34.69,16.24,78.22,55.0,True,cpu_spike
2014-04-12 02:49:00,server-04,96.07,77.83,12.27,17.76,77.88,42.49,True,cpu_spike
2014-04-12 02:54:00,server-04,95.71,72.62,20.9,18.63,80.23,41.81,True,cpu_spike
2014-04-12 02:59:00,server-04,95.3,89.32,12.85,13.99,75.49,65.63,True,cpu_spike
2014-04-12 03:04:00,server-04,92.13,74.66,29.48,26.57,77.27,62.2,True,cpu_spike
2014-04-12 03:09:00,server-04,94.58,71.02,14.32,16.5,75.6,42.93,True,cpu_spike
2014-04-12 03:14:00,server-04,94.67,84.57,13.91,16.47,75.24,67.5,True,cpu_spike
2014-04-12 03:19:00,server-04,94.08,88.96,25.41,19.36,75.33,44.72,True,cpu_spike
2014-04-12 03:24:00,server-04,94.83,87.87,34.58,15.27,76.9,64.39,True,cpu_spike
2014-04-12 03:29:00,server-04,97.13,83.79,33.99,13.86,77.52,54.43,True,cpu_spike
2014-04-12 03:34:00,server-04,97.79,89.98,29.45,27.45,80.41,40.12,True,cpu_spike
2014-04-12 03:39:00,server-04,97.46,88.75,15.5,23.41,76.14,69.19,True,cpu_spike
2014-04-12 03:44:00,server-04,96.21,72.35,28.45,25.09,77.26,45.41,True,cpu_spike
2014-04-12 03:49:00,server-04,96.92,89.44,20.64,14.71,77.67,67.79,True,cpu_spike
2014-04-12 03:54:00,server-04,96.79,90.82,28.57,21.81,78.07,71.07,True,cpu_spike
2014-04-12 03:59:00,server-04,95.21,71.97,26.85,14.23,80.11,44.77,True,cpu_spike
2014-04-12 04:04:00,server-04,97.42,78.61,23.99,21.96,78.3,72.94,True,cpu_spike
2014-04-12 04:09:00,server-04,95.09,83.2,12.49,31.03,78.79,48.83,True,cpu_spike
2014-04-12 04:14:00,server-04,95.31,78.62,26.35,19.09,76.67,70.69,True,cpu_spike
2014-04-12 04:19:00,server-04,96.25,90.98,34.3,27.08,80.11,65.68,True,cpu_spike
2014-04-12 04:24:00,server-04,94.58,87.72,20.84,31.87,77.21,68.53,True,cpu_spike
2014-04-12 04:29:00,server-04,94.5,73.67,24.86,15.0,74.72,49.17,True,cpu_spike
2014-04-12 04:34:00,server-04,95.92,79.84,24.26,30.97,77.98,46.13,True,cpu_spike
2014-04-12 04:39:00,server-04,96.25,82.71,19.31,18.09,79.66,73.69,True,cpu_spike
2014-04-12 04:44:00,server-04,96.38,87.3,28.19,27.12,80.73,55.65,True,cpu_spike
2014-04-12 04:49:00,server-04,95.61,88.4,30.9,30.76,76.89,68.2,True,cpu_spike
2014-04-12 04:54:00,server-04,93.97,76.8,23.25,28.64,74.82,64.49,True,cpu_spike
2014-04-12 04:59:00,server-04,96.88,89.94,18.53,31.21,80.24,61.76,True,cpu_spike
2014-04-12 05:04:00,server-04,96.13,82.54,12.75,30.7,79.3,54.91,True,cpu_spike
2014-04-12 05:09:00,server-04,96.17,79.96,28.4,24.31,78.77,48.62,True,cpu_spike
2014-04-12 05:14:00,server-04,95.85,89.16,28.65,26.83,78.75,43.2,True,cpu_spike
2014-04-12 05:19:00,server-04,95.55,73.26,20.79,19.16,80.19,40.25,True,cpu_spike
2014-04-12 05:24:00,server-04,94.0,86.91,23.4,24.92,78.12,44.34,True,cpu_spike
2014-04-12 05:29:00,server-04,93.58,77.93,15.45,13.17,77.48,57.94,True,cpu_spike
2014-04-12 05:34:00,server-04,97.68,87.35,20.89,13.93,78.64,63.95,True,cpu_spike
2014-04-12 05:39:00,server-04,95.75,78.63,22.29,14.77,80.23,53.5,True,cpu_spike
2014-04-12 05:44:00,server-04,95.42,84.78,34.88,16.58,77.69,50.8,True,cpu_spike
2014-04-12 05:49:00,server-04,92.63,81.07,21.4,31.99,77.73,69.22,True,cpu_spike
2014-04-12 05:54:00,server-04,97.63,85.37,22.5,28.11,80.01,74.8,True,cpu_spike
2014-04-12 05:59:00,server-04,95.17,73.29,28.83,24.01,78.94,72.32,True,cpu_spike
2014-04-12 06:04:00,server-04,93.29,81.68,12.67,18.94,79.58,52.54,True,cpu_spike
2014-04-12 06:09:00,server-04,92.05,70.81,12.41,17.09,78.06,69.38,True,cpu_spike
2014-04-12 06:14:00,server-04,92.39,82.42,29.58,15.55,77.6,41.92,True,cpu_spike
2014-04-12 06:19:00,server-04,93.25,69.76,14.23,29.2,76.43,41.17,True,cpu_spike
2014-04-12 06:24:00,server-04,90.46,70.13,17.22,29.12,74.69,72.37,True,cpu_spike
2014-04-12 06:29:00,server-04,93.02,77.47,21.63,24.86,77.43,72.24,True,cpu_spike
2014-04-12 06:34:00,server-04,93.08,87.91,22.25,13.1,74.08,57.78,True,cpu_spike
2014-04-12 06:39:00,server-04,93.33,88.29,34.62,24.83,73.71,62.95,True,cpu_spike
2014-04-12 06:44:00,server-04,94.21,78.75,32.63,24.67,75.13,49.93,True,cpu_spike
2014-04-12 06:49:00,server-04,89.67,68.53,34.76,19.44,76.9,55.68,True,cpu_spike
2014-04-12 06:54:00,server-04,94.71,90.27,33.59,17.91,79.11,43.25,True,cpu_spike
2014-04-12 06:59:00,server-04,92.77,69.86,30.56,14.46,74.79,61.93,True,cpu_spike
2014-04-12 07:04:00,server-04,94.77,83.08,19.88,22.35,76.39,58.69,True,cpu_spike
2014-04-12 07:09:00,server-04,96.5,84.98,27.01,31.31,77.1,60.74,True,cpu_spike
2014-04-12 07:14:00,server-04,95.04,76.47,18.46,24.89,76.77,55.04,True,cpu_spike
2014-04-12 07:19:00,server-04,92.58,75.44,21.25,23.61,76.68,70.08,True,cpu_spike
2014-04-12 07:24:00,server-04,93.33,77.31,27.84,16.5,74.9,72.72,True,cpu_spike
2014-04-12 07:29:00,server-04,96.04,76.28,27.0,30.4,80.92,42.8,True,cpu_spike
2014-04-12 07:34:00,server-04,93.5,76.6,13.47,19.91,75.36,43.55,True,cpu_spike
2014-04-12 07:39:00,server-04,95.71,79.98,21.18,30.82,79.91,47.4,True,cpu_spike
2014-04-12 07:44:00,server-04,95.13,77.76,17.23,31.25,74.93,65.35,True,cpu_spike
2014-04-12 07:49:00,server-04,96.0,77.12,25.11,20.03,75.84,69.92,True,cpu_spike
2014-04-12 07:54:00,server-04,93.92,76.61,24.83,21.67,78.53,74.54,True,cpu_spike
2014-04-12 07:59:00,server-04,94.71,71.24,17.67,24.87,77.84,62.19,True,cpu_spike
2014-04-12 08:04:00,server-04,95.33,88.26,32.51,15.95,75.1,56.6,True,cpu_spike
2014-04-12 08:09:00,server-04,97.17,76.43,14.72,19.69,81.22,48.47,True,cpu_spike
2014-04-12 08:14:00,server-04,95.6,90.18,28.28,28.08,79.52,43.65,True,cpu_spike
2014-04-12 08:19:00,server-04,95.64,87.15,15.04,27.55,78.3,61.91,True,cpu_spike
2014-04-12 08:24:00,server-04,93.24,86.96,30.84,27.17,76.14,60.22,True,cpu_spike
2014-04-12 08:29:00,server-04,95.72,88.67,23.39,21.93,78.58,52.74,True,cpu_spike
2014-04-12 08:34:00,server-04,95.71,76.16,17.35,13.45,79.95,58.85,True,cpu_spike
2014-04-12 08:39:00,server-04,96.42,87.35,29.71,22.89,76.37,60.83,True,cpu_spike
2014-04-12 08:44:00,server-04,95.71,84.78,14.31,17.28,77.69,52.45,True,cpu_spike
2014-04-12 08:49:00,server-04,95.58,76.23,29.45,18.73,80.48,57.13,True,cpu_spike
2014-04-12 08:54:00,server-04,96.73,75.33,25.97,17.82,77.57,47.29,True,cpu_spike
2014-04-12 08:59:00,server-04,96.71,72.78,29.84,14.29,76.55,45.4,True,cpu_spike
2014-04-12 09:04:00,server-04,95.23,76.95,29.85,31.97,75.41,46.71,True,cpu_spike
2014-04-12 09:09:00,server-04,94.43,87.08,33.24,18.92,74.55,44.83,True,cpu_spike
2014-04-12 09:14:00,server-04,93.63,74.68,28.43,14.95,75.32,45.43,True,cpu_spike
2014-04-12 09:19:00,server-04,95.96,74.29,20.51,15.65,75.42,61.83,True,cpu_spike
2014-04-12 09:24:00,server-04,94.67,76.52,34.42,13.18,74.8,43.69,True,cpu_spike
2014-04-12 09:29:00,server-04,93.6,81.72,27.5,20.31,77.82,57.04,True,cpu_spike
2014-04-12 09:34:00,server-04,93.33,82.09,31.24,31.69,78.99,51.31,True,cpu_spike
2014-04-12 09:39:00,server-04,94.29,85.43,23.98,27.4,78.58,71.71,True,cpu_spike
2014-04-12 09:44:00,server-04,95.21,88.09,21.98,28.34,78.78,71.41,True,cpu_spike
2014-04-12 09:49:00,server-04,96.42,72.5,31.97,28.3,78.69,60.45,True,cpu_spike
2014-04-12 09:54:00,server-04,94.17,84.73,17.18,21.04,74.34,56.45,True,cpu_spike
2014-04-12 09:59:00,server-04,94.87,72.38,13.75,19.98,79.6,62.62,True,cpu_spike
2014-04-12 10:04:00,server-04,93.5,88.73,32.39,31.93,75.45,67.84,True,cpu_spike
2014-04-12 10:09:00,server-04,91.46,81.48,13.43,19.04,74.23,43.15,True,cpu_spike
2014-04-12 10:14:00,server-04,91.29,70.87,33.98,16.07,77.6,50.47,True,cpu_spike
2014-04-12 10:19:00,server-04,92.92,77.82,34.27,17.21,75.24,50.79,True,cpu_spike
2014-04-12 10:24:00,server-04,95.33,88.5,27.78,25.76,79.94,47.76,True,cpu_spike
2014-04-12 10:29:00,server-04,94.21,79.7,25.29,16.97,78.03,73.54,True,cpu_spike
2014-04-12 10:34:00,server-04,96.29,89.82,25.45,16.48,76.05,51.17,True,cpu_spike
2014-04-12 10:39:00,server-04,94.42,76.17,28.75,22.03,75.29,62.42,True,cpu_spike
2014-04-12 10:44:00,server-04,92.97,74.79,29.45,14.2,75.02,66.59,True,cpu_spike
2014-04-12 10:49:00,server-04,94.25,75.84,14.8,19.83,78.16,44.7,True,cpu_spike
2014-04-12 10:54:00,server-04,97.71,83.12,12.92,19.51,78.03,52.43,True,cpu_spike
2014-04-12 10:59:00,server-04,95.1,82.26,24.45,19.42,75.14,71.56,True,cpu_spike
2014-04-12 11:04:00,server-04,95.41,89.36,26.63,23.76,76.02,49.37,True,cpu_spike
2014-04-12 11:09:00,server-04,94.57,75.86,22.56,30.73,77.99,52.23,True,cpu_spike
2014-04-12 11:14:00,server-04,95.49,75.4,31.92,23.54,78.39,67.06,True,cpu_spike
2014-04-12 11:19:00,server-04,94.21,86.01,14.41,27.31,74.53,70.68,True,cpu_spike
2014-04-12 11:24:00,server-04,94.12,72.9,30.52,28.58,79.08,42.87,True,cpu_spike
2014-04-12 11:29:00,server-04,95.05,86.18,16.29,29.25,75.13,72.14,True,cpu_spike
2014-04-12 11:34:00,server-04,96.58,89.93,29.51,31.25,77.81,52.48,True,cpu_spike
2014-04-12 11:39:00,server-04,94.43,79.38,14.1,28.02,79.26,43.5,True,cpu_spike
2014-04-12 11:44:00,server-04,96.43,85.21,12.69,28.08,78.32,68.53,True,cpu_spike
2014-04-12 11:49:00,server-04,97.04,81.23,17.03,14.79,81.11,44.95,True,cpu_spike
2014-04-12 11:54:00,server-04,96.31,72.97,23.51,13.03,77.82,68.06,True,cpu_spike
2014-04-12 11:59:00,server-04,95.29,81.97,29.44,24.6,78.57,56.77,True,cpu_spike
2014-04-12 12:04:00,server-04,94.04,80.39,32.69,19.77,74.24,67.42,True,cpu_spike
2014-04-12 12:09:00,server-04,96.78,89.85,32.07,28.37,75.73,72.63,True,cpu_spike
2014-04-12 12:14:00,server-04,95.67,90.41,21.41,19.28,75.3,69.69,True,cpu_spike
2014-04-12 12:19:00,server-04,95.0,78.31,26.31,31.08,75.38,70.66,True,cpu_spike
2014-04-12 12:24:00,server-04,94.67,89.99,29.72,30.77,76.65,67.08,True,cpu_spike
2014-04-12 12:29:00,server-04,95.75,84.99,25.18,18.08,77.46,52.59,True,cpu_spike
2014-04-12 12:34:00,server-04,96.83,89.46,33.43,23.7,75.51,50.52,True,cpu_spike
2014-04-12 12:39:00,server-04,95.88,80.85,24.82,19.88,76.21,52.89,True,cpu_spike
2014-04-12 12:44:00,server-04,95.83,84.68,25.83,20.77,78.63,41.99,True,cpu_spike
2014-04-12 12:49:00,server-04,95.96,79.87,23.06,22.06,75.75,46.52,True,cpu_spike
2014-04-12 12:54:00,server-04,93.03,81.34,33.21,13.76,75.94,45.12,True,cpu_spike
2014-04-12 12:59:00,server-04,93.04,75.89,34.64,29.85,73.72,40.39,True,cpu_spike
2014-04-12 13:04:00,server-04,96.17,88.81,15.11,13.71,76.79,56.65,True,cpu_spike
2014-04-12 13:09:00,server-04,96.0,74.82,33.55,22.86,75.87,44.45,True,cpu_spike
2014-04-12 13:14:00,server-04,96.33,84.22,19.18,19.1,80.46,57.32,True,cpu_spike
2014-04-12 13:19:00,server-04,95.13,80.96,32.19,22.6,78.53,56.92,True,cpu_spike
2014-04-12 13:24:00,server-04,94.25,74.77,18.28,31.97,76.5,56.78,True,cpu_spike
2014-04-12 13:29:00,server-04,93.33,87.5,27.96,21.35,77.72,70.62,True,cpu_spike
2014-04-12 13:34:00,server-04,95.12,79.7,32.46,28.54,79.46,72.8,True,cpu_spike
2014-04-12 13:39:00,server-04,95.63,72.07,30.91,23.55,77.27,70.83,True,cpu_spike
2014-04-12 13:44:00,server-04,95.54,82.75,28.31,23.93,76.28,54.15,True,cpu_spike
2014-04-12 13:49:00,server-04,96.13,75.43,20.49,13.63,81.01,56.91,True,cpu_spike
2014-04-12 13:54:00,server-04,92.72,81.61,15.35,16.31,74.99,71.37,True,cpu_spike
2014-04-12 13:59:00,server-04,96.29,90.34,29.01,30.77,76.47,41.71,True,cpu_spike
2014-04-12 14:04:00,server-04,94.92,78.05,15.49,15.67,75.85,50.94,True,cpu_spike
2014-04-12 14:09:00,server-04,96.42,81.43,13.68,23.24,78.15,72.64,True,cpu_spike
2014-04-12 14:14:00,server-04,92.17,79.67,18.75,23.83,73.81,58.77,True,cpu_spike
2014-04-12 14:19:00,server-04,93.67,69.72,20.72,27.39,77.31,58.4,True,cpu_spike
2014-04-12 14:24:00,server-04,95.29,85.97,34.52,30.37,78.16,46.76,True,cpu_spike
2014-04-12 14:29:00,server-04,95.25,76.67,12.45,24.37,78.97,66.79,True,cpu_spike
2014-04-12 14:34:00,server-04,94.33,89.2,13.5,28.8,76.3,44.54,True,cpu_spike
2014-04-12 14:39:00,server-04,93.13,81.17,19.72,26.48,73.96,46.39,True,cpu_spike
2014-04-12 14:44:00,server-04,96.88,75.12,34.18,19.67,77.36,71.54,True,cpu_spike
2014-04-12 14:49:00,server-04,94.46,81.17,29.46,16.66,78.36,56.31,True,cpu_spike
2014-04-12 14:54:00,server-04,93.96,87.25,16.61,26.93,74.28,46.11,True,cpu_spike
2014-04-12 14:59:00,server-04,96.38,91.0,34.15,22.01,80.96,48.75,True,cpu_spike
2014-04-12 15:04:00,server-04,92.77,81.73,32.32,15.16,78.63,57.53,True,cpu_spike
2014-04-12 15:09:00,server-04,95.49,71.96,16.82,20.68,78.98,61.84,True,cpu_spike
2014-04-12 15:14:00,server-04,92.45,83.28,23.75,19.55,75.8,74.22,True,cpu_spike
2014-04-12 15:19:00,server-04,92.13,68.76,17.15,24.95,76.09,61.68,True,cpu_spike
2014-04-12 15:24:00,server-04,95.06,73.55,23.97,17.59,77.82,62.71,True,cpu_spike
2014-04-12 15:29:00,server-04,95.06,89.03,33.45,21.34,74.57,72.78,True,cpu_spike
2014-04-12 15:34:00,server-04,92.75,83.12,12.91,24.22,76.16,73.28,True,cpu_spike
2014-04-12 15:39:00,server-04,94.85,70.88,24.29,22.71,78.44,63.57,True,cpu_spike
2014-04-12 15:44:00,server-04,96.81,89.21,26.76,19.56,76.8,60.49,True,cpu_spike
2014-04-12 15:49:00,server-04,93.46,80.74,32.37,18.23,76.42,47.02,True,cpu_spike
2014-04-12 15:54:00,server-04,94.5,86.33,12.36,17.8,77.54,53.62,True,cpu_spike
2014-04-12 15:59:00,server-04,94.64,76.37,16.7,31.52,79.35,42.13,True,cpu_spike
2014-04-12 16:04:00,server-04,94.87,84.44,34.31,21.66,75.03,55.8,True,cpu_spike
2014-04-12 16:09:00,server-04,94.88,73.09,31.54,17.88,76.99,69.8,True,cpu_spike
2014-04-12 16:14:00,server-04,93.08,81.33,19.36,22.74,76.6,47.71,True,cpu_spike
2014-04-12 16:19:00,server-04,94.67,73.37,25.79,20.78,74.54,61.87,True,cpu_spike
2014-04-12 16:24:00,server-04,94.87,81.07,18.55,25.18,79.0,52.71,True,cpu_spike
2014-04-12 16:29:00,server-04,95.13,88.91,31.48,17.51,77.75,71.47,True,cpu_spike
2014-04-12 16:34:00,server-04,91.54,71.4,17.44,20.63,73.05,48.21,True,cpu_spike
2014-04-12 16:39:00,server-04,88.97,71.76,15.23,28.58,74.43,42.07,True,cpu_spike
2014-04-12 16:44:00,server-04,91.79,70.4,27.23,25.6,76.56,52.52,True,cpu_spike
2014-04-12 16:49:00,server-04,93.13,75.11,13.99,14.0,75.77,72.83,True,cpu_spike
2014-04-12 16:54:00,server-04,93.96,76.88,12.8,13.15,79.19,62.4,True,cpu_spike
2014-04-12 16:59:00,server-04,94.33,83.12,34.0,30.26,79.4,69.87,True,cpu_spike
2014-04-12 17:04:00,server-04,93.24,85.78,16.52,25.96,74.55,48.47,True,cpu_spike
2014-04-12 17:09:00,server-04,94.04,74.05,28.7,30.86,77.0,69.95,True,cpu_spike
2014-04-12 17:14:00,server-04,97.25,89.47,17.38,22.44,78.08,49.1,True,cpu_spike
2014-04-12 17:19:00,server-04,93.88,84.4,28.73,18.23,74.54,62.08,True,cpu_spike
2014-04-12 17:24:00,server-04,97.38,84.97,20.12,28.3,78.9,63.12,True,cpu_spike
2014-04-12 17:29:00,server-04,96.66,75.96,31.43,16.15,80.29,63.97,True,cpu_spike
2014-04-12 17:34:00,server-04,97.0,73.48,34.52,28.69,79.78,61.02,True,cpu_spike
2014-04-12 17:39:00,server-04,96.88,80.4,27.62,25.81,80.8,42.79,True,cpu_spike
2014-04-12 17:44:00,server-04,95.04,87.96,14.01,30.2,78.88,52.24,True,cpu_spike
2014-04-12 17:49:00,server-04,95.46,87.26,34.85,31.87,79.58,41.94,True,cpu_spike
2014-04-12 17:54:00,server-04,96.79,81.61,22.56,20.84,78.33,73.0,True,cpu_spike
2014-04-12 17:59:00,server-04,93.04,79.34,15.88,26.13,75.02,44.62,True,cpu_spike
2014-04-12 18:04:00,server-04,96.64,74.9,18.34,20.09,76.2,65.67,True,cpu_spike
2014-04-12 18:09:00,server-04,95.44,80.67,27.39,14.62,77.71,43.84,True,cpu_spike
2014-04-12 18:14:00,server-04,95.31,85.59,20.93,28.19,80.38,56.63,True,cpu_spike
2014-04-12 18:19:00,server-04,94.5,79.08,20.35,21.2,74.38,54.84,True,cpu_spike
2014-04-12 18:24:00,server-04,94.78,72.98,13.55,17.84,75.7,50.96,True,cpu_spike
2014-04-12 18:29:00,server-04,94.65,74.2,27.6,14.22,79.77,53.2,True,cpu_spike
2014-04-12 18:34:00,server-04,89.28,83.4,14.77,29.19,77.53,66.17,True,cpu_spike
2014-04-12 18:39:00,server-04,90.51,73.68,20.96,18.38,75.28,40.23,True,cpu_spike
2014-04-12 18:44:00,server-04,91.33,68.92,27.71,17.84,73.43,49.47,True,cpu_spike
2014-04-12 18:49:00,server-04,95.17,90.64,20.26,20.13,76.43,54.26,True,cpu_spike
2014-04-12 18:54:00,server-04,94.29,82.64,17.69,21.83,75.45,57.91,True,cpu_spike
2014-04-12 18:59:00,server-04,93.83,86.2,22.83,28.39,78.74,46.41,True,cpu_spike
2014-04-12 19:04:00,server-04,95.54,88.01,17.13,27.3,79.04,74.12,True,cpu_spike
2014-04-12 19:09:00,server-04,94.79,81.6,22.11,13.47,79.32,47.13,True,cpu_spike
2014-04-12 19:14:00,server-04,95.02,84.63,18.86,15.78,74.91,42.1,True,cpu_spike
2014-04-12 19:19:00,server-04,94.88,80.66,16.42,26.45,79.56,63.74,True,cpu_spike
2014-04-12 19:24:00,server-04,96.08,86.87,14.78,20.11,77.14,44.72,True,cpu_spike
2014-04-12 19:29:00,server-04,95.04,88.01,24.86,24.76,79.77,57.68,True,cpu_spike
2014-04-12 19:34:00,server-04,93.58,71.59,14.83,13.25,74.34,59.45,True,cpu_spike
2014-04-12 19:39:00,server-04,95.67,90.18,34.02,18.87,79.81,43.63,True,cpu_spike
2014-04-12 19:44:00,server-04,95.67,72.63,34.97,29.85,75.62,44.29,True,cpu_spike
2014-04-12 19:49:00,server-04,95.04,70.88,25.58,26.27,78.66,41.7,True,cpu_spike
2014-04-12 19:54:00,server-04,95.7,86.9,30.11,26.78,77.19,49.36,True,cpu_spike
2014-04-12 19:59:00,server-04,94.91,80.07,21.62,26.38,77.52,46.78,True,cpu_spike
2014-04-12 20:04:00,server-04,94.51,79.05,25.14,16.69,75.65,60.79,True,cpu_spike
2014-04-12 20:09:00,server-04,94.54,81.24,16.95,28.94,76.47,55.46,True,cpu_spike
2014-04-12 20:14:00,server-04,93.2,78.02,25.25,23.29,79.52,57.07,True,cpu_spike
2014-04-12 20:19:00,server-04,96.51,78.72,23.29,15.04,77.0,60.13,True,cpu_spike
2014-04-12 20:24:00,server-04,93.88,72.82,20.66,17.48,75.51,53.72,True,cpu_spike
2014-04-12 20:29:00,server-04,95.7,82.03,20.89,15.03,78.66,51.39,True,cpu_spike
2014-04-12 20:34:00,server-04,93.67,69.66,24.26,24.65,77.53,64.62,True,cpu_spike
2014-04-12 20:39:00,server-04,91.83,72.1,26.84,16.03,74.09,60.97,True,cpu_spike
2014-04-12 20:44:00,server-04,95.57,76.89,21.91,13.37,75.6,40.7,True,cpu_spike
2014-04-12 20:49:00,server-04,94.33,71.59,30.53,19.6,78.77,58.89,True,cpu_spike
2014-04-12 20:54:00,server-04,95.54,87.61,13.17,25.52,80.62,48.35,True,cpu_spike
2014-04-12 20:59:00,server-04,96.08,77.37,16.73,24.88,77.91,51.98,True,cpu_spike
2014-04-12 21:04:00,server-04,95.33,89.95,15.74,23.58,79.86,61.55,True,cpu_spike
2014-04-12 21:09:00,server-04,94.38,78.19,33.07,26.31,77.04,68.95,True,cpu_spike
2014-04-12 21:14:00,server-04,92.25,83.51,26.14,16.61,76.54,67.22,True,cpu_spike
2014-04-12 21:19:00,server-04,95.63,82.07,31.29,14.94,79.47,52.94,True,cpu_spike
2014-04-12 21:24:00,server-04,93.62,78.72,31.9,17.76,78.57,50.12,True,cpu_spike
2014-04-12 21:29:00,server-04,92.38,87.15,13.91,13.39,77.28,52.41,True,cpu_spike
2014-04-12 21:34:00,server-04,92.37,76.41,22.3,17.03,79.0,66.5,True,cpu_spike
2014-04-12 21:39:00,server-04,95.71,80.06,32.17,29.7,77.62,63.97,True,cpu_spike
2014-04-12 21:44:00,server-04,94.59,72.26,30.76,22.0,76.27,64.25,True,cpu_spike
2014-04-12 21:49:00,server-04,92.59,82.01,18.6,15.89,78.97,61.99,True,cpu_spike
2014-04-12 21:54:00,server-04,91.46,82.18,12.91,31.24,74.94,56.65,True,cpu_spike
2014-04-12 21:59:00,server-04,95.29,74.13,32.18,28.36,79.97,70.8,True,cpu_spike
2014-04-12 22:04:00,server-04,96.0,79.9,28.57,26.2,78.29,58.37,True,cpu_spike
2014-04-12 22:09:00,server-04,96.71,83.73,29.89,13.99,76.99,50.97,True,cpu_spike
2014-04-12 22:14:00,server-04,91.71,84.79,28.44,30.99,73.91,43.58,True,cpu_spike
2014-04-12 22:19:00,server-04,93.77,83.63,22.79,20.85,74.87,67.48,True,cpu_spike
2014-04-12 22:24:00,server-04,96.73,77.27,18.18,25.39,75.83,42.43,True,cpu_spike
2014-04-12 22:29:00,server-04,94.42,82.57,17.08,13.04,75.11,57.28,True,cpu_spike
2014-04-12 22:34:00,server-04,94.0,87.81,13.3,21.45,76.4,41.81,True,cpu_spike
2014-04-12 22:39:00,server-04,95.54,86.57,34.22,25.27,75.68,44.38,True,cpu_spike
2014-04-12 22:44:00,server-04,95.17,89.52,34.02,18.29,79.54,60.35,True,cpu_spike
2014-04-12 22:49:00,server-04,95.58,76.44,29.55,21.15,74.87,42.27,True,cpu_spike
2014-04-12 22:54:00,server-04,96.42,89.84,15.34,24.23,77.35,55.23,True,cpu_spike
2014-04-12 22:59:00,server-04,92.86,75.58,19.99,28.34,77.22,73.1,True,cpu_spike
2014-04-12 23:04:00,server-04,94.6,83.71,33.44,20.75,75.04,45.69,True,cpu_spike
2014-04-12 23:09:00,server-04,91.88,85.5,31.61,13.15,75.45,51.22,True,cpu_spike
2014-04-12 23:14:00,server-04,92.71,69.77,19.28,30.79,77.34,40.71,True,cpu_spike
2014-04-12 23:19:00,server-04,94.42,82.8,30.36,18.28,77.78,58.58,True,cpu_spike
2014-04-12 23:24:00,server-04,92.4,85.7,15.63,25.57,76.05,71.64,True,cpu_spike
2014-04-12 23:29:00,server-04,96.62,79.17,25.94,17.08,79.23,46.16,True,cpu_spike
2014-04-12 23:34:00,server-04,96.58,77.11,15.85,23.61,80.7,44.53,True,cpu_spike
2014-04-12 23:39:00,server-04,94.67,70.72,27.83,23.35,78.8,42.19,True,cpu_spike
2014-04-12 23:44:00,server-04,96.04,90.44,21.12,22.25,79.16,73.37,True,cpu_spike
2014-04-12 23:49:00,server-04,93.97,81.63,24.55,22.92,75.44,47.38,True,cpu_spike
2014-04-12 23:54:00,server-04,99.12,88.81,27.76,29.02,81.17,46.68,True,cpu_spike
2014-04-12 23:59:00,server-04,95.04,80.77,26.43,30.88,78.66,44.68,True,cpu_spike
2014-04-13 00:04:00,server-04,95.32,75.38,24.85,14.05,77.7,66.4,True,cpu_spike
2014-04-13 00:09:00,server-04,96.13,82.3,31.98,23.5,79.76,48.81,True,cpu_spike
2014-04-13 00:14:00,server-04,94.34,72.04,26.11,31.26,75.36,43.99,True,cpu_spike
2014-04-13 00:19:00,server-04,95.85,76.14,26.99,17.16,76.08,43.57,True,cpu_spike
2014-04-13 00:24:00,server-04,94.04,78.22,33.08,13.99,74.86,69.45,True,cpu_spike
2014-04-13 00:29:00,server-04,94.0,77.18,19.01,13.49,79.15,65.49,True,cpu_spike
2014-04-13 00:34:00,server-04,93.54,82.88,29.49,27.24,79.43,59.35,True,cpu_spike
2014-04-13 00:39:00,server-04,96.67,91.5,26.16,17.46,76.59,63.78,True,cpu_spike
2014-04-13 00:44:00,server-04,97.29,77.29,23.19,25.7,80.12,42.06,True,cpu_spike
2014-04-13 00:49:00,server-04,95.75,83.64,31.15,23.44,79.86,60.5,True,cpu_spike
2014-04-13 00:54:00,server-04,96.42,83.32,24.21,26.12,78.23,49.91,True,cpu_spike
2014-04-13 00:59:00,server-04,95.53,90.09,23.9,13.23,76.77,52.25,True,cpu_spike
2014-04-13 01:04:00,server-04,96.14,77.74,21.44,18.21,80.14,70.75,True,cpu_spike
2014-04-13 01:09:00,server-04,95.15,79.18,22.64,13.99,76.92,56.21,True,cpu_spike
2014-04-13 01:14:00,server-04,93.52,70.69,18.39,22.95,78.77,58.57,True,cpu_spike
2014-04-13 01:19:00,server-04,94.46,88.83,26.4,31.4,77.47,74.0,True,cpu_spike
2014-04-13 01:24:00,server-04,96.04,77.47,14.5,15.68,78.8,55.5,True,cpu_spike
2014-04-13 01:29:00,server-04,95.87,80.6,16.93,25.08,79.57,60.03,True,cpu_spike
2014-04-13 01:34:00,server-04,95.6,76.34,17.51,13.36,77.49,41.43,True,cpu_spike
2014-04-13 01:39:00,server-04,96.04,91.44,17.61,13.17,77.6,40.38,True,cpu_spike
2014-04-13 01:44:00,server-04,95.75,89.31,18.22,15.06,79.3,60.82,True,cpu_spike
2014-04-13 01:49:00,server-04,93.17,78.3,22.76,27.93,78.95,63.6,True,cpu_spike
2014-04-13 01:54:00,server-04,97.18,73.64,16.98,13.39,76.63,66.02,True,cpu_spike
2014-04-13 01:59:00,server-04,93.87,73.12,34.49,31.07,79.13,71.73,True,cpu_spike
2014-04-13 02:04:00,server-04,93.67,71.05,20.45,22.89,77.22,48.72,True,cpu_spike
2014-04-13 02:09:00,server-04,96.39,76.34,14.95,14.41,79.38,57.79,True,cpu_spike
2014-04-13 02:14:00,server-04,94.12,71.37,26.17,30.32,76.49,70.28,True,cpu_spike
2014-04-13 02:19:00,server-04,93.74,85.57,32.25,13.28,74.35,66.38,True,cpu_spike
2014-04-13 02:24:00,server-04,95.71,74.54,19.4,31.74,76.37,72.34,True,cpu_spike
2014-04-13 02:29:00,server-04,96.17,90.85,24.82,27.1,78.9,52.26,True,cpu_spike
2014-04-13 02:34:00,server-04,95.71,82.68,30.29,26.79,77.91,63.14,True,cpu_spike
2014-04-13 02:39:00,server-04,95.67,78.3,26.4,31.46,79.21,50.82,True,cpu_spike
2014-04-13 02:44:00,server-04,96.21,88.61,20.36,18.58,78.52,71.41,True,cpu_spike
2014-04-13 02:49:00,server-04,95.17,75.13,26.73,28.35,78.71,42.31,True,cpu_spike
2014-04-13 02:54:00,server-04,96.64,83.81,13.15,26.78,80.06,48.13,True,cpu_spike
2014-04-13 02:59:00,server-04,96.67,89.54,20.14,19.8,78.87,40.92,True,cpu_spike
2014-04-13 03:04:00,server-04,93.62,77.34,22.8,25.68,78.79,69.86,True,cpu_spike
2014-04-13 03:09:00,server-04,94.5,84.97,31.3,29.07,77.94,44.61,True,cpu_spike
2014-04-13 03:14:00,server-04,95.4,72.65,28.73,24.27,79.93,69.49,True,cpu_spike
2014-04-13 03:19:00,server-04,92.77,78.48,27.03,30.12,75.29,70.53,True,cpu_spike
2014-04-13 03:24:00,server-04,94.96,87.89,22.41,22.15,75.45,44.88,True,cpu_spike
2014-04-13 03:29:00,server-04,94.92,89.54,21.51,30.13,80.16,43.91,True,cpu_spike
2014-04-13 03:34:00,server-04,94.33,81.43,34.99,15.09,75.32,74.44,True,cpu_spike
2014-04-13 03:39:00,server-04,95.94,73.62,31.19,19.45,77.92,43.32,True,cpu_spike
2014-04-13 03:44:00,server-04,92.36,81.38,29.9,15.91,75.1,46.58,True,cpu_spike
2014-04-13 03:49:00,server-04,96.75,76.47,22.43,25.22,77.24,42.5,True,cpu_spike
2014-04-13 03:54:00,server-04,95.54,75.21,14.68,26.39,80.54,67.28,True,cpu_spike
2014-04-13 03:59:00,server-04,95.13,78.76,19.78,24.75,76.42,49.16,True,cpu_spike
2014-04-13 04:04:00,server-04,95.21,82.61,12.53,19.25,77.53,59.2,True,cpu_spike
2014-04-13 04:09:00,server-04,93.89,73.23,17.07,29.75,76.86,73.53,True,cpu_spike
2014-04-13 04:14:00,server-04,93.01,78.39,13.94,13.25,76.12,51.93,True,cpu_spike
2014-04-13 04:19:00,server-04,95.29,87.55,12.93,20.02,74.7,62.9,True,cpu_spike
2014-04-13 04:24:00,server-04,94.0,80.65,31.93,13.48,76.43,52.14,True,cpu_spike
2014-04-13 04:29:00,server-04,95.04,76.85,15.74,15.97,79.52,62.46,True,cpu_spike
2014-04-13 04:34:00,server-04,94.12,79.3,15.67,29.83,79.01,49.16,True,cpu_spike
2014-04-13 04:39:00,server-04,89.92,72.35,24.0,31.64,77.85,41.7,True,cpu_spike
2014-04-13 04:44:00,server-04,94.14,72.77,13.73,20.67,76.09,59.62,True,cpu_spike
2014-04-13 04:49:00,server-04,95.08,87.74,17.45,26.72,77.71,71.32,True,cpu_spike
2014-04-13 04:54:00,server-04,94.82,88.34,27.85,25.91,76.35,42.27,True,cpu_spike
2014-04-13 04:59:00,server-04,95.81,83.56,25.1,16.04,76.57,53.13,True,cpu_spike
2014-04-13 05:04:00,server-04,93.79,81.5,17.05,13.37,78.33,72.43,True,cpu_spike
2014-04-13 05:09:00,server-04,92.14,81.38,12.62,22.3,78.58,47.49,True,cpu_spike
2014-04-13 05:14:00,server-04,92.35,82.53,20.26,15.17,78.96,56.46,True,cpu_spike
2014-04-13 05:19:00,server-04,96.01,71.87,23.98,21.04,79.45,46.02,True,cpu_spike
2014-04-13 05:24:00,server-04,94.71,74.34,25.31,22.4,77.69,46.1,True,cpu_spike
2014-04-13 05:29:00,server-04,94.75,75.84,17.8,13.31,76.79,61.86,True,cpu_spike
2014-04-13 05:34:00,server-04,93.83,71.67,14.74,19.69,76.78,49.72,True,cpu_spike
2014-04-13 05:39:00,server-04,97.04,85.38,31.47,13.62,81.5,70.96,True,cpu_spike
2014-04-13 05:44:00,server-04,94.87,80.95,30.52,29.05,76.58,46.69,True,cpu_spike
2014-04-13 05:49:00,server-04,93.65,82.99,21.85,26.8,77.48,54.61,True,cpu_spike
2014-04-13 05:54:00,server-04,93.94,70.23,12.15,16.34,77.37,73.66,True,cpu_spike
2014-04-13 05:59:00,server-04,95.47,85.19,24.19,30.82,77.5,42.01,True,cpu_spike
2014-04-13 06:04:00,server-04,96.54,91.29,19.06,20.71,77.26,70.59,True,cpu_spike
2014-04-13 06:09:00,server-04,94.54,81.17,18.64,13.72,77.27,70.93,True,cpu_spike
2014-04-13 06:14:00,server-04,92.19,69.71,16.53,22.32,77.89,47.17,True,cpu_spike
2014-04-13 06:19:00,server-04,95.37,86.83,19.06,14.75,77.81,50.44,True,cpu_spike
2014-04-13 06:24:00,server-04,94.58,70.74,15.05,27.63,78.56,54.7,True,cpu_spike
2014-04-13 06:29:00,server-04,97.04,82.47,13.28,27.85,80.63,50.67,True,cpu_spike
2014-04-13 06:34:00,server-04,93.08,84.41,15.19,14.89,74.93,74.13,True,cpu_spike
2014-04-13 06:39:00,server-04,94.4,87.87,32.55,31.66,77.12,69.75,True,cpu_spike
2014-04-13 06:44:00,server-04,92.4,84.99,15.28,19.66,76.24,52.0,True,cpu_spike
2014-04-13 06:49:00,server-04,94.82,74.79,18.48,18.83,75.44,62.56,True,cpu_spike
2014-04-13 06:54:00,server-04,92.35,84.65,25.79,31.2,75.3,48.33,True,cpu_spike
2014-04-13 06:59:00,server-04,91.81,68.67,31.37,17.35,78.37,64.31,True,cpu_spike
2014-04-13 07:04:00,server-04,87.96,76.26,17.81,16.59,71.16,71.42,True,cpu_spike
2014-04-13 07:09:00,server-04,93.21,74.25,26.72,18.21,74.37,56.97,True,cpu_spike
2014-04-13 07:14:00,server-04,94.9,74.38,15.04,27.67,78.97,44.79,True,cpu_spike
2014-04-13 07:19:00,server-04,88.83,70.21,16.27,27.67,75.88,71.24,True,cpu_spike
2014-04-13 07:24:00,server-04,90.67,79.76,12.19,17.36,76.24,44.83,True,cpu_spike
2014-04-13 07:29:00,server-04,90.58,81.5,23.54,23.14,77.06,63.73,True,cpu_spike
2014-04-13 07:34:00,server-04,92.37,69.12,34.9,27.01,77.0,44.86,True,cpu_spike
2014-04-13 07:39:00,server-04,93.5,70.08,21.74,27.46,78.77,50.05,True,cpu_spike
2014-04-13 07:44:00,server-04,92.38,76.24,32.21,28.38,76.69,63.04,True,cpu_spike
2014-04-13 07:49:00,server-04,85.82,72.18,23.4,26.05,71.04,44.88,True,cpu_spike
2014-04-13 07:54:00,server-04,91.72,80.76,24.63,16.64,75.68,72.35,True,cpu_spike
2014-04-13 07:59:00,server-04,89.25,74.71,28.82,15.76,73.63,74.62,True,cpu_spike
2014-04-13 08:04:00,server-04,91.17,84.66,31.66,21.95,75.67,63.27,True,cpu_spike
2014-04-13 08:09:00,server-04,90.5,81.01,12.44,26.74,73.59,61.07,True,cpu_spike
2014-04-13 08:14:00,server-04,90.92,86.38,22.1,27.09,73.58,47.42,True,cpu_spike
2014-04-13 08:19:00,server-04,90.58,79.98,32.89,27.41,74.91,70.9,True,cpu_spike
2014-04-13 08:24:00,server-04,93.29,70.37,25.37,14.57,78.92,43.64,True,cpu_spike
2014-04-13 08:29:00,server-04,93.88,83.83,22.91,19.06,78.22,67.02,True,cpu_spike
2014-04-13 08:34:00,server-04,92.13,68.5,26.68,22.42,73.21,72.53,True,cpu_spike
2014-04-13 08:39:00,server-04,90.29,70.76,33.09,16.29,77.22,67.06,True,cpu_spike
2014-04-13 08:44:00,server-04,91.64,69.47,24.91,18.44,75.17,61.14,True,cpu_spike
2014-04-13 08:49:00,server-04,91.21,72.41,23.29,25.39,75.92,48.15,True,cpu_spike
2014-04-13 08:54:00,server-04,93.16,88.21,28.58,25.73,77.54,73.88,True,cpu_spike
2014-04-13 08:59:00,server-04,90.08,82.68,27.09,24.06,74.63,51.46,True,cpu_spike
2014-04-13 09:04:00,server-04,88.42,77.1,13.73,23.03,72.09,62.77,True,cpu_spike
2014-04-13 09:09:00,server-04,90.04,67.32,13.66,13.57,72.52,52.2,True,cpu_spike
2014-04-13 09:14:00,server-04,90.13,81.76,20.11,13.21,76.58,50.03,True,cpu_spike
2014-04-13 09:19:00,server-04,88.58,69.71,23.18,13.43,74.62,64.33,True,cpu_spike
2014-04-13 09:24:00,server-04,90.63,72.39,23.43,22.19,74.06,70.89,True,cpu_spike
2014-04-13 09:29:00,server-04,89.83,75.84,12.51,28.88,73.01,44.99,True,cpu_spike
2014-04-13 09:34:00,server-04,92.33,78.15,20.51,17.46,75.55,46.96,True,cpu_spike
2014-04-13 09:39:00,server-04,88.08,72.9,27.94,27.43,76.6,67.91,True,cpu_spike
2014-04-13 09:44:00,server-04,94.96,74.05,13.15,29.08,79.97,68.64,True,cpu_spike
2014-04-13 09:49:00,server-04,94.42,80.92,25.88,15.32,76.4,57.53,True,cpu_spike
2014-04-13 09:54:00,server-04,89.67,79.23,19.81,31.07,77.47,55.24,True,cpu_spike
2014-04-13 09:59:00,server-04,90.08,85.13,20.5,24.43,73.32,49.23,True,cpu_spike
2014-04-13 10:04:00,server-04,87.29,67.92,27.63,22.35,72.17,65.5,True,cpu_spike
2014-04-13 10:09:00,server-04,93.83,88.75,25.47,24.21,75.12,48.89,True,cpu_spike
2014-04-13 10:14:00,server-04,92.0,83.7,20.88,27.58,75.46,70.68,True,cpu_spike
2014-04-13 10:19:00,server-04,91.11,71.65,19.06,18.69,74.06,71.75,True,cpu_spike
2014-04-13 10:24:00,server-04,88.07,71.61,31.48,31.93,76.23,71.86,True,cpu_spike
2014-04-13 10:29:00,server-04,90.54,78.87,26.05,13.21,76.09,57.16,True,cpu_spike
2014-04-13 10:34:00,server-04,93.83,89.53,32.15,23.47,75.82,66.43,True,cpu_spike
2014-04-13 10:39:00,server-04,92.54,69.13,21.3,23.21,76.22,50.84,True,cpu_spike
2014-04-13 10:44:00,server-04,90.13,75.79,28.02,27.15,72.81,56.24,True,cpu_spike
2014-04-13 10:49:00,server-04,90.71,87.02,22.53,13.42,74.3,41.31,True,cpu_spike
2014-04-13 10:54:00,server-04,91.08,70.09,21.83,22.05,73.0,71.02,True,cpu_spike
2014-04-13 10:59:00,server-04,91.71,68.87,27.66,28.01,72.93,55.61,True,cpu_spike
2014-04-13 11:04:00,server-04,92.12,76.92,20.24,22.26,75.43,55.93,True,cpu_spike
2014-04-13 11:09:00,server-04,90.96,73.3,24.01,26.12,77.07,64.26,True,cpu_spike
2014-04-13 11:14:00,server-04,90.63,83.73,22.66,29.29,74.59,45.89,True,cpu_spike
2014-04-13 11:19:00,server-04,90.5,74.62,21.12,26.26,76.29,55.63,True,cpu_spike
2014-04-13 11:24:00,server-04,92.75,72.47,32.73,21.12,79.1,69.38,True,cpu_spike
2014-04-13 11:29:00,server-04,93.44,79.3,34.05,31.71,78.36,56.87,True,cpu_spike
2014-04-13 11:34:00,server-04,95.26,76.02,28.59,31.42,76.15,52.2,True,cpu_spike
2014-04-13 11:39:00,server-04,92.21,87.24,30.55,20.52,76.96,45.83,True,cpu_spike
2014-04-13 11:44:00,server-04,93.34,81.41,31.09,27.24,77.67,44.35,True,cpu_spike
2014-04-13 11:49:00,server-04,94.29,77.02,19.98,20.09,78.92,73.64,True,cpu_spike
2014-04-13 11:54:00,server-04,94.84,83.98,26.18,15.67,75.16,46.63,True,cpu_spike
2014-04-13 11:59:00,server-04,94.62,70.65,15.31,25.94,78.55,55.17,True,cpu_spike
2014-04-13 12:04:00,server-04,93.17,87.22,22.8,24.56,76.92,60.41,True,cpu_spike
2014-04-13 12:09:00,server-04,96.38,84.43,30.12,14.02,77.97,53.52,True,cpu_spike
2014-04-13 12:14:00,server-04,93.82,87.87,27.21,15.98,75.12,63.66,True,cpu_spike
2014-04-13 12:19:00,server-04,95.54,75.78,14.49,30.36,79.23,41.19,True,cpu_spike
2014-04-13 12:24:00,server-04,94.58,80.87,27.85,24.51,79.37,42.85,True,cpu_spike
2014-04-13 12:29:00,server-04,93.24,86.11,30.82,16.36,74.02,66.8,True,cpu_spike
2014-04-13 12:34:00,server-04,93.09,78.86,12.56,22.38,78.8,59.06,True,cpu_spike
2014-04-13 12:39:00,server-04,94.46,88.93,16.02,17.47,78.08,50.85,True,cpu_spike
2014-04-13 12:44:00,server-04,92.42,70.87,34.45,20.9,75.26,65.7,True,cpu_spike
2014-04-13 12:49:00,server-04,92.97,78.58,25.43,25.68,74.63,70.59,True,cpu_spike
2014-04-13 12:54:00,server-04,98.08,74.87,12.22,22.87,76.41,69.67,True,cpu_spike
2014-04-13 12:59:00,server-04,94.17,83.38,14.09,18.03,76.96,65.32,True,cpu_spike
2014-04-13 13:04:00,server-04,93.01,84.81,23.08,20.19,77.19,53.61,True,cpu_spike
2014-04-13 13:09:00,server-04,93.96,73.9,34.95,18.5,77.08,55.95,True,cpu_spike
2014-04-13 13:14:00,server-04,95.13,79.64,16.69,13.87,78.34,50.56,True,cpu_spike
2014-04-13 13:19:00,server-04,93.36,71.08,21.2,31.73,76.5,56.02,True,cpu_spike
2014-04-13 13:24:00,server-04,91.71,79.51,26.84,17.68,74.44,49.45,True,cpu_spike
2014-04-13 13:29:00,server-04,94.54,86.18,19.1,16.13,76.49,68.57,True,cpu_spike
2014-04-13 13:34:00,server-04,93.11,72.65,25.08,23.49,78.08,42.0,True,cpu_spike
2014-04-13 13:39:00,server-04,93.92,76.45,26.02,26.0,79.37,42.51,True,cpu_spike
2014-04-13 13:44:00,server-04,93.79,78.8,12.02,24.75,78.88,51.92,True,cpu_spike
2014-04-13 13:49:00,server-04,94.82,88.0,33.46,20.6,74.75,50.02,True,cpu_spike
2014-04-13 13:54:00,server-04,95.65,72.17,20.14,23.41,80.64,74.8,True,cpu_spike
2014-04-13 13:59:00,server-04,94.47,89.99,30.11,22.86,76.99,46.71,True,cpu_spike
2014-04-13 14:04:00,server-04,93.77,72.11,14.29,31.89,75.06,54.66,True,cpu_spike
2014-04-13 14:09:00,server-04,95.46,75.14,12.81,13.17,75.35,46.79,True,cpu_spike
2014-04-13 14:14:00,server-04,94.42,73.01,29.31,25.81,78.93,74.11,True,cpu_spike
2014-04-13 14:19:00,server-04,94.3,76.69,12.5,28.32,79.51,57.81,True,cpu_spike
2014-04-13 14:24:00,server-04,91.84,87.12,21.38,27.94,77.72,42.99,True,cpu_spike
2014-04-13 14:29:00,server-04,94.8,81.47,34.06,15.67,79.27,68.35,True,cpu_spike
2014-04-13 14:34:00,server-04,96.28,79.62,18.02,21.33,75.31,52.59,True,cpu_spike
2014-04-13 14:39:00,server-04,95.04,84.04,25.32,17.72,74.9,58.98,True,cpu_spike
2014-04-13 14:44:00,server-04,95.25,85.05,25.14,22.14,79.95,52.05,True,cpu_spike
2014-04-13 14:49:00,server-04,96.38,78.46,24.16,17.41,75.94,49.36,True,cpu_spike
2014-04-13 14:54:00,server-04,95.21,89.0,25.99,14.57,77.93,48.22,True,cpu_spike
2014-04-13 14:59:00,server-04,93.48,73.05,24.51,24.07,76.85,61.66,True,cpu_spike
2014-04-13 15:04:00,server-04,94.59,80.65,24.86,19.95,78.63,59.91,True,cpu_spike
2014-04-13 15:09:00,server-04,93.62,73.63,32.39,21.63,77.94,65.49,True,cpu_spike
2014-04-13 15:14:00,server-04,93.83,80.17,26.1,20.28,74.11,73.0,True,cpu_spike
2014-04-13 15:19:00,server-04,94.83,83.78,19.41,26.07,76.87,52.21,True,cpu_spike
2014-04-13 15:24:00,server-04,93.65,87.53,14.72,20.24,79.74,62.4,True,cpu_spike
2014-04-13 15:29:00,server-04,93.76,89.51,18.99,22.04,76.15,49.41,True,cpu_spike
2014-04-13 15:34:00,server-04,92.76,69.32,31.93,29.62,73.69,72.47,True,cpu_spike
2014-04-13 15:39:00,server-04,94.58,86.4,26.95,22.61,75.12,66.07,True,cpu_spike
2014-04-13 15:44:00,server-04,92.79,83.69,20.63,18.78,74.34,68.39,True,cpu_spike
2014-04-13 15:49:00,server-04,94.08,76.41,13.16,23.16,79.07,51.31,True,cpu_spike
2014-04-13 15:54:00,server-04,92.77,69.28,22.96,23.5,76.58,52.12,True,cpu_spike
2014-04-13 15:59:00,server-04,94.92,90.17,20.66,16.29,75.92,72.2,True,cpu_spike
2014-04-13 16:04:00,server-04,93.8,77.66,33.03,16.42,78.86,55.27,True,cpu_spike
2014-04-13 16:09:00,server-04,93.12,72.06,27.97,13.68,79.55,72.55,True,cpu_spike
2014-04-13 16:14:00,server-04,93.21,83.82,13.85,25.73,77.3,70.5,True,cpu_spike
2014-04-13 16:19:00,server-04,94.62,89.48,34.35,14.79,77.54,73.09,True,cpu_spike
2014-04-13 16:24:00,server-04,97.17,81.34,26.01,19.19,75.94,53.17,True,cpu_spike
2014-04-13 16:29:00,server-04,96.21,75.39,25.18,17.51,75.93,46.79,True,cpu_spike
2014-04-13 16:34:00,server-04,93.56,77.52,23.28,30.53,75.82,48.95,True,cpu_spike
2014-04-13 16:39:00,server-04,93.34,84.36,33.9,13.91,79.62,56.68,True,cpu_spike
2014-04-13 16:44:00,server-04,94.19,73.47,14.74,14.71,79.16,44.96,True,cpu_spike
2014-04-13 16:49:00,server-04,95.04,78.67,22.68,16.38,80.25,57.1,True,cpu_spike
2014-04-13 16:54:00,server-04,93.83,82.13,27.39,24.9,79.03,74.94,True,cpu_spike
2014-04-13 16:59:00,server-04,95.37,75.92,25.08,25.54,80.61,71.75,True,cpu_spike
2014-04-13 17:04:00,server-04,95.87,82.27,12.36,26.53,76.4,50.17,True,cpu_spike
2014-04-13 17:09:00,server-04,97.17,75.38,25.47,17.74,80.27,70.57,True,cpu_spike
2014-04-13 17:14:00,server-04,93.82,84.3,15.2,15.89,79.85,65.99,True,cpu_spike
2014-04-13 17:19:00,server-04,94.99,87.13,34.49,31.46,78.04,70.4,True,cpu_spike
2014-04-13 17:24:00,server-04,93.54,77.21,22.31,15.5,74.99,57.56,True,cpu_spike
2014-04-13 17:29:00,server-04,96.48,74.97,26.44,14.6,80.5,40.95,True,cpu_spike
2014-04-13 17:34:00,server-04,94.54,79.81,16.26,17.23,78.07,68.96,True,cpu_spike
2014-04-13 17:39:00,server-04,94.46,70.72,27.61,29.46,79.06,74.45,True,cpu_spike
2014-04-13 17:44:00,server-04,94.83,76.32,29.94,16.71,77.16,48.58,True,cpu_spike
2014-04-13 17:49:00,server-04,94.96,73.91,31.87,20.4,78.01,47.06,True,cpu_spike
2014-04-13 17:54:00,server-04,95.83,78.33,14.09,24.23,78.71,63.37,True,cpu_spike
2014-04-13 17:59:00,server-04,96.63,79.16,32.68,30.67,75.8,67.38,True,cpu_spike
2014-04-13 18:04:00,server-04,95.33,86.49,32.21,16.0,78.75,59.63,True,cpu_spike
2014-04-13 18:09:00,server-04,94.58,89.62,22.11,19.61,78.93,53.39,True,cpu_spike
2014-04-13 18:14:00,server-04,92.63,71.4,28.36,17.27,77.41,47.71,True,cpu_spike
2014-04-13 18:19:00,server-04,97.56,92.15,30.8,26.38,79.26,70.94,True,cpu_spike
2014-04-13 18:24:00,server-04,96.29,79.68,14.41,18.87,76.9,47.96,True,cpu_spike
2014-04-13 18:29:00,server-04,94.92,84.2,12.23,14.59,75.82,60.23,True,cpu_spike
2014-04-13 18:34:00,server-04,94.46,89.75,19.72,17.26,75.36,44.68,True,cpu_spike
2014-04-13 18:39:00,server-04,93.94,86.32,27.28,19.86,74.05,46.11,True,cpu_spike
2014-04-13 18:44:00,server-04,95.13,83.9,24.14,22.6,77.76,47.77,True,cpu_spike
2014-04-13 18:49:00,server-04,95.5,88.55,20.91,19.34,75.12,70.58,True,cpu_spike
2014-04-13 18:54:00,server-04,94.69,78.24,27.54,27.53,79.92,72.91,True,cpu_spike
2014-04-13 18:59:00,server-04,95.09,88.36,25.23,14.29,75.76,54.29,True,cpu_spike
2014-04-13 19:04:00,server-04,94.54,86.35,28.96,20.25,76.57,53.84,True,cpu_spike
2014-04-13 19:09:00,server-04,95.63,81.14,15.33,25.78,76.68,44.85,True,cpu_spike
2014-04-13 19:14:00,server-04,94.08,76.05,21.49,16.42,74.27,55.19,True,cpu_spike
2014-04-13 19:19:00,server-04,97.58,82.87,24.57,26.62,78.68,70.67,True,cpu_spike
2014-04-13 19:24:00,server-04,94.31,81.12,33.19,25.17,76.49,60.83,True,cpu_spike
2014-04-13 19:29:00,server-04,93.92,78.73,23.18,14.05,78.91,50.48,True,cpu_spike
2014-04-13 19:34:00,server-04,94.13,88.06,34.92,14.94,74.16,66.5,True,cpu_spike
2014-04-13 19:39:00,server-04,93.67,71.79,26.11,29.77,79.36,61.18,True,cpu_spike
2014-04-13 19:44:00,server-04,95.28,86.64,15.1,29.67,78.96,60.18,True,cpu_spike
2014-04-13 19:49:00,server-04,95.1,75.72,29.77,27.11,78.84,44.68,True,cpu_spike
2014-04-13 19:54:00,server-04,93.92,78.04,26.6,13.55,76.97,73.68,True,cpu_spike
2014-04-13 19:59:00,server-04,94.61,86.95,17.16,19.81,76.68,51.1,True,cpu_spike
2014-04-13 20:04:00,server-04,94.17,82.47,20.94,29.74,79.73,66.49,True,cpu_spike
2014-04-13 20:09:00,server-04,95.75,78.87,28.17,30.69,78.78,72.49,True,cpu_spike
2014-04-13 20:14:00,server-04,94.68,70.66,30.38,20.55,74.44,49.41,True,cpu_spike
2014-04-13 20:19:00,server-04,95.17,71.3,22.0,25.02,78.98,43.82,True,cpu_spike
2014-04-13 20:24:00,server-04,95.18,82.18,33.63,14.85,78.32,40.11,True,cpu_spike
2014-04-13 20:29:00,server-04,94.38,85.14,26.36,28.13,75.21,49.5,True,cpu_spike
2014-04-13 20:34:00,server-04,92.96,77.37,21.62,21.54,76.21,68.01,True,cpu_spike
2014-04-13 20:39:00,server-04,95.08,75.71,31.5,19.86,79.12,65.57,True,cpu_spike
2014-04-13 20:44:00,server-04,95.13,72.42,32.1,28.89,79.62,65.59,True,cpu_spike
2014-04-13 20:49:00,server-04,93.96,73.57,17.4,22.42,78.75,74.75,True,cpu_spike
2014-04-13 20:54:00,server-04,93.58,81.31,15.43,19.18,77.54,60.34,True,cpu_spike
2014-04-13 20:59:00,server-04,94.16,79.87,19.27,29.92,75.93,74.7,True,cpu_spike
2014-04-13 21:09:00,server-04,93.99,78.36,14.06,23.12,78.94,53.25,True,cpu_spike
2014-04-13 21:14:00,server-04,93.27,77.2,32.98,15.09,78.4,46.47,True,cpu_spike
2014-04-13 21:19:00,server-04,94.16,81.82,24.89,23.52,75.63,58.72,True,cpu_spike
2014-04-13 21:24:00,server-04,94.0,89.05,25.16,23.6,75.82,64.29,True,cpu_spike
2014-04-13 21:29:00,server-04,95.0,86.05,33.01,15.4,78.65,52.47,True,cpu_spike
2014-04-13 21:34:00,server-04,96.58,90.28,23.94,15.61,75.35,63.99,True,cpu_spike
2014-04-13 21:39:00,server-04,92.75,75.08,15.7,17.08,79.33,70.54,True,cpu_spike
2014-04-13 21:44:00,server-04,94.46,77.28,12.88,31.35,74.47,62.86,True,cpu_spike
2014-04-13 21:49:00,server-04,97.29,86.52,29.83,23.93,78.75,41.06,True,cpu_spike
2014-04-13 21:54:00,server-04,93.75,83.59,15.72,20.87,74.15,56.74,True,cpu_spike
2014-04-13 21:59:00,server-04,94.67,75.7,15.98,19.0,77.3,40.02,True,cpu_spike
2014-04-13 22:04:00,server-04,95.08,84.04,25.47,21.43,79.03,62.76,True,cpu_spike
2014-04-13 22:09:00,server-04,93.71,71.0,29.35,14.34,74.56,45.3,True,cpu_spike
2014-04-13 22:14:00,server-04,93.89,80.49,14.79,30.59,78.28,58.72,True,cpu_spike
2014-04-13 22:19:00,server-04,93.97,71.6,23.97,26.64,77.86,53.73,True,cpu_spike
2014-04-13 22:24:00,server-04,96.24,81.33,33.56,24.62,79.66,44.9,True,cpu_spike
2014-04-13 22:29:00,server-04,94.01,87.02,32.23,29.67,79.52,58.56,True,cpu_spike
2014-04-13 22:34:00,server-04,95.0,90.2,30.63,18.46,76.9,43.19,True,cpu_spike
2014-04-13 22:39:00,server-04,96.0,77.94,25.06,27.41,78.56,52.88,True,cpu_spike
2014-04-13 22:44:00,server-04,93.42,83.01,29.13,28.52,78.65,55.44,True,cpu_spike
2014-04-13 22:49:00,server-04,94.19,75.18,12.24,24.71,78.3,62.75,True,cpu_spike
2014-04-13 22:54:00,server-04,97.69,80.76,13.64,30.71,76.58,51.72,True,cpu_spike
2014-04-13 22:59:00,server-04,95.83,89.41,13.65,25.63,80.13,70.84,True,cpu_spike
2014-04-13 23:04:00,server-04,92.5,73.21,17.02,30.37,73.82,63.98,True,cpu_spike
2014-04-13 23:09:00,server-04,94.86,80.1,14.52,20.16,74.67,68.9,True,cpu_spike
2014-04-13 23:14:00,server-04,95.63,87.99,14.39,19.83,74.88,42.04,True,cpu_spike
2014-04-13 23:19:00,server-04,95.15,80.2,23.19,21.2,76.86,63.88,True,cpu_spike
2014-04-13 23:24:00,server-04,93.75,88.55,20.09,21.0,79.85,71.01,True,cpu_spike
2014-04-13 23:29:00,server-04,94.17,75.8,13.3,28.94,80.07,41.8,True,cpu_spike
2014-04-13 23:34:00,server-04,94.37,89.63,24.68,30.5,75.91,50.3,True,cpu_spike
2014-04-13 23:39:00,server-04,96.51,82.08,14.37,28.24,76.28,56.88,True,cpu_spike
2014-04-13 23:44:00,server-04,94.92,86.55,34.55,24.82,79.82,61.74,True,cpu_spike
2014-04-13 23:49:00,server-04,95.58,90.06,13.73,29.05,77.39,66.69,True,cpu_spike
2014-04-13 23:54:00,server-04,93.05,72.34,30.65,24.35,75.15,66.15,True,cpu_spike
2014-04-13 23:59:00,server-04,93.67,81.64,30.29,19.0,76.8,64.47,True,cpu_spike
2014-04-14 00:04:00,server-04,93.13,88.45,20.41,15.06,74.88,72.03,True,cpu_spike
2014-04-14 00:09:00,server-04,92.96,72.98,20.09,23.99,75.01,67.56,True,cpu_spike
2014-04-14 00:14:00,server-04,91.54,78.78,16.3,31.49,73.3,57.1,True,cpu_spike
2014-04-14 00:19:00,server-04,92.0,83.11,21.14,17.8,77.6,55.13,True,cpu_spike
2014-04-14 00:24:00,server-04,95.17,85.93,32.39,24.65,79.09,61.99,True,cpu_spike
2014-04-14 00:29:00,server-04,93.67,78.74,16.18,25.29,76.95,56.53,True,cpu_spike
2014-04-14 00:34:00,server-04,92.8,77.73,19.58,25.59,78.45,42.55,True,cpu_spike
2014-04-14 00:39:00,server-04,93.75,78.05,14.14,27.17,76.41,62.94,True,cpu_spike
2014-04-14 00:44:00,server-04,94.6,84.12,33.97,14.97,79.2,55.17,True,cpu_spike
2014-04-14 00:49:00,server-04,95.21,82.73,26.17,28.6,80.21,56.28,True,cpu_spike
2014-04-14 00:54:00,server-04,93.92,72.53,33.86,27.97,76.09,63.34,True,cpu_spike
2014-04-14 00:59:00,server-04,93.33,80.02,20.97,24.16,79.14,50.94,True,cpu_spike
2014-04-14 01:04:00,server-04,93.71,81.49,14.41,18.42,75.35,47.08,True,cpu_spike
2014-04-14 01:09:00,server-04,93.29,86.66,17.12,27.29,77.35,68.58,True,cpu_spike
2014-04-14 01:14:00,server-04,93.16,70.53,21.93,13.57,79.23,57.24,True,cpu_spike
2014-04-14 01:19:00,server-04,96.0,83.16,20.38,26.02,79.12,57.35,True,cpu_spike
2014-04-14 01:24:00,server-04,95.86,90.02,31.02,23.93,76.57,61.8,True,cpu_spike
2014-04-14 01:29:00,server-04,93.71,71.22,34.92,24.72,74.09,61.47,True,cpu_spike
2014-04-14 01:34:00,server-04,94.93,76.87,31.72,21.62,79.97,49.85,True,cpu_spike
2014-04-14 01:39:00,server-04,95.57,78.84,31.08,15.71,79.72,51.4,True,cpu_spike
2014-04-14 01:44:00,server-04,95.37,73.77,32.53,31.31,78.27,69.49,True,cpu_spike
2014-04-14 01:49:00,server-04,96.4,83.68,15.1,21.79,78.11,64.35,True,cpu_spike
2014-04-14 01:54:00,server-04,97.08,76.13,13.36,27.92,78.6,49.77,True,cpu_spike
2014-04-14 01:59:00,server-04,95.04,75.21,30.75,29.77,78.47,43.23,True,cpu_spike
2014-04-14 02:04:00,server-04,94.58,90.02,21.25,14.45,75.84,59.77,True,cpu_spike
2014-04-14 02:09:00,server-04,97.37,79.67,26.7,24.59,76.66,55.65,True,cpu_spike
2014-04-14 02:14:00,server-04,96.12,82.05,33.86,28.11,75.13,50.99,True,cpu_spike
2014-04-14 02:19:00,server-04,93.71,70.76,18.07,22.34,79.02,72.42,True,cpu_spike
2014-04-14 02:24:00,server-04,94.5,80.02,31.37,23.62,75.67,65.15,True,cpu_spike
2014-04-14 02:29:00,server-04,95.32,79.37,26.38,28.4,75.44,68.57,True,cpu_spike
2014-04-14 02:34:00,server-04,94.29,74.8,28.94,25.3,76.49,49.07,True,cpu_spike
2014-04-14 02:39:00,server-04,94.76,73.48,29.75,21.6,77.64,45.63,True,cpu_spike
2014-04-14 02:44:00,server-04,93.71,84.58,13.96,25.54,77.2,46.17,True,cpu_spike
2014-04-14 02:49:00,server-04,94.5,75.22,29.4,27.78,74.37,59.89,True,cpu_spike
2014-04-14 02:54:00,server-04,94.79,74.02,29.34,21.66,80.13,50.49,True,cpu_spike
2014-04-14 02:59:00,server-04,92.54,73.71,22.12,27.63,78.87,74.39,True,cpu_spike
2014-04-14 03:04:00,server-04,93.97,89.1,28.62,29.05,79.33,54.54,True,cpu_spike
2014-04-14 03:09:00,server-04,96.63,77.71,23.68,30.7,76.29,58.16,True,cpu_spike
2014-04-14 03:14:00,server-04,96.79,76.63,15.11,21.77,79.93,66.45,True,cpu_spike
2014-04-14 03:19:00,server-04,92.27,84.6,18.81,29.65,74.15,56.85,True,cpu_spike
2014-04-14 03:24:00,server-04,93.67,74.91,25.9,25.18,76.7,63.83,True,cpu_spike
2014-04-14 03:29:00,server-04,96.83,81.53,22.82,18.13,78.42,42.83,True,cpu_spike
2014-04-14 03:34:00,server-04,94.83,87.26,12.58,20.26,78.76,59.11,True,cpu_spike
2014-04-14 03:39:00,server-04,96.91,85.14,31.04,30.66,76.74,54.97,True,cpu_spike
2014-04-14 03:44:00,server-04,92.92,81.2,18.85,13.9,77.26,59.25,True,cpu_spike
2014-04-14 03:49:00,server-04,93.29,76.07,24.77,30.25,77.86,41.26,True,cpu_spike
2014-04-14 03:54:00,server-04,95.77,75.73,26.84,24.88,78.11,50.37,True,cpu_spike
2014-04-14 03:59:00,server-04,95.65,84.78,20.65,23.32,76.23,44.85,True,cpu_spike
2014-04-14 04:04:00,server-04,94.15,88.2,34.85,14.24,74.6,74.7,True,cpu_spike
2014-04-14 04:09:00,server-04,93.65,88.32,12.81,16.55,78.83,44.19,True,cpu_spike
2014-04-14 04:14:00,server-04,96.1,76.82,18.16,17.08,79.24,56.01,True,cpu_spike
2014-04-14 04:19:00,server-04,94.79,86.42,34.69,25.01,75.88,53.44,True,cpu_spike
2014-04-14 04:24:00,server-04,93.92,80.11,29.91,17.4,79.06,51.94,True,cpu_spike
2014-04-14 04:29:00,server-04,93.29,77.5,25.37,25.78,77.45,58.37,True,cpu_spike
2014-04-14 04:34:00,server-04,94.33,88.02,16.82,25.84,78.67,64.16,True,cpu_spike
2014-04-14 04:39:00,server-04,95.28,72.97,14.41,26.39,77.09,64.99,True,cpu_spike
2014-04-14 04:44:00,server-04,94.87,76.27,29.87,20.55,76.33,58.24,True,cpu_spike
2014-04-14 04:49:00,server-04,95.83,76.33,31.75,17.74,77.18,48.62,True,cpu_spike
2014-04-14 04:54:00,server-04,94.79,85.87,23.86,30.09,79.83,45.79,True,cpu_spike
2014-04-14 04:59:00,server-04,95.63,89.92,22.27,31.89,80.12,60.32,True,cpu_spike
2014-04-14 05:04:00,server-04,96.67,76.89,22.86,21.66,78.53,50.93,True,cpu_spike
2014-04-14 05:09:00,server-04,96.0,77.86,16.15,27.92,75.36,69.08,True,cpu_spike
2014-04-14 05:14:00,server-04,95.71,80.0,12.9,15.66,75.39,41.87,True,cpu_spike
2014-04-14 05:19:00,server-04,94.47,85.98,27.28,29.52,76.56,48.56,True,cpu_spike
2014-04-14 05:24:00,server-04,94.21,88.79,29.11,14.67,78.99,53.15,True,cpu_spike
2014-04-14 05:29:00,server-04,94.29,81.88,15.0,17.86,79.3,43.18,True,cpu_spike
2014-04-14 05:34:00,server-04,97.77,93.06,16.04,16.46,79.7,63.69,True,cpu_spike
2014-04-14 05:39:00,server-04,97.25,77.86,16.35,25.61,76.35,62.42,True,cpu_spike
2014-04-14 05:44:00,server-04,96.87,83.82,25.27,17.86,76.33,54.54,True,cpu_spike
2014-04-14 05:49:00,server-04,92.91,71.04,28.81,19.06,76.64,64.48,True,cpu_spike
2014-04-14 05:54:00,server-04,94.39,73.77,34.01,14.06,75.28,47.44,True,cpu_spike
2014-04-14 05:59:00,server-04,95.82,74.78,19.45,27.83,78.91,65.97,True,cpu_spike
2014-04-14 06:04:00,server-04,93.71,77.87,24.56,23.82,74.79,72.36,True,cpu_spike
2014-04-14 06:09:00,server-04,93.73,80.66,15.55,31.1,78.74,50.41,True,cpu_spike
2014-04-14 06:14:00,server-04,93.98,81.78,17.32,26.95,78.69,40.42,True,cpu_spike
2014-04-14 06:19:00,server-04,95.38,77.46,26.27,14.03,75.56,70.84,True,cpu_spike
2014-04-14 06:24:00,server-04,93.13,83.11,23.95,14.96,76.88,69.79,True,cpu_spike
2014-04-14 06:29:00,server-04,94.17,75.05,21.63,16.46,76.16,66.01,True,cpu_spike
2014-04-14 06:34:00,server-04,97.25,72.68,28.97,17.3,77.59,57.73,True,cpu_spike
2014-04-14 06:39:00,server-04,94.63,70.6,29.31,17.96,77.92,73.97,True,cpu_spike
2014-04-14 06:44:00,server-04,97.26,81.68,20.38,16.0,78.46,62.15,True,cpu_spike
2014-04-14 06:49:00,server-04,95.38,74.05,25.02,15.47,75.8,65.29,True,cpu_spike
2014-04-14 06:54:00,server-04,94.54,79.97,18.51,27.98,77.51,49.53,True,cpu_spike
2014-04-14 06:59:00,server-04,97.87,76.0,13.71,21.36,77.72,40.89,True,cpu_spike
2014-04-14 07:04:00,server-04,93.46,82.04,22.21,26.79,77.96,55.61,True,cpu_spike
2014-04-14 07:09:00,server-04,94.5,89.13,27.04,24.98,74.85,58.17,True,cpu_spike
2014-04-14 07:14:00,server-04,96.71,88.19,33.53,18.7,80.59,54.93,True,cpu_spike
2014-04-14 07:19:00,server-04,94.3,85.07,20.87,24.37,75.3,60.01,True,cpu_spike
2014-04-14 07:24:00,server-04,93.93,72.76,12.54,31.25,79.38,71.9,True,cpu_spike
2014-04-14 07:29:00,server-04,93.17,82.61,13.23,31.84,75.88,64.52,True,cpu_spike
2014-04-14 07:34:00,server-04,96.42,78.9,32.21,27.57,76.26,64.02,True,cpu_spike
2014-04-14 07:39:00,server-04,95.6,72.44,29.51,15.37,80.63,74.59,True,cpu_spike
2014-04-14 07:44:00,server-04,95.08,86.94,23.86,28.66,79.58,62.11,True,cpu_spike
2014-04-14 07:49:00,server-04,96.14,89.76,17.5,14.96,79.37,51.1,True,cpu_spike
2014-04-14 07:54:00,server-04,95.42,82.94,24.03,20.22,79.17,70.64,True,cpu_spike
2014-04-14 07:59:00,server-04,93.42,70.51,12.6,21.64,77.86,60.23,True,cpu_spike
2014-04-14 08:04:00,server-04,94.64,73.34,19.73,29.53,79.2,55.95,True,cpu_spike
2014-04-14 08:09:00,server-04,95.08,79.7,12.21,20.78,76.37,57.53,True,cpu_spike
2014-04-14 08:14:00,server-04,94.96,70.94,23.77,31.61,78.24,53.96,True,cpu_spike
2014-04-14 08:19:00,server-04,94.29,86.26,27.86,31.8,76.73,73.41,True,cpu_spike
2014-04-14 08:24:00,server-04,94.71,88.87,18.25,29.53,79.63,74.73,True,cpu_spike
2014-04-14 08:29:00,server-04,96.47,82.94,33.33,21.3,78.75,74.11,True,cpu_spike
2014-04-14 08:34:00,server-04,95.96,89.45,19.28,30.03,79.31,52.73,True,cpu_spike
2014-04-14 08:39:00,server-04,94.42,80.1,15.73,15.75,77.52,63.0,True,cpu_spike
2014-04-14 08:44:00,server-04,93.25,82.74,23.6,30.15,77.97,69.94,True,cpu_spike
2014-04-14 08:49:00,server-04,94.42,83.74,20.74,28.34,77.26,45.52,True,cpu_spike
2014-04-14 08:54:00,server-04,94.63,86.1,30.71,22.28,77.88,54.25,True,cpu_spike
2014-04-14 08:59:00,server-04,94.85,80.3,24.82,21.78,79.7,54.25,True,cpu_spike
2014-04-14 09:04:00,server-04,92.29,70.92,29.61,14.38,78.67,41.82,True,cpu_spike
2014-04-14 09:09:00,server-04,95.5,82.75,32.33,25.79,75.66,63.13,True,cpu_spike
2014-04-14 09:14:00,server-04,94.04,85.33,17.11,30.01,74.9,41.03,True,cpu_spike
2014-04-14 09:19:00,server-04,93.51,78.44,28.96,16.18,78.59,40.16,True,cpu_spike
2014-04-14 09:24:00,server-04,92.77,84.1,33.67,14.39,76.3,66.16,True,cpu_spike
2014-04-14 09:29:00,server-04,92.63,78.54,12.97,23.73,74.78,65.42,True,cpu_spike
2014-04-14 09:34:00,server-04,94.86,71.98,21.71,22.17,77.02,47.34,True,cpu_spike
2014-04-14 09:39:00,server-04,93.67,89.47,30.79,31.82,75.29,61.84,True,cpu_spike
2014-04-14 09:44:00,server-04,94.53,76.39,28.59,16.29,80.0,43.0,True,cpu_spike
2014-04-14 09:49:00,server-04,94.25,82.45,17.33,23.35,76.78,51.17,True,cpu_spike
2014-04-14 09:54:00,server-04,96.12,71.98,12.02,29.9,80.61,46.72,True,cpu_spike
2014-04-14 09:59:00,server-04,93.33,86.81,31.0,27.47,73.89,43.6,True,cpu_spike
2014-04-14 10:04:00,server-04,96.53,81.85,21.88,28.87,75.94,42.65,True,cpu_spike
2014-04-14 10:09:00,server-04,91.96,79.38,34.02,23.26,76.32,64.81,True,cpu_spike
2014-04-14 10:14:00,server-04,93.71,72.84,32.18,14.0,78.85,50.38,True,cpu_spike
2014-04-14 10:19:00,server-04,95.96,79.1,23.63,14.22,76.81,46.83,True,cpu_spike
2014-04-14 10:24:00,server-04,94.5,83.22,18.16,20.01,76.87,74.95,True,cpu_spike
2014-04-14 10:29:00,server-04,95.71,77.42,28.68,23.82,78.07,59.99,True,cpu_spike
2014-04-14 10:34:00,server-04,93.17,79.33,15.0,19.3,78.66,64.81,True,cpu_spike
2014-04-14 10:39:00,server-04,91.46,75.12,33.06,22.29,74.55,69.03,True,cpu_spike
2014-04-14 10:44:00,server-04,96.33,81.16,25.88,29.14,80.47,41.83,True,cpu_spike
2014-04-14 10:49:00,server-04,94.18,83.12,34.18,15.87,76.87,61.43,True,cpu_spike
2014-04-14 10:54:00,server-04,96.18,79.41,23.13,24.7,76.57,44.2,True,cpu_spike
2014-04-14 10:59:00,server-04,91.9,80.13,33.37,26.09,74.87,70.35,True,cpu_spike
2014-04-14 11:04:00,server-04,92.54,86.85,12.71,23.49,75.77,41.85,True,cpu_spike
2014-04-14 11:09:00,server-04,94.22,71.08,30.55,15.09,78.92,74.89,True,cpu_spike
2014-04-14 11:14:00,server-04,94.42,73.51,21.09,17.12,75.12,73.88,True,cpu_spike
2014-04-14 11:19:00,server-04,98.21,80.07,21.84,29.81,80.92,64.83,True,cpu_spike
2014-04-14 11:24:00,server-04,94.55,73.61,17.95,19.52,78.07,62.59,True,cpu_spike
2014-04-14 11:29:00,server-04,93.33,86.65,15.07,18.17,75.74,47.1,True,cpu_spike
2014-04-14 11:34:00,server-04,93.88,78.75,26.26,24.93,77.83,64.1,True,cpu_spike
2014-04-14 11:39:00,server-04,92.87,74.58,15.06,13.64,79.27,45.19,True,cpu_spike
2014-04-14 11:44:00,server-04,95.31,90.31,32.62,16.19,78.32,69.06,True,cpu_spike
2014-04-14 11:49:00,server-04,93.88,84.42,16.14,25.87,77.98,53.34,True,cpu_spike
2014-04-14 11:54:00,server-04,94.71,70.67,21.44,25.67,76.86,44.22,True,cpu_spike
2014-04-14 11:59:00,server-04,93.88,76.53,33.26,20.64,79.55,53.96,True,cpu_spike
2014-04-14 12:04:00,server-04,95.88,89.77,14.18,19.58,76.37,52.75,True,cpu_spike
2014-04-14 12:09:00,server-04,96.71,83.08,24.71,28.23,75.69,73.53,True,cpu_spike
2014-04-14 12:14:00,server-04,95.33,79.03,27.49,13.97,74.85,54.82,True,cpu_spike
2014-04-14 12:19:00,server-04,93.58,79.14,27.73,27.47,78.57,62.38,True,cpu_spike
2014-04-14 12:24:00,server-04,94.29,70.95,16.32,21.29,78.91,65.67,True,cpu_spike
2014-04-14 12:29:00,server-04,94.25,88.45,31.7,23.26,79.55,54.88,True,cpu_spike
2014-04-14 12:34:00,server-04,93.26,87.18,17.65,24.57,76.59,44.83,True,cpu_spike
2014-04-14 12:39:00,server-04,94.07,81.66,33.77,17.63,79.74,40.47,True,cpu_spike
2014-04-14 12:44:00,server-04,94.0,79.89,27.62,26.78,77.16,45.91,True,cpu_spike
2014-04-14 12:49:00,server-04,94.33,86.4,32.14,23.95,75.35,40.23,True,cpu_spike
2014-04-14 12:54:00,server-04,94.66,72.67,27.19,24.66,76.31,54.66,True,cpu_spike
2014-04-14 12:59:00,server-04,96.97,82.05,12.97,18.13,76.09,46.97,True,cpu_spike
2014-04-14 13:04:00,server-04,93.63,69.99,22.85,25.65,75.06,57.8,True,cpu_spike
2014-04-14 13:09:00,server-04,93.87,70.97,32.16,22.21,75.05,41.84,True,cpu_spike
2014-04-14 13:14:00,server-04,95.5,90.0,28.72,30.83,76.94,62.84,True,cpu_spike
2014-04-14 13:19:00,server-04,94.87,89.5,14.5,23.33,77.91,71.76,True,cpu_spike
2014-04-14 13:24:00,server-04,95.42,74.85,13.31,19.17,78.34,49.22,True,cpu_spike
2014-04-14 13:29:00,server-04,93.75,82.96,17.17,19.75,79.15,47.07,True,cpu_spike
2014-04-14 13:34:00,server-04,93.13,82.88,16.53,24.57,74.83,62.57,True,cpu_spike
2014-04-14 13:39:00,server-04,94.0,75.95,13.93,16.29,78.77,44.94,True,cpu_spike
2014-04-14 13:44:00,server-04,91.71,72.01,23.85,25.09,77.01,47.63,True,cpu_spike
2014-04-14 13:49:00,server-04,92.47,71.39,26.47,17.54,76.18,54.79,True,cpu_spike
2014-04-14 13:54:00,server-04,96.38,88.36,25.33,29.93,79.23,56.92,True,cpu_spike
2014-04-14 13:59:00,server-04,93.12,87.16,27.06,18.66,78.77,40.42,True,cpu_spike
2014-04-14 14:04:00,server-04,90.61,69.44,26.56,22.76,72.49,65.97,True,cpu_spike
2014-04-14 14:09:00,server-04,94.96,70.98,32.92,26.7,78.85,59.54,True,cpu_spike
2014-04-14 14:14:00,server-04,94.92,81.23,21.64,20.24,76.5,74.55,True,cpu_spike
2014-04-14 14:19:00,server-04,98.21,77.3,16.56,25.12,77.56,63.74,True,cpu_spike
2014-04-14 14:24:00,server-04,94.5,79.44,22.58,18.65,78.94,63.76,True,cpu_spike
2014-04-14 14:29:00,server-04,93.13,70.08,23.67,31.03,74.75,74.42,True,cpu_spike
2014-04-14 14:34:00,server-04,95.54,75.46,31.95,16.89,79.0,51.42,True,cpu_spike
2014-04-14 14:39:00,server-04,94.17,74.45,21.7,18.94,79.83,72.53,True,cpu_spike
2014-04-14 14:44:00,server-04,94.25,86.05,14.24,30.9,76.5,67.99,True,cpu_spike
2014-04-14 14:49:00,server-04,95.29,82.13,28.72,27.67,80.04,50.07,True,cpu_spike
2014-04-14 14:54:00,server-04,96.92,81.4,31.95,25.93,81.19,54.44,True,cpu_spike
2014-04-14 14:59:00,server-04,93.5,86.36,32.01,19.67,73.83,49.36,True,cpu_spike
2014-04-14 15:04:00,server-04,96.25,87.5,26.95,28.33,75.15,55.42,True,cpu_spike
2014-04-14 15:09:00,server-04,96.0,79.63,17.43,30.57,78.7,44.57,True,cpu_spike
2014-04-14 15:14:00,server-04,94.38,80.58,32.13,15.56,74.35,46.46,True,cpu_spike
2014-04-14 15:19:00,server-04,96.08,83.42,18.96,13.27,77.98,42.85,True,cpu_spike
2014-04-14 15:24:00,server-04,94.38,73.95,32.59,13.07,75.61,62.06,True,cpu_spike
2014-04-14 15:29:00,server-04,95.04,82.28,28.17,31.69,79.26,54.45,True,cpu_spike
2014-04-14 15:34:00,server-04,95.44,82.27,21.61,29.22,80.23,62.11,True,cpu_spike
2014-04-14 15:39:00,server-04,96.25,83.94,18.32,27.07,79.17,58.34,True,cpu_spike
2014-04-14 15:44:00,server-04,96.42,73.23,14.1,28.8,80.47,41.32,True,cpu_spike
2014-04-14 15:49:00,server-04,96.88,88.04,15.7,24.27,77.19,46.08,True,cpu_spike
2014-04-14 15:54:00,server-04,94.0,75.75,15.83,17.03,75.22,44.47,True,cpu_spike
2014-04-14 15:59:00,server-04,93.47,74.06,29.72,29.69,73.96,42.15,True,cpu_spike
2014-04-14 16:04:00,server-04,95.22,74.25,13.16,26.91,76.6,40.05,True,cpu_spike
2014-04-14 16:09:00,server-04,94.08,73.95,12.66,15.45,74.05,51.83,True,cpu_spike
2014-04-14 16:14:00,server-04,93.79,70.25,23.58,25.2,74.04,55.86,True,cpu_spike
2014-04-14 16:19:00,server-04,95.5,85.07,15.52,13.38,76.7,53.75,True,cpu_spike
2014-04-14 16:24:00,server-04,93.79,78.37,16.87,22.72,76.51,45.67,True,cpu_spike
2014-04-14 16:29:00,server-04,92.47,73.92,30.77,27.97,76.4,49.85,True,cpu_spike
2014-04-14 16:34:00,server-04,93.83,69.9,17.31,29.18,75.28,52.33,True,cpu_spike
2014-04-14 16:39:00,server-04,92.37,76.79,21.65,30.93,73.27,65.75,True,cpu_spike
2014-04-14 16:44:00,server-04,94.96,86.0,34.73,22.31,80.06,62.21,True,cpu_spike
2014-04-14 16:49:00,server-04,94.54,75.24,19.48,21.7,76.91,53.5,True,cpu_spike
2014-04-14 16:54:00,server-04,93.21,80.19,34.43,17.92,74.99,60.23,True,cpu_spike
2014-04-14 16:59:00,server-04,94.48,74.93,18.31,29.59,77.23,67.15,True,cpu_spike
2014-04-14 17:04:00,server-04,93.19,85.12,26.17,18.89,75.09,69.26,True,cpu_spike
2014-04-14 17:09:00,server-04,93.64,80.16,12.67,17.46,76.65,59.64,True,cpu_spike
2014-04-14 17:14:00,server-04,92.96,73.84,15.72,24.63,78.17,65.22,True,cpu_spike
2014-04-14 17:19:00,server-04,94.81,82.32,22.62,22.77,79.73,66.35,True,cpu_spike
2014-04-14 17:24:00,server-04,95.18,86.74,24.32,18.36,78.78,58.66,True,cpu_spike
2014-04-14 17:29:00,server-04,94.5,77.66,29.86,29.77,78.29,57.56,True,cpu_spike
2014-04-14 17:34:00,server-04,95.58,77.96,16.21,23.36,75.21,66.58,True,cpu_spike
2014-04-14 17:39:00,server-04,96.2,73.59,13.12,18.45,76.7,59.4,True,cpu_spike
2014-04-14 17:44:00,server-04,95.83,73.32,31.52,19.83,80.34,52.32,True,cpu_spike
2014-04-14 17:49:00,server-04,93.21,87.59,31.7,17.97,78.57,46.59,True,cpu_spike
2014-04-14 17:54:00,server-04,93.0,79.41,31.22,30.7,73.59,61.47,True,cpu_spike
2014-04-14 17:59:00,server-04,92.96,79.98,28.74,26.8,78.68,59.16,True,cpu_spike
2014-04-14 18:04:00,server-04,96.27,85.18,18.43,28.01,77.31,49.28,True,cpu_spike
2014-04-14 18:09:00,server-04,95.4,79.33,15.11,28.21,77.95,41.58,True,cpu_spike
2014-04-14 18:14:00,server-04,93.79,76.57,21.79,14.32,76.23,63.97,True,cpu_spike
2014-04-14 18:19:00,server-04,95.04,73.64,34.34,29.35,78.63,55.15,True,cpu_spike
2014-04-14 18:24:00,server-04,96.33,79.16,16.22,21.15,75.9,63.29,True,cpu_spike
2014-04-14 18:29:00,server-04,97.87,89.42,27.11,15.44,77.31,63.07,True,cpu_spike
2014-04-14 18:34:00,server-04,95.75,74.03,31.57,31.54,76.56,64.1,True,cpu_spike
2014-04-14 18:39:00,server-04,93.52,83.14,18.82,30.64,76.56,71.11,True,cpu_spike
2014-04-14 18:44:00,server-04,93.2,86.75,25.32,18.04,75.27,43.45,True,cpu_spike
2014-04-14 18:49:00,server-04,95.21,72.05,17.15,17.3,78.84,50.04,True,cpu_spike
2014-04-14 18:54:00,server-04,92.5,68.68,18.69,26.94,77.59,57.13,True,cpu_spike
2014-04-14 18:59:00,server-04,93.25,82.93,12.11,27.07,75.94,45.37,True,cpu_spike
2014-04-14 19:04:00,server-04,93.58,70.64,23.67,30.42,78.15,71.93,True,cpu_spike
2014-04-14 19:09:00,server-04,94.36,78.79,29.41,15.04,75.96,41.86,True,cpu_spike
2014-04-14 19:14:00,server-04,93.36,72.26,29.57,27.75,75.82,66.4,True,cpu_spike
2014-04-14 19:19:00,server-04,94.22,82.63,21.13,24.81,77.17,40.56,True,cpu_spike
2014-04-14 19:24:00,server-04,93.96,86.74,29.79,23.17,74.57,58.38,True,cpu_spike
2014-04-14 19:29:00,server-04,94.57,78.13,24.44,24.48,79.92,51.51,True,cpu_spike
2014-04-14 19:34:00,server-04,93.45,74.98,13.7,14.29,78.02,73.74,True,cpu_spike
2014-04-14 19:39:00,server-04,93.27,70.46,25.77,31.83,78.23,42.88,True,cpu_spike
2014-04-14 19:44:00,server-04,93.23,83.87,30.09,16.44,76.46,45.55,True,cpu_spike
2014-04-14 19:49:00,server-04,95.5,74.06,29.79,18.94,75.21,54.41,True,cpu_spike
2014-04-14 19:54:00,server-04,94.37,74.46,22.2,29.15,79.54,60.32,True,cpu_spike
2014-04-14 19:59:00,server-04,93.12,78.23,23.11,21.17,77.81,60.47,True,cpu_spike
2014-04-14 20:04:00,server-04,93.4,73.87,27.75,23.58,77.04,68.83,True,cpu_spike
2014-04-14 20:09:00,server-04,92.44,80.37,27.18,19.64,75.89,43.85,True,cpu_spike
2014-04-14 20:14:00,server-04,93.75,80.12,30.73,14.53,79.31,64.34,True,cpu_spike
2014-04-14 20:19:00,server-04,91.79,70.3,18.49,22.86,77.29,40.63,True,cpu_spike
2014-04-14 20:24:00,server-04,95.0,83.34,21.97,17.14,79.53,49.16,True,cpu_spike
2014-04-14 20:29:00,server-04,94.17,85.39,22.23,26.46,76.74,47.41,True,cpu_spike
2014-04-14 20:34:00,server-04,94.21,72.27,31.19,27.19,76.61,51.79,True,cpu_spike
2014-04-14 20:39:00,server-04,92.75,76.82,27.12,24.69,73.66,64.22,True,cpu_spike
2014-04-14 20:44:00,server-04,94.5,82.92,15.07,26.28,75.31,63.53,True,cpu_spike
2014-04-14 20:49:00,server-04,92.86,69.51,15.56,28.72,75.28,74.82,True,cpu_spike
2014-04-14 20:54:00,server-04,95.92,83.87,34.72,19.12,76.05,69.56,True,cpu_spike
2014-04-14 20:59:00,server-04,90.28,82.35,14.05,17.67,73.82,61.0,True,cpu_spike
2014-04-14 21:04:00,server-04,93.22,74.04,28.86,26.78,78.52,49.99,True,cpu_spike
2014-04-14 21:09:00,server-04,97.04,74.12,27.71,18.12,77.63,45.19,True,cpu_spike
2014-04-14 21:14:00,server-04,95.4,86.63,31.55,17.85,79.12,63.98,True,cpu_spike
2014-04-14 21:19:00,server-04,92.54,73.02,14.7,17.16,78.87,52.09,True,cpu_spike
2014-04-14 21:24:00,server-04,93.12,76.8,13.3,30.59,77.6,71.5,True,cpu_spike
2014-04-14 21:29:00,server-04,94.59,77.38,25.52,31.58,74.66,48.79,True,cpu_spike
2014-04-14 21:34:00,server-04,93.88,75.87,29.85,19.84,79.94,67.33,True,cpu_spike
2014-04-14 21:39:00,server-04,94.0,89.71,27.12,15.6,75.13,60.3,True,cpu_spike
2014-04-14 21:44:00,server-04,93.08,85.75,15.5,17.69,79.38,74.2,True,cpu_spike
2014-04-14 21:49:00,server-04,95.29,79.92,22.18,20.97,78.53,62.72,True,cpu_spike
2014-04-14 21:54:00,server-04,98.47,81.62,18.33,28.81,77.09,53.85,True,cpu_spike
2014-04-14 21:59:00,server-04,95.0,87.47,26.1,22.36,74.78,67.33,True,cpu_spike
2014-04-14 22:04:00,server-04,95.63,75.82,15.03,16.29,75.23,56.08,True,cpu_spike
2014-04-14 22:09:00,server-04,96.78,86.55,27.04,24.16,80.01,66.7,True,cpu_spike
2014-04-14 22:14:00,server-04,95.58,73.35,29.19,31.21,75.15,52.78,True,cpu_spike
2014-04-14 22:19:00,server-04,92.87,76.81,18.62,29.33,77.16,43.31,True,cpu_spike
2014-04-14 22:24:00,server-04,96.21,81.4,29.31,29.16,80.15,59.71,True,cpu_spike
2014-04-14 22:29:00,server-04,91.79,71.15,24.37,30.23,77.55,62.51,True,cpu_spike
2014-04-14 22:34:00,server-04,95.17,72.71,25.22,16.73,75.6,43.24,True,cpu_spike
2014-04-14 22:39:00,server-04,95.58,83.61,30.26,28.49,77.73,56.53,True,cpu_spike
2014-04-14 22:44:00,server-04,94.87,74.3,24.03,20.91,79.8,74.02,True,cpu_spike
2014-04-14 22:49:00,server-04,95.88,79.65,27.99,14.72,77.47,59.0,True,cpu_spike
2014-04-14 22:54:00,server-04,96.33,79.6,21.17,31.77,79.15,62.65,True,cpu_spike
2014-04-14 22:59:00,server-04,92.92,80.48,18.54,19.16,73.49,66.16,True,cpu_spike
2014-04-14 23:04:00,server-04,95.54,78.22,33.4,16.04,77.09,68.64,True,cpu_spike
2014-04-14 23:09:00,server-04,94.42,86.66,26.53,26.71,77.84,59.55,True,cpu_spike
2014-04-14 23:14:00,server-04,92.83,88.08,30.48,23.04,76.24,42.67,True,cpu_spike
2014-04-14 23:19:00,server-04,93.96,73.9,29.59,28.49,78.22,48.17,True,cpu_spike
2014-04-14 23:24:00,server-04,93.27,71.62,29.72,16.63,75.09,44.12,True,cpu_spike
2014-04-14 23:29:00,server-04,95.25,80.74,27.98,26.05,74.94,65.23,True,cpu_spike
2014-04-14 23:34:00,server-04,95.14,88.55,18.58,18.88,77.74,72.45,True,cpu_spike
2014-04-14 23:39:00,server-04,94.31,83.27,32.63,23.85,79.18,49.77,True,cpu_spike
2014-04-14 23:44:00,server-04,95.79,73.21,25.31,24.53,76.33,65.6,True,cpu_spike
2014-04-14 23:49:00,server-04,94.92,82.86,17.19,22.02,76.89,74.05,True,cpu_spike
2014-04-14 23:54:00,server-04,93.2,81.54,19.7,13.03,75.99,41.83,True,cpu_spike
2014-04-14 23:59:00,server-04,94.38,70.34,21.86,18.37,75.45,41.04,True,cpu_spike
2014-04-15 00:04:00,server-04,95.46,79.65,29.35,22.14,79.02,43.04,True,cpu_spike
2014-04-15 00:09:00,server-04,95.96,86.38,34.13,20.28,77.33,41.53,True,cpu_spike
2014-04-15 00:14:00,server-04,95.68,75.63,18.54,23.6,80.77,49.83,True,cpu_spike
2014-04-15 00:19:00,server-04,93.22,82.46,30.79,22.57,74.25,50.75,True,cpu_spike
2014-04-15 00:24:00,server-04,94.58,75.27,18.83,31.26,78.86,72.57,True,cpu_spike
2014-04-15 00:29:00,server-04,96.58,85.07,31.29,19.0,79.6,67.15,True,cpu_spike
2014-04-15 00:34:00,server-04,96.46,76.55,20.08,15.75,76.46,58.74,True,cpu_spike
2014-04-15 00:39:00,server-04,93.79,85.01,13.36,29.12,76.87,61.62,True,cpu_spike
2014-04-15 00:44:00,server-04,93.08,86.15,23.79,13.85,74.8,64.28,True,cpu_spike
2014-04-15 00:49:00,server-04,93.79,74.04,33.01,13.2,73.91,73.01,True,cpu_spike
2014-04-15 00:54:00,server-04,94.75,77.58,26.54,28.48,77.14,54.1,True,cpu_spike
2014-04-15 00:59:00,server-04,91.94,78.44,17.87,25.75,76.01,43.95,True,cpu_spike
2014-04-15 01:04:00,server-04,94.33,79.81,27.18,24.33,78.87,74.8,True,cpu_spike
2014-04-15 01:09:00,server-04,92.92,71.12,17.18,15.78,77.06,41.87,True,cpu_spike
2014-04-15 01:14:00,server-04,93.96,81.92,26.29,15.21,77.13,44.83,True,cpu_spike
2014-04-15 01:19:00,server-04,91.48,85.36,27.78,23.54,76.18,71.63,True,cpu_spike
2014-04-15 01:24:00,server-04,94.71,76.09,34.47,28.96,78.09,61.49,True,cpu_spike
2014-04-15 01:29:00,server-04,93.63,77.28,31.25,17.18,79.64,71.64,True,cpu_spike
2014-04-15 01:34:00,server-04,91.75,76.42,25.85,24.95,73.55,61.46,True,cpu_spike
2014-04-15 01:39:00,server-04,93.83,80.16,12.82,30.02,74.85,67.07,True,cpu_spike
2014-04-15 01:44:00,server-04,94.39,81.29,15.4,29.1,78.44,46.39,True,cpu_spike
2014-04-15 01:49:00,server-04,92.83,75.43,20.6,21.71,76.4,44.76,True,cpu_spike
2014-04-15 01:54:00,server-04,95.85,74.12,27.92,19.33,78.75,40.98,True,cpu_spike
2014-04-15 01:59:00,server-04,94.41,88.53,13.49,23.33,79.23,55.55,True,cpu_spike
2014-04-15 02:04:00,server-04,93.58,76.75,13.06,24.72,78.42,67.69,True,cpu_spike
2014-04-15 02:09:00,server-04,92.25,82.97,23.41,22.25,78.45,59.14,True,cpu_spike
2014-04-15 02:14:00,server-04,96.76,76.04,29.98,21.96,75.44,61.93,True,cpu_spike
2014-04-15 02:19:00,server-04,96.77,84.32,30.8,22.55,76.17,72.07,True,cpu_spike
2014-04-15 02:24:00,server-04,93.58,72.15,21.01,21.08,75.8,57.78,True,cpu_spike
2014-04-15 02:29:00,server-04,93.5,78.26,24.44,20.14,76.76,67.05,True,cpu_spike
2014-04-15 02:34:00,server-04,93.79,77.74,29.52,31.51,79.03,62.36,True,cpu_spike
2014-04-15 02:39:00,server-04,95.96,85.59,21.93,14.25,79.46,72.13,True,cpu_spike
2014-04-15 02:44:00,server-04,93.81,71.28,12.19,17.14,78.23,50.46,True,cpu_spike
2014-04-15 02:49:00,server-04,95.56,82.39,13.29,16.9,74.79,52.37,True,cpu_spike
2014-04-15 02:54:00,server-04,92.97,87.36,16.7,19.71,73.55,52.61,True,cpu_spike
2014-04-15 02:59:00,server-04,93.86,73.58,24.26,20.05,78.05,51.23,True,cpu_spike
2014-04-15 03:04:00,server-04,95.35,74.73,32.51,18.57,76.65,42.41,True,cpu_spike
2014-04-15 03:09:00,server-04,92.41,88.5,33.06,30.34,75.85,58.22,True,cpu_spike
2014-04-15 03:14:00,server-04,93.08,85.11,17.03,31.22,75.88,43.43,True,cpu_spike
2014-04-15 03:19:00,server-04,95.12,74.59,24.0,31.54,76.72,63.77,True,cpu_spike
2014-04-15 03:24:00,server-04,97.04,86.49,23.76,15.23,79.1,64.37,True,cpu_spike
2014-04-15 03:29:00,server-04,93.76,77.02,29.35,25.25,75.45,65.41,True,cpu_spike
2014-04-15 03:34:00,server-04,94.46,85.42,29.49,24.27,76.79,49.11,True,cpu_spike
2014-04-15 03:39:00,server-04,95.79,90.08,28.47,19.23,75.02,65.94,True,cpu_spike
2014-04-15 03:44:00,server-04,93.79,71.1,27.66,26.5,79.48,72.24,True,cpu_spike
2014-04-15 03:49:00,server-04,95.81,82.64,30.29,26.81,77.96,64.74,True,cpu_spike
2014-04-15 03:54:00,server-04,94.13,84.31,23.71,18.53,75.74,74.41,True,cpu_spike
2014-04-15 03:59:00,server-04,93.75,83.92,32.46,19.88,78.84,50.92,True,cpu_spike
2014-04-15 04:04:00,server-04,90.25,79.32,16.21,24.23,73.07,45.46,True,cpu_spike
2014-04-15 04:09:00,server-04,97.71,75.9,21.27,24.07,80.44,47.77,True,cpu_spike
2014-04-15 04:14:00,server-04,95.22,83.54,28.98,30.03,75.57,74.09,True,cpu_spike
2014-04-15 04:19:00,server-04,95.48,82.21,22.01,23.23,76.82,43.45,True,cpu_spike
2014-04-15 04:24:00,server-04,92.92,73.46,12.99,26.37,77.04,42.67,True,cpu_spike
2014-04-15 04:29:00,server-04,94.87,77.69,16.22,28.54,79.82,40.8,True,cpu_spike
2014-04-15 04:34:00,server-04,93.38,86.48,29.57,18.45,78.46,57.84,True,cpu_spike
2014-04-15 04:39:00,server-04,92.08,84.17,15.42,27.36,73.15,70.82,True,cpu_spike
2014-04-15 04:44:00,server-04,95.46,82.3,26.13,22.58,80.01,68.94,True,cpu_spike
2014-04-15 04:49:00,server-04,95.54,88.14,32.72,16.97,78.4,49.36,True,cpu_spike
2014-04-15 04:54:00,server-04,93.75,80.56,26.71,20.57,76.0,44.74,True,cpu_spike
2014-04-15 04:59:00,server-04,92.33,85.12,27.27,15.99,77.92,60.54,True,cpu_spike
2014-04-15 05:04:00,server-04,95.04,90.01,14.52,27.42,79.5,69.49,True,cpu_spike
2014-04-15 05:09:00,server-04,95.75,87.75,19.29,28.0,80.56,68.1,True,cpu_spike
2014-04-15 05:14:00,server-04,94.92,79.98,21.37,28.97,75.43,40.51,True,cpu_spike
2014-04-15 05:19:00,server-04,94.53,80.07,13.42,21.27,77.61,67.46,True,cpu_spike
2014-04-15 05:24:00,server-04,96.34,75.76,25.8,16.87,76.49,68.61,True,cpu_spike
2014-04-15 05:29:00,server-04,93.58,73.21,14.21,29.99,79.3,74.19,True,cpu_spike
2014-04-15 05:34:00,server-04,94.18,85.9,22.77,26.63,74.65,58.6,True,cpu_spike
2014-04-15 05:39:00,server-04,94.25,81.71,18.33,22.4,74.23,45.25,True,cpu_spike
2014-04-15 05:44:00,server-04,96.51,77.82,14.32,29.14,78.67,42.14,True,cpu_spike
2014-04-15 05:49:00,server-04,92.71,75.23,34.15,19.5,76.45,57.87,True,cpu_spike
2014-04-15 05:54:00,server-04,94.67,89.99,19.45,21.81,80.24,40.78,True,cpu_spike
2014-04-15 05:59:00,server-04,92.46,87.72,15.6,28.39,75.95,68.99,True,cpu_spike
2014-04-15 06:04:00,server-04,95.03,71.62,33.41,19.58,79.21,62.4,True,cpu_spike
2014-04-15 06:09:00,server-04,93.5,85.03,16.62,25.94,73.75,74.04,True,cpu_spike
2014-04-15 06:14:00,server-04,92.35,85.24,21.6,31.47,77.28,59.01,True,cpu_spike
2014-04-15 06:19:00,server-04,91.45,81.94,20.31,14.16,78.34,61.85,True,cpu_spike
2014-04-15 06:24:00,server-04,92.0,69.58,28.57,16.76,76.22,52.36,True,cpu_spike
2014-04-15 06:29:00,server-04,92.0,70.81,33.18,14.35,78.3,74.89,True,cpu_spike
2014-04-15 06:34:00,server-04,93.7,75.42,29.15,28.45,75.78,58.82,True,cpu_spike
2014-04-15 06:39:00,server-04,94.21,83.43,14.43,28.36,75.14,68.34,True,cpu_spike
2014-04-15 06:44:00,server-04,93.82,85.79,32.1,13.42,79.52,42.35,True,cpu_spike
2014-04-15 06:49:00,server-04,88.38,65.71,15.92,19.01,74.79,42.77,True,cpu_spike
2014-04-15 06:54:00,server-04,94.0,84.14,23.09,30.57,77.38,40.73,True,cpu_spike
2014-04-15 06:59:00,server-04,91.17,81.51,34.17,21.86,72.65,74.74,True,cpu_spike
2014-04-15 07:04:00,server-04,91.51,84.56,16.22,19.13,73.02,72.8,True,cpu_spike
2014-04-15 07:09:00,server-04,90.03,68.08,30.72,19.33,76.13,68.11,True,cpu_spike
2014-04-15 07:14:00,server-04,88.97,77.63,26.83,13.71,72.55,69.65,True,cpu_spike
2014-04-15 07:19:00,server-04,95.3,88.62,30.07,17.2,78.85,62.44,True,cpu_spike
2014-04-15 07:24:00,server-04,93.73,84.2,23.15,21.82,77.64,54.68,True,cpu_spike
2014-04-15 07:29:00,server-04,91.54,80.14,13.18,19.82,78.15,44.48,True,cpu_spike
2014-04-15 07:34:00,server-04,92.42,84.44,16.73,29.08,78.39,48.62,True,cpu_spike
2014-04-15 07:39:00,server-04,95.47,85.78,13.62,14.81,76.69,57.62,True,cpu_spike
2014-04-15 07:44:00,server-04,97.54,74.62,15.65,30.39,80.01,58.76,True,cpu_spike
2014-04-15 07:49:00,server-04,92.55,87.73,30.18,15.09,77.38,63.96,True,cpu_spike
2014-04-15 07:54:00,server-04,93.42,81.57,18.18,14.34,76.18,47.53,True,cpu_spike
2014-04-15 07:59:00,server-04,89.87,82.9,12.33,17.97,75.95,61.2,True,cpu_spike
2014-04-15 08:04:00,server-04,92.41,74.9,23.98,17.27,73.47,70.56,True,cpu_spike
2014-04-15 08:09:00,server-04,91.73,80.69,34.42,24.88,74.32,48.53,True,cpu_spike
2014-04-15 08:14:00,server-04,93.62,86.72,25.93,29.68,74.42,65.91,True,cpu_spike
2014-04-15 08:19:00,server-04,93.13,74.78,20.11,18.99,76.81,54.36,True,cpu_spike
2014-04-15 08:24:00,server-04,92.33,84.46,13.26,25.76,77.59,57.31,True,cpu_spike
2014-04-15 08:29:00,server-04,94.38,86.6,19.69,30.82,74.54,45.49,True,cpu_spike
2014-04-15 08:34:00,server-04,94.08,81.87,13.4,29.35,75.18,74.82,True,cpu_spike
2014-04-15 08:39:00,server-04,93.04,69.52,28.38,27.98,73.82,54.61,True,cpu_spike
2014-04-15 08:44:00,server-04,93.96,70.13,24.58,28.16,75.27,68.35,True,cpu_spike
2014-04-15 08:49:00,server-04,94.12,73.24,23.73,19.4,74.73,48.76,True,cpu_spike
2014-04-15 08:54:00,server-04,91.46,84.12,22.77,19.02,78.31,70.3,True,cpu_spike
2014-04-15 08:59:00,server-04,93.38,72.27,31.32,30.23,75.95,74.17,True,cpu_spike
2014-04-15 09:04:00,server-04,94.25,72.49,16.83,15.95,76.6,40.26,True,cpu_spike
2014-04-15 09:09:00,server-04,95.83,84.9,19.35,27.38,77.15,69.96,True,cpu_spike
2014-04-15 09:14:00,server-04,94.56,81.66,13.51,13.89,78.06,61.73,True,cpu_spike
2014-04-15 09:19:00,server-04,93.25,72.86,30.88,24.57,78.36,74.79,True,cpu_spike
2014-04-15 09:24:00,server-04,94.35,85.47,18.69,24.64,74.27,40.71,True,cpu_spike
2014-04-15 09:29:00,server-04,97.19,74.05,18.71,20.18,77.75,44.78,True,cpu_spike
2014-04-15 09:34:00,server-04,95.11,87.9,32.63,15.91,76.95,72.33,True,cpu_spike
2014-04-15 09:39:00,server-04,95.96,81.26,25.44,19.78,79.88,67.48,True,cpu_spike
2014-04-15 09:44:00,server-04,95.71,85.94,19.0,25.6,76.36,49.25,True,cpu_spike
2014-04-15 09:49:00,server-04,91.83,74.08,25.21,21.26,78.1,58.41,True,cpu_spike
2014-04-15 09:54:00,server-04,93.58,75.56,31.12,24.57,77.72,57.56,True,cpu_spike
2014-04-15 09:59:00,server-04,93.17,70.67,20.9,21.12,78.82,43.78,True,cpu_spike
2014-04-15 10:04:00,server-04,92.71,86.26,24.15,29.19,78.42,55.34,True,cpu_spike
2014-04-15 10:09:00,server-04,93.04,81.23,26.1,27.47,73.6,54.54,True,cpu_spike
2014-04-15 10:14:00,server-04,95.08,71.47,24.66,15.9,75.68,53.07,True,cpu_spike
2014-04-15 10:19:00,server-04,97.04,89.69,21.93,21.83,77.42,44.03,True,cpu_spike
2014-04-15 10:24:00,server-04,93.96,82.25,32.23,16.71,79.52,61.9,True,cpu_spike
2014-04-15 10:29:00,server-04,94.12,85.62,28.89,18.72,79.48,41.01,True,cpu_spike
2014-04-15 10:34:00,server-04,92.42,77.68,21.99,19.14,79.18,57.92,True,cpu_spike
2014-04-15 10:39:00,server-04,95.17,78.32,14.24,19.02,76.03,58.74,True,cpu_spike
2014-04-15 10:44:00,server-04,93.08,87.97,22.73,30.94,77.63,63.34,True,cpu_spike
2014-04-15 10:49:00,server-04,95.43,89.67,31.84,15.53,77.72,57.4,True,cpu_spike
2014-04-15 10:54:00,server-04,93.9,73.05,18.8,16.01,78.64,74.63,True,cpu_spike
2014-04-15 10:59:00,server-04,94.05,85.91,29.95,27.12,74.1,43.72,True,cpu_spike
2014-04-15 11:04:00,server-04,93.33,72.87,19.41,30.71,74.45,61.82,True,cpu_spike
2014-04-15 11:09:00,server-04,93.06,87.2,29.45,15.54,75.11,43.52,True,cpu_spike
2014-04-15 11:14:00,server-04,93.92,76.39,25.53,26.65,77.03,46.73,True,cpu_spike
2014-04-15 11:19:00,server-04,94.21,80.29,32.18,14.34,76.57,40.41,True,cpu_spike
2014-04-15 11:24:00,server-04,95.81,73.64,12.59,26.6,76.52,41.78,True,cpu_spike
2014-04-15 11:29:00,server-04,90.75,86.74,16.79,30.54,73.86,46.83,True,cpu_spike
2014-04-15 11:34:00,server-04,93.58,85.6,20.77,13.68,77.98,45.19,True,cpu_spike
2014-04-15 11:39:00,server-04,93.33,73.36,29.49,25.91,74.09,69.31,True,cpu_spike
2014-04-15 11:44:00,server-04,94.29,87.39,29.53,20.84,76.62,46.13,True,cpu_spike
2014-04-15 11:49:00,server-04,95.27,78.16,17.47,29.1,75.43,48.2,True,cpu_spike
2014-04-15 11:54:00,server-04,93.96,77.4,12.6,14.83,74.44,41.98,True,cpu_spike
2014-04-15 11:59:00,server-04,90.75,71.44,12.79,28.01,75.0,60.33,True,cpu_spike
2014-04-15 12:04:00,server-04,95.45,75.35,29.49,16.0,80.27,40.27,True,cpu_spike
2014-04-15 12:09:00,server-04,93.73,76.83,20.15,27.36,74.3,69.36,True,cpu_spike
2014-04-15 12:14:00,server-04,91.16,71.99,27.23,24.82,78.2,46.56,True,cpu_spike
2014-04-15 12:19:00,server-04,92.19,84.55,30.91,14.37,78.45,45.7,True,cpu_spike
2014-04-15 12:24:00,server-04,93.87,89.18,32.15,13.13,78.79,59.73,True,cpu_spike
2014-04-15 12:29:00,server-04,92.92,69.56,13.94,21.93,76.91,64.08,True,cpu_spike
2014-04-15 12:34:00,server-04,93.21,82.15,16.3,22.26,78.33,55.98,True,cpu_spike
2014-04-15 12:39:00,server-04,92.79,75.46,19.73,22.43,77.2,55.32,True,cpu_spike
2014-04-15 12:44:00,server-04,96.75,73.84,21.13,15.33,78.08,65.0,True,cpu_spike
2014-04-15 12:49:00,server-04,93.37,74.53,29.05,31.88,74.34,69.34,True,cpu_spike
2014-04-15 12:54:00,server-04,94.36,89.15,20.28,18.43,79.24,70.83,True,cpu_spike
2014-04-15 12:59:00,server-04,93.27,88.65,32.52,19.38,77.24,46.43,True,cpu_spike
2014-04-15 13:04:00,server-04,93.54,72.42,33.61,14.42,77.0,73.18,True,cpu_spike
2014-04-15 13:09:00,server-04,93.02,70.97,23.63,13.27,74.6,64.03,True,cpu_spike
2014-04-15 13:14:00,server-04,95.17,76.38,20.09,18.18,77.27,46.62,True,cpu_spike
2014-04-15 13:19:00,server-04,95.04,86.83,15.82,18.01,75.17,65.19,True,cpu_spike
2014-04-15 13:24:00,server-04,93.9,81.24,19.01,24.92,75.14,41.45,True,cpu_spike
2014-04-15 13:29:00,server-04,93.83,72.62,21.92,26.77,75.78,74.03,True,cpu_spike
2014-04-15 13:34:00,server-04,94.41,76.66,18.03,21.2,78.97,42.35,True,cpu_spike
2014-04-15 13:39:00,server-04,94.38,80.78,16.09,14.07,75.25,51.17,True,cpu_spike
2014-04-15 13:44:00,server-04,95.33,80.05,15.52,24.15,78.1,44.6,True,cpu_spike
2014-04-15 13:49:00,server-04,95.08,71.47,29.73,16.71,78.47,72.54,True,cpu_spike
2014-04-15 13:54:00,server-04,89.96,70.83,25.78,15.3,76.08,70.25,True,cpu_spike
2014-04-15 13:59:00,server-04,91.1,83.59,33.13,14.58,77.58,45.46,True,cpu_spike
2014-04-15 14:04:00,server-04,93.82,71.73,28.56,31.81,77.23,67.26,True,cpu_spike
2014-04-15 14:09:00,server-04,93.61,87.77,19.98,14.6,77.05,70.46,True,cpu_spike
2014-04-15 14:14:00,server-04,90.5,70.08,27.94,30.67,72.97,51.49,True,cpu_spike
2014-04-15 14:19:00,server-04,88.38,79.1,16.96,14.66,72.49,61.81,True,cpu_spike
2014-04-15 14:24:00,server-04,91.12,73.28,20.07,13.5,77.89,61.81,True,cpu_spike
2014-04-15 14:29:00,server-04,93.54,86.76,31.65,26.86,74.33,68.93,True,cpu_spike
2014-04-15 14:34:00,server-04,86.73,71.76,20.5,17.35,74.19,55.39,True,cpu_spike
2014-04-15 14:39:00,server-04,91.44,86.84,27.01,22.89,73.36,56.26,True,cpu_spike
2014-04-15 14:44:00,server-04,93.17,86.69,14.67,26.77,75.47,60.74,True,cpu_spike
2014-04-15 14:49:00,server-04,92.63,87.23,21.94,16.08,74.84,70.15,True,cpu_spike
2014-04-15 14:54:00,server-04,95.8,83.25,20.98,19.03,77.32,57.06,True,cpu_spike
2014-04-15 14:59:00,server-04,92.92,82.7,33.36,27.59,78.34,53.96,True,cpu_spike
2014-04-15 15:04:00,server-04,89.95,80.69,25.81,21.56,72.94,61.42,True,cpu_spike
2014-04-15 15:09:00,server-04,92.83,81.31,31.07,14.01,74.13,44.25,True,cpu_spike
2014-04-15 15:14:00,server-04,91.67,85.92,15.17,14.56,78.51,57.15,True,cpu_spike
2014-04-15 15:19:00,server-04,92.0,86.1,18.9,18.5,76.26,63.03,True,cpu_spike
2014-04-15 15:24:00,server-04,89.92,72.42,30.43,17.37,72.26,44.75,True,cpu_spike
2014-04-15 15:29:00,server-04,94.02,70.0,28.69,21.8,74.29,72.09,True,cpu_spike
2014-04-15 15:34:00,server-04,91.88,87.08,25.0,22.18,76.71,54.57,True,cpu_spike
2014-04-15 15:39:00,server-04,92.04,70.83,17.23,15.37,74.91,73.09,True,cpu_spike
2014-04-15 15:44:00,server-04,76.87,64.37,33.13,28.78,66.11,53.85,True,thermal_event
2014-04-15 15:49:00,server-04,86.12,80.58,33.09,21.25,75.75,42.32,True,cpu_spike
2014-04-15 15:54:00,server-04,84.63,62.95,21.26,31.83,70.91,51.84,True,thermal_event
2014-04-15 15:59:00,server-04,82.37,74.96,24.64,25.92,71.33,62.86,True,thermal_event
2014-04-15 16:04:00,server-04,85.53,68.01,30.09,28.22,70.58,51.94,True,cpu_spike
2014-04-15 16:09:00,server-04,90.23,81.63,32.73,26.93,75.18,50.2,True,cpu_spike
2014-04-15 16:14:00,server-04,90.46,78.07,20.14,22.54,78.17,50.25,True,cpu_spike
2014-04-15 16:19:00,server-04,90.58,84.69,14.45,20.92,75.25,54.54,True,cpu_spike
2014-04-15 16:24:00,server-04,91.63,87.32,33.8,21.45,78.5,52.01,True,cpu_spike
2014-04-15 16:29:00,server-04,90.0,68.34,15.95,28.92,74.8,58.87,True,cpu_spike
2014-04-15 16:34:00,server-04,93.4,70.97,16.89,16.47,75.98,58.86,True,cpu_spike
2014-04-15 16:39:00,server-04,95.77,78.81,14.51,20.83,79.97,53.68,True,cpu_spike
2014-04-15 16:44:00,server-04,93.77,80.25,18.86,31.32,75.93,66.13,True,cpu_spike
2014-04-15 16:49:00,server-04,89.29,67.17,25.57,30.45,73.38,62.85,True,cpu_spike
2014-04-15 16:54:00,server-04,54.96,51.69,10.66,19.73,57.81,55.2,True,thermal_event
2014-04-15 16:59:00,server-04,54.78,52.9,18.07,6.75,55.49,52.58,True,thermal_event
2014-04-15 17:04:00,server-04,90.03,79.3,16.25,29.62,72.09,40.58,True,cpu_spike
2014-04-15 17:09:00,server-04,93.18,73.4,15.12,14.56,74.68,72.23,True,cpu_spike
2014-04-15 17:14:00,server-04,88.18,83.84,31.62,19.22,73.51,57.74,True,cpu_spike
2014-04-15 17:19:00,server-04,88.0,65.01,14.27,24.91,74.29,73.79,True,cpu_spike
2014-04-15 17:24:00,server-04,87.99,67.89,28.73,21.88,71.67,62.12,True,cpu_spike
2014-04-15 17:29:00,server-04,87.54,67.82,19.17,15.22,75.38,53.14,True,cpu_spike
2014-04-15 17:34:00,server-04,89.08,78.33,14.89,20.11,72.99,64.82,True,cpu_spike
2014-04-15 17:39:00,server-04,89.88,68.3,34.46,13.47,77.13,63.65,True,cpu_spike
2014-04-15 17:44:00,server-04,87.04,76.18,30.14,21.26,76.13,61.48,True,cpu_spike
2014-04-15 17:49:00,server-04,88.0,70.47,27.36,21.92,75.86,58.89,True,cpu_spike
2014-04-15 17:54:00,server-04,88.5,69.84,15.88,26.65,76.29,45.6,True,cpu_spike
2014-04-15 17:59:00,server-04,89.32,71.0,19.34,22.82,73.9,55.16,True,cpu_spike
2014-04-15 18:04:00,server-04,88.17,78.26,30.44,17.08,74.18,53.69,True,cpu_spike
2014-04-15 18:09:00,server-04,92.92,70.39,22.36,24.08,77.94,61.38,True,cpu_spike
2014-04-15 18:14:00,server-04,87.63,70.95,31.55,19.02,71.42,67.71,True,cpu_spike
2014-04-15 18:19:00,server-04,89.07,81.59,21.85,26.26,73.4,62.61,True,cpu_spike
2014-04-15 18:24:00,server-04,85.24,75.13,32.96,15.21,71.36,49.41,True,cpu_spike
2014-04-15 18:29:00,server-04,89.76,71.49,15.15,31.26,74.12,73.15,True,cpu_spike
2014-04-15 18:34:00,server-04,87.67,80.36,25.37,16.8,72.87,43.24,True,cpu_spike
2014-04-15 18:39:00,server-04,89.63,80.44,33.29,23.39,72.97,68.84,True,cpu_spike
2014-04-15 18:44:00,server-04,90.29,82.64,32.11,24.22,72.28,65.74,True,cpu_spike
2014-04-15 18:49:00,server-04,87.75,84.04,18.21,21.59,73.69,72.86,True,cpu_spike
2014-04-15 18:54:00,server-04,85.46,80.08,15.54,13.46,72.71,56.0,True,cpu_spike
2014-04-15 18:59:00,server-04,88.0,84.62,34.27,18.64,76.69,63.93,True,cpu_spike
2014-04-15 19:04:00,server-04,88.96,66.67,30.26,30.54,74.46,58.96,True,cpu_spike
2014-04-15 19:09:00,server-04,92.61,70.91,33.95,17.48,79.17,58.37,True,cpu_spike
2014-04-15 19:14:00,server-04,76.98,60.85,22.35,19.53,67.67,71.91,True,thermal_event
2014-04-15 19:19:00,server-04,92.26,81.4,20.98,30.09,77.29,73.87,True,cpu_spike
2014-04-15 19:24:00,server-04,86.55,74.07,14.55,22.83,74.92,69.11,True,cpu_spike
2014-04-15 19:29:00,server-04,88.04,76.08,25.9,17.79,74.92,44.68,True,cpu_spike
2014-04-15 19:34:00,server-04,88.33,78.1,28.83,30.39,71.84,68.22,True,cpu_spike
2014-04-15 19:39:00,server-04,90.7,82.82,20.39,29.85,73.82,48.65,True,cpu_spike
2014-04-15 19:44:00,server-04,87.89,74.17,14.47,30.46,74.36,58.73,True,cpu_spike
2014-04-15 19:49:00,server-04,93.85,87.93,15.39,31.56,79.37,43.54,True,cpu_spike
2014-04-15 19:54:00,server-04,91.35,80.08,22.75,29.85,72.99,67.95,True,cpu_spike
2014-04-15 19:59:00,server-04,91.63,77.23,33.56,30.25,76.93,60.98,True,cpu_spike
2014-04-15 20:04:00,server-04,89.08,81.06,17.43,17.32,75.2,68.22,True,cpu_spike
2014-04-15 20:09:00,server-04,90.98,85.72,27.9,26.96,77.85,62.42,True,cpu_spike
2014-04-15 20:14:00,server-04,90.98,72.35,32.76,17.11,73.59,53.34,True,cpu_spike
2014-04-15 20:19:00,server-04,92.19,74.6,28.08,14.06,75.14,42.61,True,cpu_spike
2014-04-15 20:24:00,server-04,90.25,74.62,12.93,24.07,72.87,73.75,True,cpu_spike
2014-04-15 20:29:00,server-04,93.17,74.69,24.35,28.91,75.35,57.3,True,cpu_spike
2014-04-15 20:34:00,server-04,93.75,82.83,30.64,22.64,78.74,40.95,True,cpu_spike
2014-04-15 20:39:00,server-04,89.58,74.55,17.68,30.15,71.88,57.07,True,cpu_spike
2014-04-15 20:44:00,server-04,91.71,80.64,22.58,17.83,78.37,67.61,True,cpu_spike
2014-04-15 20:49:00,server-04,89.12,73.39,22.05,19.66,73.11,66.47,True,cpu_spike
2014-04-15 20:54:00,server-04,91.62,74.67,27.89,18.95,76.27,48.64,True,cpu_spike
2014-04-15 20:59:00,server-04,91.27,78.93,24.25,22.57,74.48,59.13,True,cpu_spike
2014-04-15 21:04:00,server-04,94.08,70.27,12.12,16.37,77.72,54.77,True,cpu_spike
2014-04-15 21:09:00,server-04,94.5,84.49,20.97,16.83,77.24,63.28,True,cpu_spike
2014-04-15 21:14:00,server-04,93.71,80.96,27.82,24.71,74.65,63.49,True,cpu_spike
2014-04-15 21:19:00,server-04,92.71,73.12,22.89,15.43,75.16,63.07,True,cpu_spike
2014-04-15 21:24:00,server-04,93.66,83.44,32.56,15.9,75.56,72.24,True,cpu_spike
2014-04-15 21:29:00,server-04,91.65,72.73,26.65,21.94,74.87,53.74,True,cpu_spike
2014-04-15 21:34:00,server-04,93.75,77.18,26.1,20.92,76.01,72.89,True,cpu_spike
2014-04-15 21:39:00,server-04,91.08,69.49,13.49,25.21,76.27,53.29,True,cpu_spike
2014-04-15 21:44:00,server-04,92.51,71.18,29.99,17.38,75.6,72.72,True,cpu_spike
2014-04-15 21:49:00,server-04,93.64,82.05,14.03,31.23,75.51,43.64,True,cpu_spike
2014-04-15 21:54:00,server-04,93.58,85.14,14.77,15.88,75.82,46.11,True,cpu_spike
2014-04-15 21:59:00,server-04,92.12,70.67,19.47,18.79,75.16,47.31,True,cpu_spike
2014-04-15 22:04:00,server-04,90.17,79.38,19.08,25.04,77.22,61.19,True,cpu_spike
2014-04-15 22:09:00,server-04,94.48,80.84,14.48,22.96,76.35,46.02,True,cpu_spike
2014-04-15 22:14:00,server-04,92.15,80.87,29.8,13.04,77.36,61.36,True,cpu_spike
2014-04-15 22:19:00,server-04,93.49,70.57,26.38,20.5,76.66,60.05,True,cpu_spike
2014-04-15 22:24:00,server-04,94.56,74.67,17.93,27.58,78.89,40.23,True,cpu_spike
2014-04-15 22:29:00,server-04,91.46,71.36,14.25,22.26,73.96,57.88,True,cpu_spike
2014-04-15 22:34:00,server-04,91.0,69.61,12.73,19.68,74.3,67.12,True,cpu_spike
2014-04-15 22:39:00,server-04,91.88,76.47,19.81,21.56,78.76,43.94,True,cpu_spike
2014-04-15 22:44:00,server-04,90.04,69.8,17.6,14.15,72.04,57.04,True,cpu_spike
2014-04-15 22:49:00,server-04,93.63,75.97,27.62,23.62,77.94,61.99,True,cpu_spike
2014-04-15 22:54:00,server-04,93.67,73.8,19.41,26.23,74.22,49.1,True,cpu_spike
2014-04-15 22:59:00,server-04,95.17,84.89,21.39,17.75,79.75,50.1,True,cpu_spike
2014-04-15 23:04:00,server-04,92.59,79.68,34.64,17.64,78.5,42.45,True,cpu_spike
2014-04-15 23:09:00,server-04,94.04,84.29,25.43,23.05,79.06,54.68,True,cpu_spike
2014-04-15 23:14:00,server-04,87.71,78.51,13.16,30.93,76.74,49.25,True,cpu_spike
2014-04-15 23:19:00,server-04,92.78,87.51,20.54,28.34,78.72,41.27,True,cpu_spike
2014-04-15 23:24:00,server-04,91.51,79.09,20.04,16.54,73.99,55.83,True,cpu_spike
2014-04-15 23:29:00,server-04,88.83,70.04,25.0,22.65,76.33,54.31,True,cpu_spike
2014-04-15 23:34:00,server-04,90.96,79.28,14.73,31.76,75.96,74.15,True,cpu_spike
2014-04-15 23:39:00,server-04,91.08,68.73,28.9,26.24,75.35,51.66,True,cpu_spike
2014-04-15 23:44:00,server-04,90.16,72.53,24.78,14.78,72.85,65.05,True,cpu_spike
2014-04-15 23:49:00,server-04,88.96,83.76,17.05,28.46,75.48,51.03,True,cpu_spike
2014-04-15 23:54:00,server-04,91.9,80.79,13.12,17.13,73.96,70.89,True,cpu_spike
2014-04-15 23:59:00,server-04,92.92,84.65,33.33,28.86,75.3,53.87,True,cpu_spike
2014-04-16 00:04:00,server-04,91.35,77.25,33.07,30.94,76.08,73.35,True,cpu_spike
2014-04-16 00:09:00,server-04,92.75,83.57,13.97,19.65,74.75,41.9,True,cpu_spike
2014-04-16 00:14:00,server-04,93.7,84.38,28.16,26.5,76.56,69.64,True,cpu_spike
2014-04-16 00:19:00,server-04,93.29,88.97,22.51,28.86,79.1,59.56,True,cpu_spike
2014-04-16 00:24:00,server-04,93.92,71.83,23.64,29.69,77.03,54.63,True,cpu_spike
2014-04-16 00:29:00,server-04,92.13,83.96,32.56,24.73,76.76,71.29,True,cpu_spike
2014-04-16 00:34:00,server-04,93.08,75.14,22.01,17.18,78.04,60.82,True,cpu_spike
2014-04-16 00:39:00,server-04,93.45,73.14,27.26,28.39,74.51,47.21,True,cpu_spike
2014-04-16 00:44:00,server-04,91.29,73.64,19.28,15.31,78.42,43.37,True,cpu_spike
2014-04-16 00:49:00,server-04,94.25,78.46,31.11,17.93,77.92,48.48,True,cpu_spike
2014-04-16 00:54:00,server-04,91.54,87.01,24.28,30.74,77.13,47.95,True,cpu_spike
2014-04-16 00:59:00,server-04,93.29,73.28,13.69,22.95,79.36,74.57,True,cpu_spike
2014-04-16 01:04:00,server-04,92.63,75.21,25.22,17.09,77.36,66.85,True,cpu_spike
2014-04-16 01:09:00,server-04,94.39,79.99,29.12,24.54,79.02,41.55,True,cpu_spike
2014-04-16 01:14:00,server-04,90.29,70.48,18.41,21.83,77.65,72.14,True,cpu_spike
2014-04-16 01:19:00,server-04,94.29,89.79,31.27,29.92,79.39,48.75,True,cpu_spike
2014-04-16 01:24:00,server-04,93.57,85.88,12.16,27.93,76.26,69.37,True,cpu_spike
2014-04-16 01:29:00,server-04,91.88,87.8,29.0,13.48,77.13,66.38,True,cpu_spike
2014-04-16 01:34:00,server-04,91.38,69.88,27.12,15.46,78.14,40.71,True,cpu_spike
2014-04-16 01:39:00,server-04,92.66,85.61,26.1,18.25,76.35,42.8,True,cpu_spike
2014-04-16 01:44:00,server-04,90.67,68.46,18.99,22.74,77.75,68.35,True,cpu_spike
2014-04-16 01:49:00,server-04,92.5,84.88,15.9,20.14,74.77,50.06,True,cpu_spike
2014-04-16 01:54:00,server-04,92.04,69.62,24.15,27.26,78.45,67.3,True,cpu_spike
2014-04-16 01:59:00,server-04,92.5,70.21,28.82,31.56,78.18,40.64,True,cpu_spike
2014-04-16 02:04:00,server-04,93.21,84.07,26.09,30.92,79.06,53.5,True,cpu_spike
2014-04-16 02:09:00,server-04,95.34,75.61,31.01,14.41,76.0,51.84,True,cpu_spike
2014-04-16 02:14:00,server-04,93.96,86.74,31.17,24.42,75.54,48.13,True,cpu_spike
2014-04-16 02:19:00,server-04,93.56,82.45,15.09,26.97,78.45,47.27,True,cpu_spike
2014-04-16 02:24:00,server-04,90.08,71.41,28.19,29.15,77.39,56.74,True,cpu_spike
2014-04-16 02:29:00,server-04,90.34,75.38,34.13,27.68,76.55,69.3,True,cpu_spike
2014-04-16 02:34:00,server-04,92.51,83.53,14.4,24.29,76.68,54.72,True,cpu_spike
2014-04-16 02:39:00,server-04,90.89,80.74,32.51,16.16,77.9,55.48,True,cpu_spike
2014-04-16 02:44:00,server-04,91.42,78.59,29.17,16.78,76.92,63.64,True,cpu_spike
2014-04-16 02:49:00,server-04,90.37,72.55,32.18,17.44,76.69,41.41,True,cpu_spike
2014-04-16 02:54:00,server-04,92.17,87.45,32.35,16.14,78.02,63.16,True,cpu_spike
2014-04-16 02:59:00,server-04,91.63,85.93,12.21,26.48,77.27,62.01,True,cpu_spike
2014-04-16 03:04:00,server-04,92.42,77.62,27.43,25.72,75.4,42.26,True,cpu_spike
2014-04-16 03:09:00,server-04,98.29,91.85,15.36,27.13,78.03,47.69,True,cpu_spike
2014-04-16 03:14:00,server-04,92.12,72.37,25.3,31.74,75.36,65.75,True,cpu_spike
2014-04-16 03:19:00,server-04,91.42,72.91,22.01,17.91,73.88,41.09,True,cpu_spike
2014-04-16 03:24:00,server-04,91.46,67.76,28.94,19.99,78.3,46.38,True,cpu_spike
2014-04-16 03:29:00,server-04,58.46,51.38,23.83,5.52,57.06,63.56,True,thermal_event
2014-04-16 03:34:00,server-04,24.43,18.49,7.15,6.88,45.0,52.93,True,thermal_event
2014-04-16 03:39:00,server-04,24.62,26.8,11.77,1.44,44.5,41.56,True,thermal_event
2014-04-16 03:44:00,server-04,23.99,11.46,11.81,6.94,43.49,67.07,True,thermal_event
2014-04-16 03:49:00,server-04,24.29,29.9,8.23,18.54,44.18,50.55,True,thermal_event
2014-04-16 03:54:00,server-04,25.21,18.06,11.38,8.01,40.17,63.21,True,thermal_event
2014-04-16 03:59:00,server-04,24.54,11.87,5.5,5.41,45.18,58.4,True,thermal_event
2014-04-16 04:04:00,server-04,18.72,17.48,6.66,16.02,40.31,71.91,True,thermal_event
2014-04-16 04:09:00,server-04,35.93,27.1,8.14,6.64,50.94,41.45,True,thermal_event
2014-04-16 04:14:00,server-04,24.64,14.37,9.13,13.25,43.03,58.03,True,thermal_event
2014-04-16 04:19:00,server-04,23.59,24.29,22.05,1.38,44.6,63.95,True,thermal_event
2014-04-16 04:24:00,server-04,24.61,11.12,8.16,19.84,39.33,74.72,True,thermal_event
2014-04-16 04:29:00,server-04,24.2,22.11,11.97,19.84,42.0,60.9,True,thermal_event
2014-04-16 04:34:00,server-04,24.29,19.29,7.16,19.22,40.69,71.87,True,thermal_event
2014-04-16 04:39:00,server-04,24.82,30.58,10.66,6.73,40.33,73.02,True,thermal_event
2014-04-16 04:44:00,server-04,24.58,27.5,20.94,12.06,42.43,67.86,True,thermal_event
2014-04-16 04:49:00,server-04,24.58,20.63,17.99,9.22,44.15,73.6,True,thermal_event
2014-04-16 04:54:00,server-04,25.38,21.57,15.36,16.98,45.31,61.69,True,thermal_event
2014-04-16 04:59:00,server-04,25.12,18.57,24.25,4.57,40.31,68.18,True,thermal_event
2014-04-16 05:04:00,server-04,24.95,17.53,17.32,14.77,44.12,63.52,True,thermal_event
2014-04-16 05:09:00,server-04,36.46,30.15,2.77,14.08,46.95,42.41,True,thermal_event
2014-04-16 05:14:00,server-04,24.65,30.86,12.52,11.07,39.54,66.16,True,thermal_event
2014-04-16 05:19:00,server-04,25.05,12.56,9.06,9.73,41.09,52.99,True,thermal_event
2014-04-16 05:24:00,server-04,25.32,25.47,7.41,13.89,41.27,68.68,True,thermal_event
2014-04-16 05:29:00,server-04,25.17,11.47,18.19,3.79,43.68,45.88,True,thermal_event
2014-04-16 05:34:00,server-04,24.79,23.94,24.44,10.39,39.71,73.15,True,thermal_event
2014-04-16 05:39:00,server-04,25.33,25.82,19.81,17.29,42.54,65.34,True,thermal_event
2014-04-16 05:44:00,server-04,24.88,24.4,19.49,16.15,44.37,53.06,True,thermal_event
2014-04-16 05:49:00,server-04,24.71,26.74,3.33,14.39,43.68,52.63,True,thermal_event
2014-04-16 05:54:00,server-04,25.75,14.8,7.28,4.38,41.33,44.72,True,thermal_event
2014-04-16 05:59:00,server-04,25.5,29.71,22.34,2.71,41.47,53.77,True,thermal_event
2014-04-16 06:04:00,server-04,25.42,22.02,24.06,14.48,45.44,45.85,True,thermal_event
2014-04-16 06:09:00,server-04,36.33,37.39,23.02,12.67,45.65,49.54,True,thermal_event
2014-04-16 06:14:00,server-04,25.33,24.62,6.79,11.49,43.56,69.05,True,thermal_event
2014-04-16 06:19:00,server-04,25.11,21.68,18.54,2.49,44.17,54.19,True,thermal_event
2014-04-16 06:24:00,server-04,25.32,21.74,18.18,3.73,42.54,40.81,True,thermal_event
2014-04-16 06:29:00,server-04,25.4,24.82,18.27,14.6,43.25,50.18,True,thermal_event
2014-04-16 06:34:00,server-04,24.67,12.56,8.7,14.25,41.7,48.18,True,thermal_event
2014-04-16 06:39:00,server-04,25.21,12.4,16.83,14.8,40.53,48.5,True,thermal_event
2014-04-16 06:44:00,server-04,25.12,15.6,12.18,3.14,40.5,49.18,True,thermal_event
2014-04-16 06:49:00,server-04,25.25,30.97,22.92,16.24,42.25,50.12,True,thermal_event
2014-04-16 06:54:00,server-04,25.54,17.07,21.86,10.08,41.33,58.84,True,thermal_event
2014-04-16 06:59:00,server-04,25.58,18.95,4.54,15.47,43.59,62.81,True,thermal_event
2014-04-16 07:04:00,server-04,25.33,30.68,21.16,15.5,41.89,42.91,True,thermal_event
2014-04-16 07:09:00,server-04,36.67,31.4,22.77,3.7,51.01,72.35,True,thermal_event
2014-04-16 07:14:00,server-04,25.11,22.84,15.99,3.64,40.26,42.96,True,thermal_event
2014-04-16 07:19:00,server-04,24.98,21.46,11.39,19.37,40.02,62.9,True,thermal_event
2014-04-16 07:24:00,server-04,25.27,29.88,2.62,7.65,43.42,47.81,True,thermal_event
2014-04-16 07:29:00,server-04,24.84,18.29,3.42,3.73,41.64,51.55,True,thermal_event
2014-04-16 07:34:00,server-04,24.54,22.81,15.88,7.85,40.36,66.93,True,thermal_event
2014-04-16 07:39:00,server-04,25.0,17.74,24.6,15.26,41.98,40.11,True,thermal_event
2014-04-16 07:44:00,server-04,24.92,17.06,11.61,15.3,40.3,61.22,True,thermal_event
2014-04-16 07:49:00,server-04,24.52,22.2,21.6,17.11,44.11,61.63,True,thermal_event
2014-04-16 07:54:00,server-04,25.25,20.38,11.54,16.24,44.99,71.78,True,thermal_event
2014-04-16 07:59:00,server-04,25.2,11.86,2.98,14.42,40.2,66.46,True,thermal_event
2014-04-16 08:04:00,server-04,24.8,11.17,18.17,12.99,40.21,47.39,True,thermal_event
2014-04-16 08:09:00,server-04,36.0,34.79,17.32,5.75,46.34,64.08,True,thermal_event
2014-04-16 08:14:00,server-04,25.29,15.65,18.58,5.93,42.22,69.63,True,thermal_event
2014-04-16 08:19:00,server-04,25.17,19.2,11.18,16.02,43.81,70.88,True,thermal_event
2014-04-16 08:24:00,server-04,25.38,19.48,21.64,2.54,45.48,45.79,True,thermal_event
2014-04-16 08:29:00,server-04,24.87,29.54,9.23,18.25,40.44,73.59,True,thermal_event
2014-04-16 08:34:00,server-04,24.54,13.72,22.98,13.09,43.41,58.81,True,thermal_event
2014-04-16 08:39:00,server-04,25.04,25.76,8.04,11.87,43.72,41.73,True,thermal_event
2014-04-16 08:44:00,server-04,24.67,12.05,22.77,8.22,42.08,46.66,True,thermal_event
2014-04-16 08:49:00,server-04,24.79,30.11,21.92,1.08,41.52,41.08,True,thermal_event
2014-04-16 08:54:00,server-04,25.45,12.83,12.57,12.92,45.52,68.97,True,thermal_event
2014-04-16 08:59:00,server-04,25.21,18.84,11.48,16.71,43.75,51.95,True,thermal_event
2014-04-16 09:04:00,server-04,24.92,25.8,18.23,11.12,39.84,52.78,True,thermal_event
2014-04-16 09:09:00,server-04,36.17,23.84,23.59,12.88,49.37,45.97,True,thermal_event
2014-04-16 09:14:00,server-04,24.96,16.66,7.25,8.07,43.38,62.38,True,thermal_event
2014-04-16 09:19:00,server-04,24.67,17.35,9.62,14.38,45.13,65.08,True,thermal_event
2014-04-16 09:24:00,server-04,24.62,11.99,17.7,19.27,44.19,49.21,True,thermal_event
2014-04-16 09:29:00,server-04,25.13,30.39,14.13,8.77,41.45,63.03,True,thermal_event
2014-04-16 09:34:00,server-04,25.13,29.46,20.26,12.06,43.62,49.38,True,thermal_event
2014-04-16 09:39:00,server-04,24.92,24.94,18.3,13.39,43.09,45.96,True,thermal_event
2014-04-16 09:44:00,server-04,25.25,15.49,14.04,12.2,42.79,62.75,True,thermal_event
2014-04-16 09:49:00,server-04,24.83,13.18,15.28,10.67,43.68,53.2,True,thermal_event
2014-04-16 09:54:00,server-04,25.67,12.9,18.6,4.66,41.75,55.61,True,thermal_event
2014-04-16 09:59:00,server-04,25.36,14.93,8.43,18.17,41.41,49.52,True,thermal_event
2014-04-16 10:04:00,server-04,24.79,27.88,5.26,11.69,39.94,58.01,True,thermal_event
2014-04-16 10:09:00,server-04,36.63,22.78,6.41,7.41,46.26,53.83,True,thermal_event
2014-04-16 10:14:00,server-04,24.48,12.12,24.52,19.37,43.13,46.37,True,thermal_event
2014-04-16 10:19:00,server-04,24.94,28.45,12.1,12.51,40.14,55.18,True,thermal_event
2014-04-16 10:24:00,server-04,24.73,19.58,17.89,11.58,40.37,44.52,True,thermal_event
2014-04-16 10:29:00,server-04,26.46,19.6,11.25,2.41,40.52,64.92,True,thermal_event
2014-04-16 10:34:00,server-04,24.92,30.77,8.33,2.13,39.52,63.74,True,thermal_event
2014-04-16 10:39:00,server-04,25.27,29.23,9.18,18.08,42.14,63.27,True,thermal_event
2014-04-16 10:44:00,server-04,25.17,29.74,16.19,3.17,42.45,69.5,True,thermal_event
2014-04-16 10:49:00,server-04,24.75,11.48,6.98,8.2,42.17,41.07,True,thermal_event
2014-04-16 10:54:00,server-04,25.33,24.74,20.96,3.88,45.34,54.83,True,thermal_event
2014-04-16 10:59:00,server-04,25.63,26.64,11.3,6.65,42.32,52.73,True,thermal_event
2014-04-16 11:04:00,server-04,25.08,11.59,15.65,6.09,43.72,67.85,True,thermal_event
2014-04-16 11:09:00,server-04,35.88,22.85,4.98,12.48,46.4,51.32,True,thermal_event
2014-04-16 11:14:00,server-04,24.92,20.6,20.69,3.31,45.02,62.62,True,thermal_event
2014-04-16 11:19:00,server-04,24.99,23.66,16.9,15.3,44.41,71.68,True,thermal_event
2014-04-16 11:24:00,server-04,25.48,14.44,3.5,8.73,41.99,61.73,True,thermal_event
2014-04-16 11:29:00,server-04,25.08,16.82,7.11,17.39,43.78,71.02,True,thermal_event
2014-04-16 11:34:00,server-04,24.79,16.97,22.34,16.95,39.49,62.7,True,thermal_event
2014-04-16 11:39:00,server-04,25.08,16.18,8.78,4.78,44.87,54.25,True,thermal_event
2014-04-16 11:44:00,server-04,25.37,14.48,22.25,17.1,43.57,44.65,True,thermal_event
2014-04-16 11:49:00,server-04,24.75,28.82,13.49,6.86,40.22,43.93,True,thermal_event
2014-04-16 11:54:00,server-04,25.42,21.17,6.52,3.58,44.85,70.15,True,thermal_event
2014-04-16 14:19:00,server-04,85.27,63.16,26.92,23.03,74.04,64.51,True,cpu_spike
2014-04-16 14:24:00,server-04,94.83,82.19,32.91,19.77,79.11,53.96,True,cpu_spike
2014-04-16 14:29:00,server-04,92.16,74.71,18.71,18.18,75.31,59.31,True,cpu_spike
2014-04-16 14:34:00,server-04,94.4,72.96,18.68,20.94,78.51,51.07,True,cpu_spike
2014-04-16 14:39:00,server-04,94.33,81.97,24.29,17.81,74.96,41.68,True,cpu_spike
2014-04-16 14:44:00,server-04,93.88,77.47,13.0,26.05,74.08,44.9,True,cpu_spike
2014-04-16 14:49:00,server-04,91.75,76.71,23.92,25.82,75.62,57.3,True,cpu_spike
2014-04-16 14:54:00,server-04,92.21,69.33,29.04,24.1,76.58,56.31,True,cpu_spike
2014-04-16 14:59:00,server-04,93.37,76.31,17.7,21.48,75.85,67.25,True,cpu_spike
2014-04-16 15:04:00,server-04,88.63,69.98,26.32,18.65,75.39,60.88,True,cpu_spike
2014-04-16 15:09:00,server-04,90.87,76.13,31.58,31.62,72.99,54.01,True,cpu_spike
2014-04-16 15:14:00,server-04,91.25,71.14,30.6,16.85,78.52,68.74,True,cpu_spike
2014-04-16 15:19:00,server-04,92.37,71.86,34.36,23.62,78.5,62.76,True,cpu_spike
2014-04-16 15:24:00,server-04,85.96,67.08,24.34,25.11,73.93,62.45,True,cpu_spike
2014-04-16 15:29:00,server-04,86.75,79.17,30.92,19.46,76.29,55.89,True,cpu_spike
2014-04-16 15:34:00,server-04,85.58,64.72,15.02,19.73,70.26,70.35,True,cpu_spike
2014-04-16 15:44:00,server-04,85.25,80.71,16.73,22.96,72.48,56.31,True,cpu_spike
2014-04-16 15:49:00,server-04,87.25,76.89,27.4,19.38,70.94,60.49,True,cpu_spike
2014-04-16 15:54:00,server-04,87.13,68.31,32.9,17.68,71.07,46.47,True,cpu_spike
2014-04-16 15:59:00,server-04,94.1,86.44,17.02,20.75,78.21,62.64,True,cpu_spike
2014-04-16 16:04:00,server-04,89.21,77.29,24.49,13.93,74.34,45.45,True,cpu_spike
2014-04-16 16:09:00,server-04,93.58,84.73,31.9,20.55,75.39,50.77,True,cpu_spike
2014-04-16 16:14:00,server-04,92.29,68.77,28.37,20.04,76.0,40.43,True,cpu_spike
2014-04-16 16:19:00,server-04,89.2,65.82,32.66,26.99,73.78,66.12,True,cpu_spike
2014-04-16 16:24:00,server-04,90.25,83.84,18.39,22.13,76.13,72.03,True,cpu_spike
2014-04-16 16:29:00,server-04,90.95,82.2,15.05,22.11,75.81,64.77,True,cpu_spike
2014-04-16 16:34:00,server-04,91.4,85.07,20.32,20.61,74.85,48.86,True,cpu_spike
2014-04-16 16:39:00,server-04,93.18,84.35,26.34,19.6,77.3,60.29,True,cpu_spike
2014-04-16 16:44:00,server-04,89.51,71.76,25.6,24.78,72.25,64.13,True,cpu_spike
2014-04-16 16:49:00,server-04,88.65,67.28,30.44,29.7,74.48,57.08,True,cpu_spike
2014-04-16 16:54:00,server-04,88.88,77.94,27.84,22.98,72.15,72.54,True,cpu_spike
2014-04-16 16:59:00,server-04,87.01,77.03,19.73,14.96,70.59,59.48,True,cpu_spike
2014-04-16 17:04:00,server-04,93.53,76.78,17.86,31.02,76.98,70.21,True,cpu_spike
2014-04-16 17:09:00,server-04,93.07,69.15,28.56,27.46,76.04,69.38,True,cpu_spike
2014-04-16 17:19:00,server-04,91.72,87.05,28.52,18.04,74.19,41.1,True,cpu_spike
2014-04-16 17:24:00,server-04,92.19,72.15,30.61,21.7,73.62,45.42,True,cpu_spike
2014-04-16 17:29:00,server-04,90.94,82.11,18.35,25.61,78.4,58.81,True,cpu_spike
2014-04-16 17:34:00,server-04,89.67,78.4,17.65,31.18,73.61,67.64,True,cpu_spike
2014-04-16 17:39:00,server-04,94.29,81.12,24.09,15.28,74.48,74.34,True,cpu_spike
2014-04-16 17:44:00,server-04,92.63,72.51,32.11,19.68,79.15,43.74,True,cpu_spike
2014-04-16 17:49:00,server-04,93.38,69.73,34.33,26.78,79.26,73.94,True,cpu_spike
2014-04-16 17:54:00,server-04,91.87,76.88,21.74,29.6,74.99,66.33,True,cpu_spike
2014-04-16 17:59:00,server-04,90.48,78.31,20.88,28.64,76.2,49.02,True,cpu_spike
2014-04-16 18:04:00,server-04,92.91,86.25,29.4,20.28,75.22,58.72,True,cpu_spike
2014-04-16 18:09:00,server-04,92.12,86.85,23.55,29.86,78.1,66.27,True,cpu_spike
2014-04-16 18:14:00,server-04,91.21,83.09,15.29,31.54,75.18,67.83,True,cpu_spike
2014-04-16 18:19:00,server-04,91.29,71.39,15.43,13.41,75.88,69.62,True,cpu_spike
2014-04-16 18:24:00,server-04,92.9,88.04,13.43,13.16,74.07,56.31,True,cpu_spike
2014-04-16 18:29:00,server-04,93.04,84.87,14.66,28.74,77.14,65.02,True,cpu_spike
2014-04-16 18:34:00,server-04,90.5,78.87,21.43,15.88,76.82,70.83,True,cpu_spike
2014-04-16 18:39:00,server-04,91.04,74.72,34.02,15.02,72.74,42.45,True,cpu_spike
2014-04-16 18:44:00,server-04,89.21,85.27,29.35,16.94,76.64,63.45,True,cpu_spike
2014-04-16 18:49:00,server-04,89.38,73.19,13.54,21.29,77.68,53.99,True,cpu_spike
2014-04-16 18:54:00,server-04,89.98,80.99,24.32,23.2,75.32,66.95,True,cpu_spike
2014-04-16 18:59:00,server-04,90.04,81.08,32.4,27.64,74.48,40.07,True,cpu_spike
2014-04-16 19:04:00,server-04,88.5,79.36,34.31,28.69,76.77,67.29,True,cpu_spike
2014-04-16 19:09:00,server-04,90.18,70.89,32.18,30.75,72.19,63.78,True,cpu_spike
2014-04-16 19:14:00,server-04,87.4,72.13,14.5,24.34,71.42,68.95,True,cpu_spike
2014-04-16 19:24:00,server-04,92.17,75.59,30.41,16.52,74.84,59.37,True,cpu_spike
2014-04-16 19:29:00,server-04,92.5,71.11,33.18,19.24,74.34,60.48,True,cpu_spike
2014-04-16 19:34:00,server-04,89.87,66.59,34.84,24.62,72.59,45.97,True,cpu_spike
2014-04-16 19:39:00,server-04,89.42,79.61,17.64,31.24,71.79,72.29,True,cpu_spike
2014-04-16 19:44:00,server-04,91.51,76.75,14.35,24.07,74.15,73.24,True,cpu_spike
2014-04-16 19:49:00,server-04,93.5,75.58,24.9,23.58,78.92,61.03,True,cpu_spike
2014-04-16 19:54:00,server-04,91.88,81.22,21.74,13.02,77.95,69.66,True,cpu_spike
2014-04-16 19:59:00,server-04,92.68,78.01,32.8,30.8,78.21,60.82,True,cpu_spike
2014-04-16 20:04:00,server-04,89.04,66.79,13.1,17.94,73.76,73.11,True,cpu_spike
2014-04-16 20:09:00,server-04,94.21,73.47,29.59,22.57,74.36,48.76,True,cpu_spike
2014-04-16 20:14:00,server-04,91.7,79.74,32.86,25.73,76.62,68.78,True,cpu_spike
2014-04-16 20:19:00,server-04,90.56,82.16,26.11,27.44,74.02,45.21,True,cpu_spike
2014-04-16 20:24:00,server-04,85.61,77.33,23.28,24.28,71.13,50.83,True,cpu_spike
2014-04-16 20:29:00,server-04,89.02,72.09,26.81,14.98,74.56,72.49,True,cpu_spike
2014-04-16 20:39:00,server-04,87.81,72.31,25.65,23.43,76.74,57.99,True,cpu_spike
2014-04-16 20:44:00,server-04,89.87,85.7,15.74,20.55,73.42,54.7,True,cpu_spike
2014-04-16 20:49:00,server-04,87.79,68.46,13.47,29.6,71.49,57.17,True,cpu_spike
2014-04-16 20:54:00,server-04,90.67,76.02,19.53,15.62,75.59,48.65,True,cpu_spike
2014-04-16 20:59:00,server-04,88.67,84.63,19.8,31.41,76.89,72.71,True,cpu_spike
2014-04-16 21:04:00,server-04,87.12,69.91,26.74,25.05,72.41,67.65,True,cpu_spike
2014-04-16 21:09:00,server-04,88.96,76.12,25.79,18.68,73.49,46.98,True,cpu_spike
2014-04-16 21:14:00,server-04,90.37,85.32,18.55,14.88,75.51,58.45,True,cpu_spike
2014-04-16 21:19:00,server-04,90.92,76.43,14.45,28.74,72.81,59.08,True,cpu_spike
2014-04-16 21:24:00,server-04,87.75,71.92,21.94,24.29,71.11,52.68,True,cpu_spike
2014-04-16 21:29:00,server-04,90.79,74.57,12.62,15.77,76.74,67.32,True,cpu_spike
2014-04-16 21:39:00,server-04,92.81,75.24,13.87,31.84,74.87,66.01,True,cpu_spike
2014-04-16 21:44:00,server-04,85.83,64.96,30.76,16.63,71.32,49.13,True,cpu_spike
2014-04-16 21:49:00,server-04,90.63,76.86,32.98,24.23,75.8,45.23,True,cpu_spike
2014-04-16 21:54:00,server-04,92.44,82.95,15.53,14.94,76.5,41.49,True,cpu_spike
2014-04-16 21:59:00,server-04,87.63,82.28,22.26,29.49,73.86,67.18,True,cpu_spike
2014-04-16 22:04:00,server-04,87.75,77.15,19.44,28.23,71.39,61.59,True,cpu_spike
2014-04-16 22:09:00,server-04,95.22,73.92,23.83,25.83,79.3,56.17,True,cpu_spike
2014-04-16 22:14:00,server-04,91.18,84.37,34.93,31.97,77.38,72.81,True,cpu_spike
2014-04-16 22:19:00,server-04,89.53,70.81,17.23,23.09,74.71,69.1,True,cpu_spike
2014-04-16 22:29:00,server-04,89.02,67.0,19.63,25.3,73.98,51.81,True,cpu_spike
2014-04-16 22:39:00,server-04,93.13,79.85,12.3,25.46,76.0,73.32,True,cpu_spike
2014-04-16 22:44:00,server-04,90.25,71.81,14.22,31.25,76.24,55.08,True,cpu_spike
2014-04-16 22:49:00,server-04,86.58,76.73,12.47,18.72,70.42,57.71,True,cpu_spike
2014-04-16 22:54:00,server-04,87.79,83.49,21.1,16.63,74.93,67.67,True,cpu_spike
2014-04-16 22:59:00,server-04,85.29,81.91,20.63,15.58,69.91,55.67,True,cpu_spike
2014-04-16 23:04:00,server-04,88.95,76.88,22.52,16.19,76.5,65.81,True,cpu_spike
2014-04-16 23:09:00,server-04,89.54,70.44,33.68,23.32,75.9,59.97,True,cpu_spike
2014-04-16 23:14:00,server-04,93.08,84.79,12.31,20.46,76.93,42.15,True,cpu_spike
2014-04-16 23:19:00,server-04,88.96,72.84,13.52,24.15,73.44,43.62,True,cpu_spike
2014-04-16 23:24:00,server-04,92.54,82.5,13.78,18.62,78.51,49.99,True,cpu_spike
2014-04-16 23:29:00,server-04,88.46,82.13,24.34,21.67,73.66,47.05,True,cpu_spike
2014-04-16 23:34:00,server-04,87.17,79.4,27.97,26.88,71.33,53.45,True,cpu_spike
2014-04-16 23:39:00,server-04,86.88,72.65,12.06,29.1,70.99,44.65,True,cpu_spike
2014-04-16 23:44:00,server-04,86.17,63.98,21.53,19.53,73.8,72.05,True,cpu_spike
2014-04-16 23:49:00,server-04,88.38,82.52,27.13,20.61,71.22,60.65,True,cpu_spike
2014-04-16 23:54:00,server-04,85.25,63.62,16.64,23.63,71.08,50.92,True,cpu_spike
2014-04-16 23:59:00,server-04,88.85,69.3,19.82,27.6,75.23,50.85,True,cpu_spike
2014-04-17 00:04:00,server-04,90.42,74.09,14.98,14.77,75.7,43.38,True,cpu_spike
2014-04-17 00:09:00,server-04,95.0,80.29,20.31,27.05,80.41,59.76,True,cpu_spike
2014-04-17 00:14:00,server-04,90.75,83.81,14.07,16.77,75.04,74.25,True,cpu_spike
2014-04-17 00:19:00,server-04,91.63,84.43,27.03,19.49,78.02,61.24,True,cpu_spike
2014-04-17 00:24:00,server-04,88.79,83.25,34.63,14.13,75.1,53.38,True,cpu_spike
2014-04-17 00:29:00,server-04,85.75,64.38,24.54,17.96,74.74,62.28,True,cpu_spike
2014-04-17 00:34:00,server-04,88.97,67.7,33.89,24.65,71.89,63.82,True,cpu_spike
2014-04-17 00:39:00,server-04,86.79,70.33,29.1,28.45,73.63,67.96,True,cpu_spike
2014-04-17 00:44:00,server-04,85.58,79.98,18.41,16.5,70.5,45.6,True,cpu_spike
2014-04-17 00:49:00,server-04,88.62,79.96,27.93,29.37,74.54,66.17,True,cpu_spike
2014-04-17 00:54:00,server-04,87.92,71.72,15.87,14.8,76.24,56.39,True,cpu_spike
2014-04-17 00:59:00,server-04,89.28,85.0,26.84,19.08,77.12,47.33,True,cpu_spike
2014-04-17 01:04:00,server-04,87.53,78.45,14.15,19.09,74.69,71.07,True,cpu_spike
2014-04-17 01:09:00,server-04,93.8,75.25,16.42,30.32,78.15,65.89,True,cpu_spike
2014-04-17 01:14:00,server-04,91.77,77.33,16.22,14.13,78.71,62.43,True,cpu_spike
2014-04-17 01:24:00,server-04,93.13,74.56,27.94,24.34,77.98,66.05,True,cpu_spike
2014-04-17 01:29:00,server-04,86.46,76.05,27.82,14.57,73.0,48.54,True,cpu_spike
2014-04-17 01:39:00,server-04,92.27,75.91,13.01,17.12,75.04,74.63,True,cpu_spike
2014-04-17 01:44:00,server-04,87.96,73.25,18.64,17.04,76.31,60.73,True,cpu_spike
2014-04-17 01:49:00,server-04,86.25,76.74,13.64,18.47,75.46,50.56,True,cpu_spike
2014-04-17 01:54:00,server-04,88.27,71.42,14.2,18.26,72.31,57.1,True,cpu_spike
2014-04-17 01:59:00,server-04,87.42,74.0,29.54,15.29,71.29,51.41,True,cpu_spike
2014-04-17 02:04:00,server-04,86.54,63.67,17.22,29.54,71.41,41.24,True,cpu_spike
2014-04-17 02:09:00,server-04,88.13,68.4,21.62,31.96,74.94,60.55,True,cpu_spike
2014-04-17 02:14:00,server-04,92.96,71.99,25.19,20.16,78.94,47.98,True,cpu_spike
2014-04-17 02:19:00,server-04,92.17,83.72,33.63,15.09,75.28,60.78,True,cpu_spike
2014-04-17 02:24:00,server-04,91.17,86.01,22.19,30.9,73.79,58.57,True,cpu_spike
2014-04-17 02:29:00,server-04,92.42,86.84,23.54,13.7,77.45,62.43,True,cpu_spike
2014-04-17 02:34:00,server-04,87.56,71.39,33.3,21.76,71.96,67.39,True,cpu_spike
2014-04-17 02:39:00,server-04,91.34,81.49,29.96,28.87,74.55,70.79,True,cpu_spike
2014-04-17 02:49:00,server-04,86.12,79.34,29.33,26.4,73.75,49.81,True,cpu_spike
2014-04-17 02:54:00,server-04,89.74,76.41,26.49,19.74,77.34,45.29,True,cpu_spike
2014-04-17 02:59:00,server-04,87.29,65.88,13.93,16.17,76.58,42.66,True,cpu_spike
2014-04-17 03:04:00,server-04,85.79,79.27,13.0,23.27,74.1,58.98,True,cpu_spike
2014-04-17 03:09:00,server-04,88.79,73.61,19.9,13.94,73.63,67.57,True,cpu_spike
2014-04-17 03:14:00,server-04,94.08,86.62,31.39,19.5,78.31,70.35,True,cpu_spike
2014-04-17 03:19:00,server-04,91.49,73.79,12.56,26.75,74.85,71.18,True,cpu_spike
2014-04-17 03:29:00,server-04,88.84,71.65,30.57,22.19,74.37,40.57,True,cpu_spike
2014-04-17 03:34:00,server-04,89.12,80.29,23.06,24.4,72.6,50.38,True,cpu_spike
2014-04-17 03:39:00,server-04,85.69,74.95,33.45,18.02,73.12,55.5,True,cpu_spike
2014-04-17 03:44:00,server-04,85.58,70.31,32.48,23.81,70.08,53.83,True,cpu_spike
2014-04-17 03:54:00,server-04,86.94,82.42,32.53,19.62,72.56,66.5,True,cpu_spike
2014-04-17 03:59:00,server-04,86.71,70.42,21.6,27.38,71.02,74.05,True,cpu_spike
2014-04-17 04:04:00,server-04,86.63,72.3,33.67,26.49,73.47,62.08,True,cpu_spike
2014-04-17 04:09:00,server-04,88.43,71.45,17.12,18.26,74.01,70.91,True,cpu_spike
2014-04-17 04:14:00,server-04,88.08,75.13,32.49,25.25,76.54,63.86,True,cpu_spike
2014-04-17 04:19:00,server-04,88.76,82.0,13.45,30.87,72.84,44.76,True,cpu_spike
2014-04-17 04:24:00,server-04,90.17,86.25,18.91,26.68,73.99,73.59,True,cpu_spike
2014-04-17 04:29:00,server-04,88.0,66.6,33.38,31.61,71.69,71.6,True,cpu_spike
2014-04-17 04:34:00,server-04,90.71,80.11,17.98,22.73,72.95,44.99,True,cpu_spike
2014-04-17 04:39:00,server-04,88.71,72.76,29.14,24.86,76.83,40.86,True,cpu_spike
2014-04-17 04:49:00,server-04,87.37,84.25,28.97,15.78,71.07,56.17,True,cpu_spike
2014-04-17 04:54:00,server-04,85.21,70.31,18.26,20.12,75.44,58.58,True,cpu_spike
2014-04-17 04:59:00,server-04,88.29,68.2,20.56,24.38,74.3,62.32,True,cpu_spike
2014-04-17 05:04:00,server-04,88.21,73.76,14.11,26.28,75.39,67.75,True,cpu_spike
2014-04-17 05:09:00,server-04,95.42,91.1,14.15,22.62,79.94,44.08,True,cpu_spike
2014-04-17 05:14:00,server-04,92.5,78.61,14.99,13.75,75.12,46.13,True,cpu_spike
2014-04-17 05:19:00,server-04,91.92,84.88,24.25,24.06,74.95,65.35,True,cpu_spike
2014-04-17 05:24:00,server-04,88.11,84.88,12.97,25.69,72.55,61.36,True,cpu_spike
2014-04-17 05:29:00,server-04,87.7,82.6,24.24,21.68,74.19,51.09,True,cpu_spike
2014-04-17 05:34:00,server-04,86.56,63.95,18.23,15.68,75.82,53.2,True,cpu_spike
2014-04-17 05:39:00,server-04,87.11,74.01,14.9,14.01,75.57,74.08,True,cpu_spike
2014-04-17 05:44:00,server-04,87.26,72.3,13.11,19.72,72.02,69.02,True,cpu_spike
2014-04-17 05:49:00,server-04,85.92,76.84,33.89,14.71,73.74,74.91,True,cpu_spike
2014-04-17 05:54:00,server-04,93.64,72.57,13.22,24.55,76.47,46.02,True,cpu_spike
2014-04-17 05:59:00,server-04,89.58,81.64,23.51,20.08,76.32,60.64,True,cpu_spike
2014-04-17 06:04:00,server-04,88.05,69.93,22.94,23.56,76.16,58.28,True,cpu_spike
2014-04-17 06:09:00,server-04,86.07,73.64,15.79,28.61,70.55,61.05,True,cpu_spike
2014-04-17 06:14:00,server-04,93.22,84.88,14.88,15.8,78.59,53.21,True,cpu_spike
2014-04-17 06:19:00,server-04,93.42,84.76,23.0,22.68,77.42,61.05,True,cpu_spike
2014-04-17 06:24:00,server-04,89.25,69.43,22.03,15.79,76.8,43.66,True,cpu_spike
2014-04-17 06:29:00,server-04,85.39,81.05,34.92,26.94,73.44,57.55,True,cpu_spike
2014-04-17 06:34:00,server-04,88.46,66.05,30.82,22.62,72.24,58.86,True,cpu_spike
2014-04-17 06:39:00,server-04,90.25,73.26,23.76,24.32,75.55,53.84,True,cpu_spike
2014-04-17 06:44:00,server-04,86.64,69.57,22.12,15.94,75.73,52.51,True,cpu_spike
2014-04-17 06:49:00,server-04,87.17,73.55,33.35,24.88,73.43,45.96,True,cpu_spike
2014-04-17 06:59:00,server-04,88.82,80.8,20.27,21.13,73.41,51.76,True,cpu_spike
2014-04-17 07:04:00,server-04,89.16,73.01,13.52,21.19,75.11,48.03,True,cpu_spike
2014-04-17 07:09:00,server-04,91.45,79.63,18.18,31.79,76.29,52.09,True,cpu_spike
2014-04-17 07:14:00,server-04,88.51,82.72,15.64,23.29,72.68,70.53,True,cpu_spike
2014-04-17 07:19:00,server-04,85.1,67.31,34.91,31.97,71.51,57.9,True,cpu_spike
2014-04-17 07:24:00,server-04,89.17,73.17,33.31,27.56,74.85,68.45,True,cpu_spike
2014-04-17 07:29:00,server-04,92.48,77.12,27.38,23.67,73.9,43.63,True,cpu_spike
2014-04-17 07:34:00,server-04,88.25,66.66,18.55,19.91,76.27,54.92,True,cpu_spike
2014-04-17 07:39:00,server-04,85.88,71.22,22.72,19.23,73.95,70.86,True,cpu_spike
2014-04-17 07:44:00,server-04,88.25,74.05,14.33,29.81,73.31,65.64,True,cpu_spike
2014-04-17 07:49:00,server-04,87.24,65.07,18.9,28.5,73.36,52.27,True,cpu_spike
2014-04-17 07:54:00,server-04,88.74,70.36,20.66,31.18,77.35,70.88,True,cpu_spike
2014-04-17 07:59:00,server-04,90.47,76.31,24.96,18.2,76.23,60.32,True,cpu_spike
2014-04-17 08:04:00,server-04,91.37,68.64,30.85,13.81,74.52,42.24,True,cpu_spike
2014-04-17 08:09:00,server-04,93.04,69.28,31.44,25.01,78.06,41.27,True,cpu_spike
2014-04-17 08:14:00,server-04,92.72,84.39,12.18,22.47,77.63,58.18,True,cpu_spike
2014-04-17 08:19:00,server-04,88.83,82.31,17.48,20.15,74.57,42.89,True,cpu_spike
2014-04-17 08:24:00,server-04,87.2,74.33,28.57,19.08,73.44,74.53,True,cpu_spike
2014-04-17 08:29:00,server-04,86.5,81.53,16.44,28.61,71.79,53.77,True,cpu_spike
2014-04-17 08:34:00,server-04,86.75,77.94,33.28,17.71,70.8,74.3,True,cpu_spike
2014-04-17 08:49:00,server-04,87.84,73.29,32.95,25.0,71.18,53.6,True,cpu_spike
2014-04-17 08:54:00,server-04,90.83,68.83,15.84,26.52,76.13,71.42,True,cpu_spike
2014-04-17 08:59:00,server-04,86.37,71.4,18.29,30.79,70.31,73.06,True,cpu_spike
2014-04-17 09:04:00,server-04,87.13,82.06,32.2,28.15,70.56,41.16,True,cpu_spike
2014-04-17 09:09:00,server-04,88.21,65.16,13.41,13.71,71.32,58.49,True,cpu_spike
2014-04-17 09:14:00,server-04,88.39,78.91,15.5,30.85,72.31,73.38,True,cpu_spike
2014-04-17 09:19:00,server-04,90.44,82.7,14.8,24.46,77.22,59.53,True,cpu_spike
2014-04-17 09:24:00,server-04,88.81,77.62,32.31,27.25,74.9,67.89,True,cpu_spike
2014-04-17 09:29:00,server-04,89.5,74.25,15.75,15.84,75.58,54.48,True,cpu_spike
2014-04-17 09:34:00,server-04,90.13,72.78,28.19,19.63,72.28,61.89,True,cpu_spike
2014-04-17 09:39:00,server-04,91.25,79.4,29.81,26.37,74.39,45.16,True,cpu_spike
2014-04-17 09:44:00,server-04,87.71,67.07,20.08,24.36,71.85,73.56,True,cpu_spike
2014-04-17 09:49:00,server-04,89.58,81.81,26.37,28.9,71.95,68.73,True,cpu_spike
2014-04-17 09:54:00,server-04,86.32,80.82,32.73,31.08,72.22,47.57,True,cpu_spike
2014-04-17 09:59:00,server-04,88.63,83.81,20.4,30.64,74.37,70.07,True,cpu_spike
2014-04-17 10:04:00,server-04,86.28,64.14,16.65,28.69,74.84,55.89,True,cpu_spike
2014-04-17 10:09:00,server-04,90.54,68.67,30.68,18.81,74.8,70.97,True,cpu_spike
2014-04-17 10:14:00,server-04,87.87,71.2,15.5,18.44,74.32,50.71,True,cpu_spike
2014-04-17 10:19:00,server-04,85.87,75.52,27.07,28.59,75.32,56.79,True,cpu_spike
2014-04-17 10:24:00,server-04,91.82,80.98,13.82,25.17,77.06,54.74,True,cpu_spike
2014-04-17 10:29:00,server-04,91.54,74.25,28.76,22.38,76.09,45.97,True,cpu_spike
2014-04-17 10:34:00,server-04,92.47,85.53,31.4,20.59,73.62,66.87,True,cpu_spike
2014-04-17 10:39:00,server-04,86.72,70.28,27.39,30.88,70.54,43.01,True,cpu_spike
2014-04-17 10:44:00,server-04,90.04,66.81,18.79,29.62,73.71,40.57,True,cpu_spike
2014-04-17 10:49:00,server-04,91.67,80.73,14.16,31.59,75.58,60.51,True,cpu_spike
2014-04-17 10:54:00,server-04,85.25,73.01,14.08,25.1,72.15,42.72,True,cpu_spike
2014-04-17 10:59:00,server-04,87.03,74.29,14.75,29.55,74.18,51.53,True,cpu_spike
2014-04-17 11:04:00,server-04,89.71,68.2,12.82,20.98,72.37,61.34,True,cpu_spike
2014-04-17 11:09:00,server-04,89.67,82.67,29.13,26.75,73.62,45.93,True,cpu_spike
2014-04-17 11:14:00,server-04,89.71,69.0,27.95,19.17,74.02,55.74,True,cpu_spike
2014-04-17 11:19:00,server-04,89.73,82.92,26.1,15.95,74.2,61.83,True,cpu_spike
2014-04-17 11:24:00,server-04,89.75,79.31,25.46,30.11,73.56,49.62,True,cpu_spike
2014-04-17 11:29:00,server-04,87.71,76.26,24.63,13.23,72.76,61.22,True,cpu_spike
2014-04-17 11:34:00,server-04,88.25,81.37,27.06,22.85,74.99,67.9,True,cpu_spike
2014-04-17 11:39:00,server-04,91.17,87.22,31.72,24.0,76.72,54.91,True,cpu_spike
2014-04-17 11:44:00,server-04,88.08,77.04,34.77,22.59,75.21,74.94,True,cpu_spike
2014-04-17 11:49:00,server-04,89.83,68.63,15.14,28.62,75.17,57.53,True,cpu_spike
2014-04-17 11:54:00,server-04,85.54,74.51,16.45,31.14,71.23,68.6,True,cpu_spike
2014-04-17 11:59:00,server-04,88.21,68.54,34.64,31.81,73.44,60.91,True,cpu_spike
2014-04-17 12:04:00,server-04,91.25,71.94,28.97,18.47,74.39,60.76,True,cpu_spike
2014-04-17 12:09:00,server-04,90.42,73.64,26.87,13.23,74.12,52.65,True,cpu_spike
2014-04-17 12:14:00,server-04,89.83,69.48,24.27,29.38,75.8,49.5,True,cpu_spike
2014-04-17 12:19:00,server-04,89.59,81.64,25.0,21.47,77.66,59.82,True,cpu_spike
2014-04-17 12:24:00,server-04,88.96,82.75,32.77,22.22,76.89,74.57,True,cpu_spike
2014-04-17 12:29:00,server-04,90.63,70.03,15.32,22.45,73.27,52.35,True,cpu_spike
2014-04-17 12:34:00,server-04,90.63,74.57,34.84,30.67,77.59,56.3,True,cpu_spike
2014-04-17 12:39:00,server-04,88.79,82.22,24.75,14.3,72.13,48.09,True,cpu_spike
2014-04-17 12:44:00,server-04,88.04,67.99,19.06,24.07,76.0,47.67,True,cpu_spike
2014-04-17 12:49:00,server-04,86.67,78.52,34.49,22.51,71.63,52.53,True,cpu_spike
2014-04-17 12:59:00,server-04,86.54,69.31,19.62,26.44,74.15,60.57,True,cpu_spike
2014-04-17 13:04:00,server-04,89.83,71.51,13.7,28.6,74.15,52.64,True,cpu_spike
2014-04-17 13:09:00,server-04,87.62,75.11,28.54,17.24,73.26,59.1,True,cpu_spike
2014-04-17 13:14:00,server-04,89.17,74.96,12.68,13.92,73.46,44.31,True,cpu_spike
2014-04-17 13:19:00,server-04,90.0,67.99,16.09,21.79,75.16,55.38,True,cpu_spike
2014-04-17 13:24:00,server-04,88.37,78.19,13.95,30.54,71.33,46.94,True,cpu_spike
2014-04-17 13:29:00,server-04,92.33,81.68,32.69,17.66,78.31,56.62,True,cpu_spike
2014-04-17 13:34:00,server-04,93.21,72.68,34.34,21.81,75.96,44.51,True,cpu_spike
2014-04-17 13:39:00,server-04,88.0,75.81,26.36,28.16,76.27,64.4,True,cpu_spike
2014-04-17 13:44:00,server-04,87.01,72.44,34.77,30.02,75.05,41.31,True,cpu_spike
2014-04-17 13:49:00,server-04,89.0,77.8,27.48,30.03,73.32,62.54,True,cpu_spike
2014-04-17 13:54:00,server-04,86.63,74.52,20.49,19.82,75.15,42.48,True,cpu_spike
2014-04-17 13:59:00,server-04,87.58,73.76,29.3,24.95,76.58,45.86,True,cpu_spike
2014-04-17 14:09:00,server-04,90.92,69.54,23.38,31.98,76.5,63.99,True,cpu_spike
2014-04-17 14:14:00,server-04,89.46,78.18,17.64,13.04,74.26,58.86,True,cpu_spike
2014-04-17 14:19:00,server-04,91.5,83.39,23.62,27.57,76.02,60.51,True,cpu_spike
2014-04-17 14:24:00,server-04,91.89,71.98,26.03,14.65,78.52,44.55,True,cpu_spike
2014-04-17 14:29:00,server-04,89.6,85.75,21.38,16.34,75.12,56.23,True,cpu_spike
2014-04-17 14:34:00,server-04,91.79,72.36,15.69,21.67,77.92,63.75,True,cpu_spike
2014-04-17 14:39:00,server-04,86.08,79.08,20.85,17.02,70.81,73.86,True,cpu_spike
2014-04-17 14:49:00,server-04,87.46,65.38,18.66,29.54,75.6,40.59,True,cpu_spike
2014-04-17 14:54:00,server-04,85.75,79.51,18.58,28.49,71.99,59.57,True,cpu_spike
2014-04-17 14:59:00,server-04,89.71,80.26,16.85,29.22,73.94,46.86,True,cpu_spike
2014-04-17 15:04:00,server-04,87.42,71.76,31.18,28.4,74.36,70.94,True,cpu_spike
2014-04-17 15:09:00,server-04,95.35,82.41,27.0,30.3,76.73,72.05,True,cpu_spike
2014-04-17 15:14:00,server-04,92.43,77.08,28.63,25.28,76.04,42.93,True,cpu_spike
2014-04-17 15:19:00,server-04,88.42,83.7,31.51,14.65,75.11,70.98,True,cpu_spike
2014-04-17 15:24:00,server-04,87.33,73.26,16.09,26.06,71.0,42.37,True,cpu_spike
2014-04-17 15:29:00,server-04,87.02,65.72,17.01,27.26,74.13,59.88,True,cpu_spike
2014-04-17 15:34:00,server-04,90.67,71.4,15.91,15.94,76.42,65.0,True,cpu_spike
2014-04-17 15:39:00,server-04,88.33,84.48,31.11,18.32,75.03,51.49,True,cpu_spike
2014-04-17 15:44:00,server-04,86.75,66.67,33.39,31.08,72.9,64.04,True,cpu_spike
2014-04-17 15:49:00,server-04,86.12,72.22,12.06,29.34,73.27,55.03,True,cpu_spike
2014-04-17 15:54:00,server-04,92.92,77.05,33.74,30.65,75.19,63.43,True,cpu_spike
2014-04-17 15:59:00,server-04,93.18,69.96,29.52,30.35,76.53,48.09,True,cpu_spike
2014-04-17 16:04:00,server-04,95.0,82.99,26.85,25.82,78.82,71.79,True,cpu_spike
2014-04-17 16:09:00,server-04,95.58,82.92,14.02,23.4,76.69,43.1,True,cpu_spike
2014-04-17 16:14:00,server-04,93.83,89.19,29.01,26.96,73.93,49.41,True,cpu_spike
2014-04-17 16:19:00,server-04,93.37,71.39,16.59,14.43,74.68,71.95,True,cpu_spike
2014-04-17 16:24:00,server-04,93.04,88.41,20.13,21.55,79.34,71.19,True,cpu_spike
2014-04-17 16:29:00,server-04,91.79,77.91,18.46,20.63,75.21,51.39,True,cpu_spike
2014-04-17 16:34:00,server-04,87.63,77.62,12.55,21.58,74.23,48.13,True,cpu_spike
2014-04-17 16:39:00,server-04,91.75,70.8,14.94,18.26,74.79,40.31,True,cpu_spike
2014-04-17 16:44:00,server-04,85.69,82.81,24.32,27.1,70.32,50.72,True,cpu_spike
2014-04-17 16:49:00,server-04,89.26,79.69,25.14,18.04,76.65,70.13,True,cpu_spike
2014-04-17 16:54:00,server-04,86.16,71.7,32.62,26.05,75.82,52.98,True,cpu_spike
2014-04-17 16:59:00,server-04,89.33,71.94,17.89,16.25,72.58,45.27,True,cpu_spike
2014-04-17 17:04:00,server-04,91.84,72.63,23.53,13.44,73.84,40.1,True,cpu_spike
2014-04-17 17:09:00,server-04,94.0,83.93,25.1,25.3,79.74,50.13,True,cpu_spike
2014-04-17 17:14:00,server-04,91.25,76.68,24.9,28.47,75.17,68.83,True,cpu_spike
2014-04-17 17:19:00,server-04,93.0,85.46,26.64,21.54,79.07,66.55,True,cpu_spike
2014-04-17 17:24:00,server-04,92.25,79.43,15.75,14.9,75.85,70.26,True,cpu_spike
2014-04-17 17:29:00,server-04,92.91,80.96,13.96,26.0,78.47,74.05,True,cpu_spike
2014-04-17 17:34:00,server-04,92.5,78.99,34.81,16.11,78.92,54.86,True,cpu_spike
2014-04-17 17:39:00,server-04,92.96,86.52,34.65,28.69,77.38,48.53,True,cpu_spike
2014-04-17 17:44:00,server-04,92.96,70.55,34.82,25.52,78.47,60.27,True,cpu_spike
2014-04-17 17:49:00,server-04,88.44,83.33,24.64,28.57,74.93,43.74,True,cpu_spike
2014-04-17 17:54:00,server-04,88.22,75.4,22.19,14.53,74.45,45.76,True,cpu_spike
2014-04-17 17:59:00,server-04,92.17,75.49,17.41,26.44,73.81,52.07,True,cpu_spike
2014-04-17 18:04:00,server-04,93.96,81.55,12.67,25.71,79.34,54.15,True,cpu_spike
2014-04-17 18:09:00,server-04,92.92,85.25,22.08,13.93,79.1,49.1,True,cpu_spike
2014-04-17 18:14:00,server-04,93.74,73.13,27.27,23.05,76.78,73.68,True,cpu_spike
2014-04-17 18:19:00,server-04,92.04,76.85,31.51,26.23,73.27,66.41,True,cpu_spike
2014-04-17 18:24:00,server-04,92.21,86.68,14.05,21.27,75.6,72.92,True,cpu_spike
2014-04-17 18:29:00,server-04,94.74,71.83,14.77,27.01,78.77,72.11,True,cpu_spike
2014-04-17 18:34:00,server-04,94.6,79.54,18.15,20.03,77.94,70.84,True,cpu_spike
2014-04-17 18:39:00,server-04,91.71,85.51,31.81,26.03,74.2,69.17,True,cpu_spike
2014-04-17 18:44:00,server-04,92.22,68.78,14.33,15.82,77.89,57.19,True,cpu_spike
2014-04-17 18:49:00,server-04,92.54,74.19,20.88,31.63,74.86,43.05,True,cpu_spike
2014-04-17 18:54:00,server-04,93.33,71.61,19.63,15.02,75.58,72.18,True,cpu_spike
2014-04-17 18:59:00,server-04,92.78,70.91,33.37,25.47,77.37,65.87,True,cpu_spike
2014-04-17 19:04:00,server-04,88.48,67.18,18.29,25.8,75.85,42.44,True,cpu_spike
2014-04-17 19:09:00,server-04,93.41,75.88,23.6,21.46,79.15,46.69,True,cpu_spike
2014-04-17 19:14:00,server-04,95.13,85.15,26.64,26.95,79.94,74.66,True,cpu_spike
2014-04-17 19:19:00,server-04,92.46,81.88,17.19,26.34,76.94,57.13,True,cpu_spike
2014-04-17 19:24:00,server-04,90.96,70.45,32.27,22.07,73.16,53.38,True,cpu_spike
2014-04-17 19:29:00,server-04,89.82,67.93,18.65,29.96,74.25,46.23,True,cpu_spike
2014-04-17 19:34:00,server-04,89.92,71.54,24.97,16.72,73.58,61.42,True,cpu_spike
2014-04-17 19:39:00,server-04,89.0,80.6,22.88,23.15,71.69,69.32,True,cpu_spike
2014-04-17 19:44:00,server-04,89.25,68.96,29.39,16.7,75.08,74.3,True,cpu_spike
2014-04-17 19:49:00,server-04,88.63,76.03,21.87,20.44,76.98,59.67,True,cpu_spike
2014-04-17 19:54:00,server-04,94.52,70.69,31.57,25.73,76.09,72.42,True,cpu_spike
2014-04-17 19:59:00,server-04,93.9,89.62,29.34,13.87,76.93,66.25,True,cpu_spike
2014-04-17 20:04:00,server-04,91.76,82.31,17.5,29.6,75.0,64.55,True,cpu_spike
2014-04-17 20:09:00,server-04,93.17,84.85,21.15,27.09,75.74,44.9,True,cpu_spike
2014-04-17 20:14:00,server-04,89.11,83.65,23.47,16.6,76.45,50.87,True,cpu_spike
2014-04-17 20:19:00,server-04,93.08,78.56,16.52,19.17,76.87,63.94,True,cpu_spike
2014-04-17 20:24:00,server-04,91.01,83.71,14.74,16.27,72.57,50.39,True,cpu_spike
2014-04-17 20:29:00,server-04,91.08,71.73,20.85,26.58,75.62,58.27,True,cpu_spike
2014-04-17 20:34:00,server-04,94.79,85.68,25.12,26.66,77.08,43.92,True,cpu_spike
2014-04-17 20:39:00,server-04,93.33,87.33,33.65,26.0,79.41,59.99,True,cpu_spike
2014-04-17 20:44:00,server-04,93.88,76.85,13.86,18.73,79.08,47.93,True,cpu_spike
2014-04-17 20:49:00,server-04,94.12,75.27,28.34,15.35,77.12,62.5,True,cpu_spike
2014-04-17 20:54:00,server-04,94.54,85.62,28.77,31.7,79.21,57.1,True,cpu_spike
2014-04-17 20:59:00,server-04,92.13,78.41,14.95,25.92,73.68,67.49,True,cpu_spike
2014-04-17 21:04:00,server-04,92.17,86.15,20.74,18.7,76.34,68.15,True,cpu_spike
2014-04-17 21:09:00,server-04,94.46,73.98,33.71,21.72,75.78,55.26,True,cpu_spike
2014-04-17 21:14:00,server-04,92.25,82.31,30.54,16.81,74.13,44.17,True,cpu_spike
2014-04-17 21:19:00,server-04,92.83,74.7,32.11,30.73,76.94,42.06,True,cpu_spike
2014-04-17 21:24:00,server-04,91.43,67.98,20.91,20.5,75.87,57.3,True,cpu_spike
2014-04-17 21:29:00,server-04,93.29,69.92,21.17,15.4,79.64,59.58,True,cpu_spike
2014-04-17 21:34:00,server-04,91.79,86.56,33.71,17.1,73.08,60.23,True,cpu_spike
2014-04-17 21:39:00,server-04,92.67,75.21,22.78,17.39,76.68,61.04,True,cpu_spike
2014-04-17 21:44:00,server-04,95.04,71.28,16.1,19.02,75.37,73.29,True,cpu_spike
2014-04-17 21:49:00,server-04,92.25,79.24,27.59,16.0,75.24,71.66,True,cpu_spike
2014-04-17 21:54:00,server-04,90.92,77.1,13.73,19.84,76.8,73.37,True,cpu_spike
2014-04-17 21:59:00,server-04,93.88,74.34,19.56,28.08,76.61,66.96,True,cpu_spike
2014-04-17 22:04:00,server-04,92.12,76.16,27.08,13.82,77.94,58.43,True,cpu_spike
2014-04-17 22:09:00,server-04,95.04,78.96,18.46,24.66,75.52,68.13,True,cpu_spike
2014-04-17 22:14:00,server-04,92.54,72.81,23.85,16.58,76.77,60.52,True,cpu_spike
2014-04-17 22:19:00,server-04,91.04,86.35,22.15,22.04,73.77,41.79,True,cpu_spike
2014-04-17 22:24:00,server-04,92.75,76.42,16.47,24.95,74.88,51.26,True,cpu_spike
2014-04-17 22:29:00,server-04,90.42,85.68,25.67,23.42,75.12,50.72,True,cpu_spike
2014-04-17 22:34:00,server-04,94.08,79.04,15.42,28.56,79.47,58.77,True,cpu_spike
2014-04-17 22:39:00,server-04,92.17,72.18,16.8,25.99,77.61,74.94,True,cpu_spike
2014-04-17 22:44:00,server-04,91.21,80.95,32.4,25.45,72.71,66.24,True,cpu_spike
2014-04-17 22:49:00,server-04,91.92,82.26,32.85,14.65,74.4,62.3,True,cpu_spike
2014-04-17 22:54:00,server-04,90.92,77.97,15.55,32.0,73.71,54.37,True,cpu_spike
2014-04-17 22:59:00,server-04,93.43,83.47,14.29,26.68,74.57,56.42,True,cpu_spike
2014-04-17 23:04:00,server-04,92.87,70.68,18.65,17.43,73.82,40.54,True,cpu_spike
2014-04-17 23:09:00,server-04,96.26,89.22,23.62,15.45,78.25,43.91,True,cpu_spike
2014-04-17 23:14:00,server-04,93.38,77.95,14.19,16.59,74.72,59.23,True,cpu_spike
2014-04-17 23:19:00,server-04,92.45,78.15,30.75,28.73,77.07,43.61,True,cpu_spike
2014-04-17 23:24:00,server-04,93.19,89.02,24.5,29.76,76.04,43.78,True,cpu_spike
2014-04-17 23:29:00,server-04,93.98,78.54,21.56,16.03,75.43,64.64,True,cpu_spike
2014-04-17 23:34:00,server-04,93.26,87.26,15.81,28.88,76.16,58.39,True,cpu_spike
2014-04-17 23:39:00,server-04,90.75,80.65,30.2,15.63,76.69,71.29,True,cpu_spike
2014-04-17 23:44:00,server-04,92.06,79.56,24.95,26.92,75.47,53.45,True,cpu_spike
2014-04-17 23:49:00,server-04,94.87,74.7,25.24,23.97,80.06,42.35,True,cpu_spike
2014-04-17 23:54:00,server-04,93.16,83.59,15.65,28.08,79.13,42.5,True,cpu_spike
2014-04-17 23:59:00,server-04,93.34,76.9,22.16,25.69,74.95,73.84,True,cpu_spike
2014-04-18 00:04:00,server-04,92.64,71.35,13.06,23.13,78.51,69.48,True,cpu_spike
2014-04-18 00:09:00,server-04,94.83,84.36,18.31,25.5,75.74,43.33,True,cpu_spike
2014-04-18 00:14:00,server-04,91.67,68.47,15.0,23.94,75.51,73.62,True,cpu_spike
2014-04-18 00:19:00,server-04,91.58,69.83,34.46,16.36,76.08,47.47,True,cpu_spike
2014-04-18 00:24:00,server-04,92.67,78.11,30.94,19.7,73.52,63.78,True,cpu_spike
2014-04-18 00:29:00,server-04,93.62,81.34,27.7,28.3,74.47,64.82,True,cpu_spike
2014-04-18 00:34:00,server-04,94.57,89.03,17.13,18.26,77.09,72.71,True,cpu_spike
2014-04-18 00:39:00,server-04,93.33,85.55,15.98,22.8,76.89,40.36,True,cpu_spike
2014-04-18 00:44:00,server-04,94.17,85.94,12.59,15.0,74.53,69.43,True,cpu_spike
2014-04-18 00:49:00,server-04,92.58,80.56,27.23,31.21,75.75,44.45,True,cpu_spike
2014-04-18 00:54:00,server-04,94.95,79.1,34.88,23.19,75.94,74.87,True,cpu_spike
2014-04-18 00:59:00,server-04,91.64,73.21,17.49,23.15,77.44,45.71,True,cpu_spike
2014-04-18 01:04:00,server-04,87.87,83.81,20.23,22.89,76.83,73.95,True,cpu_spike
2014-04-18 01:09:00,server-04,92.49,85.61,13.42,15.57,77.04,42.45,True,cpu_spike
2014-04-18 01:14:00,server-04,90.97,74.69,21.07,27.52,73.12,42.45,True,cpu_spike
2014-04-18 01:19:00,server-04,92.37,88.34,18.04,21.38,77.73,48.5,True,cpu_spike
2014-04-18 01:24:00,server-04,93.04,77.69,18.47,31.73,77.28,49.89,True,cpu_spike
2014-04-18 01:29:00,server-04,92.54,81.81,26.3,25.49,77.07,71.81,True,cpu_spike
2014-04-18 01:34:00,server-04,93.62,74.39,30.37,13.15,73.93,53.4,True,cpu_spike
2014-04-18 01:39:00,server-04,92.46,88.52,29.88,13.89,73.84,64.2,True,cpu_spike
2014-04-18 01:44:00,server-04,94.21,77.06,22.31,31.27,77.85,53.75,True,cpu_spike
2014-04-18 01:49:00,server-04,89.83,83.05,17.67,21.64,77.18,57.54,True,cpu_spike
2014-04-18 01:54:00,server-04,89.66,86.14,21.4,25.64,76.8,66.29,True,cpu_spike
2014-04-18 01:59:00,server-04,94.12,74.66,26.31,20.87,79.96,68.59,True,cpu_spike
2014-04-18 02:04:00,server-04,90.08,69.03,15.98,24.87,73.6,65.27,True,cpu_spike
2014-04-18 02:09:00,server-04,94.77,78.09,19.74,22.22,78.28,48.93,True,cpu_spike
2014-04-18 02:14:00,server-04,91.38,83.14,31.99,24.37,73.1,48.56,True,cpu_spike
2014-04-18 02:19:00,server-04,93.13,71.51,17.07,13.71,74.9,68.51,True,cpu_spike
2014-04-18 02:24:00,server-04,92.91,78.31,28.45,25.67,79.42,53.88,True,cpu_spike
2014-04-18 02:29:00,server-04,91.68,85.33,26.12,29.01,77.21,72.78,True,cpu_spike
2014-04-18 02:34:00,server-04,90.71,83.16,26.74,23.43,72.75,70.82,True,cpu_spike
2014-04-18 02:39:00,server-04,92.94,88.25,27.06,31.66,75.07,43.07,True,cpu_spike
2014-04-18 02:44:00,server-04,88.04,72.47,19.59,30.42,75.61,45.76,True,cpu_spike
2014-04-18 02:49:00,server-04,89.67,71.69,14.95,21.56,72.04,62.4,True,cpu_spike
2014-04-18 02:54:00,server-04,89.21,80.84,22.19,28.53,77.01,46.24,True,cpu_spike
2014-04-18 02:59:00,server-04,94.03,88.56,22.63,27.48,74.4,55.37,True,cpu_spike
2014-04-18 03:04:00,server-04,90.43,83.1,19.88,31.94,75.56,54.65,True,cpu_spike
2014-04-18 03:09:00,server-04,94.0,75.17,22.15,27.49,75.33,49.68,True,cpu_spike
2014-04-18 03:14:00,server-04,92.61,85.59,24.24,29.88,73.81,56.14,True,cpu_spike
2014-04-18 03:19:00,server-04,94.19,70.28,32.62,24.36,77.1,61.94,True,cpu_spike
2014-04-18 03:24:00,server-04,92.77,69.11,22.98,31.43,78.57,52.9,True,cpu_spike
2014-04-18 03:29:00,server-04,95.13,74.29,33.29,23.56,75.23,71.51,True,cpu_spike
2014-04-18 03:34:00,server-04,89.98,84.72,13.04,27.28,73.4,50.2,True,cpu_spike
2014-04-18 03:39:00,server-04,88.92,67.87,31.57,31.51,71.46,46.11,True,cpu_spike
2014-04-18 03:44:00,server-04,88.79,66.9,13.69,23.69,71.55,70.85,True,cpu_spike
2014-04-18 03:49:00,server-04,89.45,76.58,33.4,15.83,77.44,72.66,True,cpu_spike
2014-04-18 03:54:00,server-04,90.04,78.47,22.55,27.09,75.77,57.04,True,cpu_spike
2014-04-18 03:59:00,server-04,90.33,71.6,16.0,20.95,75.56,72.02,True,cpu_spike
2014-04-18 04:04:00,server-04,87.66,82.55,17.1,30.14,70.9,68.36,True,cpu_spike
2014-04-18 04:09:00,server-04,91.42,70.97,15.91,26.21,73.56,40.29,True,cpu_spike
2014-04-18 04:14:00,server-04,91.85,73.48,20.95,15.62,75.82,50.62,True,cpu_spike
2014-04-18 04:19:00,server-04,94.46,78.31,24.14,13.83,79.03,60.72,True,cpu_spike
2014-04-18 04:24:00,server-04,91.88,73.11,23.78,27.03,77.08,61.32,True,cpu_spike
2014-04-18 04:29:00,server-04,93.7,81.48,26.63,31.34,79.04,46.12,True,cpu_spike
2014-04-18 04:34:00,server-04,93.07,80.74,21.22,26.44,78.5,68.72,True,cpu_spike
2014-04-18 04:39:00,server-04,91.57,87.24,32.64,13.89,73.91,69.3,True,cpu_spike
2014-04-18 04:44:00,server-04,90.74,82.45,32.97,27.7,76.7,74.89,True,cpu_spike
2014-04-18 04:49:00,server-04,90.54,83.37,15.05,23.47,75.98,45.64,True,cpu_spike
2014-04-18 04:54:00,server-04,90.43,78.4,28.89,19.3,73.35,71.53,True,cpu_spike
2014-04-18 04:59:00,server-04,92.63,74.06,18.66,17.29,73.76,46.52,True,cpu_spike
2014-04-18 05:04:00,server-04,88.0,65.52,24.48,27.31,76.57,71.83,True,cpu_spike
2014-04-18 05:09:00,server-04,93.29,72.15,19.92,18.56,73.7,67.64,True,cpu_spike
2014-04-18 05:14:00,server-04,92.92,88.19,19.63,24.83,74.16,74.58,True,cpu_spike
2014-04-18 05:19:00,server-04,92.37,79.15,23.92,27.46,78.81,74.0,True,cpu_spike
2014-04-18 05:24:00,server-04,92.96,87.81,26.0,20.42,79.31,69.43,True,cpu_spike
2014-04-18 05:29:00,server-04,90.54,72.23,19.0,21.57,75.62,51.51,True,cpu_spike
2014-04-18 05:34:00,server-04,93.5,72.19,14.72,28.95,76.37,72.78,True,cpu_spike
2014-04-18 05:39:00,server-04,91.92,75.48,13.66,16.48,74.3,72.94,True,cpu_spike
2014-04-18 05:44:00,server-04,90.61,68.37,29.64,25.79,76.32,47.61,True,cpu_spike
2014-04-18 05:49:00,server-04,92.21,81.1,29.2,31.5,76.79,51.66,True,cpu_spike
2014-04-18 05:54:00,server-04,90.21,82.23,29.76,17.78,73.79,62.96,True,cpu_spike
2014-04-18 05:59:00,server-04,91.86,81.73,13.37,16.16,74.14,62.69,True,cpu_spike
2014-04-18 06:04:00,server-04,90.33,79.68,23.74,30.99,76.77,65.35,True,cpu_spike
2014-04-18 06:09:00,server-04,94.72,81.47,17.72,25.01,77.21,53.43,True,cpu_spike
2014-04-18 06:14:00,server-04,91.38,79.86,27.18,25.62,74.43,41.47,True,cpu_spike
2014-04-18 06:19:00,server-04,90.46,83.22,30.67,30.12,72.28,45.55,True,cpu_spike
2014-04-18 06:24:00,server-04,93.35,78.47,28.31,21.25,79.6,67.83,True,cpu_spike
2014-04-18 06:29:00,server-04,88.43,74.71,25.45,14.95,76.95,40.06,True,cpu_spike
2014-04-18 06:34:00,server-04,92.08,71.47,19.22,13.55,74.19,40.72,True,cpu_spike
2014-04-18 06:39:00,server-04,92.75,85.94,27.64,17.42,79.28,42.05,True,cpu_spike
2014-04-18 06:44:00,server-04,91.71,79.7,12.19,13.72,77.9,43.83,True,cpu_spike
2014-04-18 06:49:00,server-04,92.12,87.31,24.86,13.96,77.97,71.02,True,cpu_spike
2014-04-18 06:54:00,server-04,93.08,69.19,14.58,31.22,78.65,59.03,True,cpu_spike
2014-04-18 06:59:00,server-04,95.54,73.31,33.2,22.14,75.46,50.16,True,cpu_spike
2014-04-18 07:04:00,server-04,86.21,66.49,22.71,24.03,72.31,74.17,True,cpu_spike
2014-04-18 07:09:00,server-04,95.42,89.21,30.37,29.58,75.77,49.85,True,cpu_spike
2014-04-18 07:14:00,server-04,91.92,81.65,15.21,19.75,75.16,72.07,True,cpu_spike
2014-04-18 07:19:00,server-04,87.08,73.59,23.73,13.94,74.03,51.11,True,cpu_spike
2014-04-18 07:29:00,server-04,89.42,84.92,20.27,25.58,75.96,47.94,True,cpu_spike
2014-04-18 07:34:00,server-04,85.21,73.03,13.44,20.12,72.5,50.92,True,cpu_spike
2014-04-18 07:39:00,server-04,90.0,70.13,30.18,20.7,77.06,74.92,True,cpu_spike
2014-04-18 07:49:00,server-04,89.37,83.89,23.75,15.92,76.71,40.8,True,cpu_spike
2014-04-18 07:54:00,server-04,88.45,80.83,14.45,18.55,71.81,41.39,True,cpu_spike
2014-04-18 07:59:00,server-04,89.68,78.3,13.55,25.18,76.21,65.81,True,cpu_spike
2014-04-18 08:04:00,server-04,89.26,80.25,22.56,13.85,71.7,49.56,True,cpu_spike
2014-04-18 08:09:00,server-04,94.71,82.82,33.82,30.21,79.91,41.1,True,cpu_spike
2014-04-18 08:14:00,server-04,92.46,73.92,28.22,13.25,74.28,47.72,True,cpu_spike
2014-04-18 08:19:00,server-04,86.99,71.06,20.05,18.39,76.24,66.55,True,cpu_spike
2014-04-18 08:24:00,server-04,87.64,69.19,34.42,15.34,75.74,73.37,True,cpu_spike
2014-04-18 08:29:00,server-04,89.75,68.53,27.76,25.14,72.38,49.78,True,cpu_spike
2014-04-18 08:34:00,server-04,88.43,79.87,28.88,17.58,74.66,51.4,True,cpu_spike
2014-04-18 08:39:00,server-04,85.21,76.75,22.68,30.29,73.08,43.7,True,cpu_spike
2014-04-18 08:44:00,server-04,88.92,82.06,19.95,30.01,72.36,65.06,True,cpu_spike
2014-04-18 08:54:00,server-04,89.99,74.25,14.93,23.55,76.84,46.96,True,cpu_spike
2014-04-18 08:59:00,server-04,89.78,78.97,21.06,17.95,75.87,60.13,True,cpu_spike
2014-04-18 09:04:00,server-04,90.57,79.49,22.65,31.47,76.5,60.09,True,cpu_spike
2014-04-18 09:09:00,server-04,95.64,78.5,24.99,15.89,76.65,65.38,True,cpu_spike
2014-04-18 09:14:00,server-04,91.97,74.57,28.92,19.37,77.66,53.51,True,cpu_spike
2014-04-18 09:19:00,server-04,87.88,68.34,27.78,14.65,71.06,70.13,True,cpu_spike
2014-04-18 09:29:00,server-04,89.0,74.08,15.2,23.52,76.53,59.54,True,cpu_spike
2014-04-18 09:34:00,server-04,86.63,80.94,29.91,18.69,72.83,41.33,True,cpu_spike
2014-04-18 09:39:00,server-04,85.33,72.71,23.23,22.36,73.17,58.45,True,cpu_spike
2014-04-18 09:44:00,server-04,88.67,75.78,20.86,29.43,74.32,50.2,True,cpu_spike
2014-04-18 09:49:00,server-04,89.77,78.68,17.33,28.72,77.51,65.99,True,cpu_spike
2014-04-18 09:54:00,server-04,87.52,71.25,32.69,22.89,75.46,45.44,True,cpu_spike
2014-04-18 09:59:00,server-04,90.37,67.99,29.44,23.57,75.61,53.94,True,cpu_spike
2014-04-18 10:04:00,server-04,87.46,84.32,15.72,16.17,72.66,59.49,True,cpu_spike
2014-04-18 10:09:00,server-04,93.88,85.49,32.08,26.37,75.26,66.14,True,cpu_spike
2014-04-18 10:14:00,server-04,92.21,82.94,30.46,14.23,73.55,52.46,True,cpu_spike
2014-04-18 10:19:00,server-04,86.53,73.67,14.98,18.75,74.23,74.2,True,cpu_spike
2014-04-18 10:24:00,server-04,92.6,84.11,13.75,18.08,78.98,61.23,True,cpu_spike
2014-04-18 10:29:00,server-04,92.0,76.41,16.26,30.51,73.47,60.57,True,cpu_spike
2014-04-18 10:34:00,server-04,89.58,71.07,22.3,26.06,73.58,55.82,True,cpu_spike
2014-04-18 10:39:00,server-04,88.53,68.98,21.83,19.98,76.79,63.03,True,cpu_spike
2014-04-18 10:44:00,server-04,89.23,68.19,28.96,13.06,75.73,74.46,True,cpu_spike
2014-04-18 10:49:00,server-04,87.04,81.94,28.79,31.45,71.14,54.83,True,cpu_spike
2014-04-18 10:54:00,server-04,87.45,74.03,24.38,28.49,74.73,71.73,True,cpu_spike
2014-04-18 10:59:00,server-04,87.13,74.97,20.15,25.15,76.15,44.12,True,cpu_spike
2014-04-18 11:04:00,server-04,87.65,83.5,34.26,27.44,76.58,41.45,True,cpu_spike
2014-04-18 11:09:00,server-04,88.67,67.21,24.2,19.2,76.5,66.29,True,cpu_spike
2014-04-18 11:14:00,server-04,92.84,85.7,24.37,13.34,73.51,64.03,True,cpu_spike
2014-04-18 11:19:00,server-04,89.21,67.04,19.97,22.09,73.52,58.8,True,cpu_spike
2014-04-18 11:24:00,server-04,89.08,78.26,34.15,14.15,72.17,66.36,True,cpu_spike
2014-04-18 11:29:00,server-04,94.29,76.33,14.03,27.48,74.95,74.44,True,cpu_spike
2014-04-18 11:34:00,server-04,92.38,69.74,27.94,14.46,75.7,53.49,True,cpu_spike
2014-04-18 11:39:00,server-04,88.87,74.22,21.91,31.01,72.35,64.6,True,cpu_spike
2014-04-18 11:44:00,server-04,87.42,65.61,22.86,22.95,72.82,49.55,True,cpu_spike
2014-04-18 11:49:00,server-04,87.24,83.54,32.56,19.4,75.06,53.8,True,cpu_spike
2014-04-18 11:54:00,server-04,86.17,69.73,26.6,19.45,76.03,60.72,True,cpu_spike
2014-04-18 11:59:00,server-04,85.63,77.84,30.66,19.28,71.41,56.59,True,cpu_spike
2014-04-18 12:04:00,server-04,87.42,64.92,19.21,14.12,72.97,62.33,True,cpu_spike
2014-04-18 12:09:00,server-04,91.08,81.03,19.74,29.93,77.97,48.97,True,cpu_spike
2014-04-18 12:14:00,server-04,90.66,74.69,29.8,27.51,73.66,74.5,True,cpu_spike
2014-04-18 12:19:00,server-04,92.38,74.68,31.3,13.12,75.29,62.72,True,cpu_spike
2014-04-18 12:24:00,server-04,93.02,84.14,31.94,13.82,74.73,40.12,True,cpu_spike
2014-04-18 12:29:00,server-04,89.23,76.54,31.1,20.2,76.11,64.0,True,cpu_spike
2014-04-18 12:34:00,server-04,86.88,68.45,24.6,27.92,70.96,60.73,True,cpu_spike
2014-04-18 12:39:00,server-04,87.04,73.9,16.56,22.67,73.77,71.9,True,cpu_spike
2014-04-18 12:44:00,server-04,86.48,79.02,18.1,14.25,71.14,70.53,True,cpu_spike
2014-04-18 12:49:00,server-04,87.13,65.08,30.22,22.18,71.45,45.05,True,cpu_spike
2014-04-18 12:59:00,server-04,87.42,64.59,28.88,16.73,75.24,71.2,True,cpu_spike
2014-04-18 13:04:00,server-04,85.75,75.37,27.24,13.41,70.56,50.83,True,cpu_spike
2014-04-18 13:09:00,server-04,92.75,71.89,20.09,18.92,74.86,60.48,True,cpu_spike
2014-04-18 13:14:00,server-04,89.83,68.66,24.83,15.09,73.93,57.25,True,cpu_spike
2014-04-18 13:19:00,server-04,90.33,70.51,12.3,31.65,73.73,49.82,True,cpu_spike
2014-04-18 13:24:00,server-04,91.35,75.58,15.49,29.92,76.87,51.17,True,cpu_spike
2014-04-18 13:29:00,server-04,91.77,71.59,23.27,31.71,73.9,44.3,True,cpu_spike
2014-04-18 13:34:00,server-04,86.63,67.37,14.38,17.74,75.59,60.93,True,cpu_spike
2014-04-18 13:39:00,server-04,90.0,73.11,28.55,19.14,73.84,61.73,True,cpu_spike
2014-04-18 13:44:00,server-04,88.13,79.24,18.43,30.1,74.91,58.91,True,cpu_spike
2014-04-18 13:49:00,server-04,90.97,78.33,21.59,15.01,73.77,53.73,True,cpu_spike
2014-04-18 13:54:00,server-04,88.04,72.77,21.42,29.33,74.49,40.69,True,cpu_spike
2014-04-18 13:59:00,server-04,85.63,63.55,12.62,25.04,72.86,56.83,True,cpu_spike
2014-04-18 14:09:00,server-04,94.87,73.26,17.39,16.46,75.59,49.57,True,cpu_spike
2014-04-18 14:14:00,server-04,90.75,67.56,34.12,17.47,73.88,43.15,True,cpu_spike
2014-04-18 14:19:00,server-04,92.79,84.96,15.96,15.53,75.48,65.75,True,cpu_spike
2014-04-18 14:24:00,server-04,86.29,69.05,16.44,31.67,70.73,59.92,True,cpu_spike
2014-04-18 14:29:00,server-04,88.75,67.78,14.55,21.08,75.76,42.77,True,cpu_spike
2014-04-18 14:34:00,server-04,87.42,82.7,24.14,15.8,75.51,62.46,True,cpu_spike
2014-04-18 14:39:00,server-04,90.51,70.4,34.16,20.5,73.7,44.71,True,cpu_spike
2014-04-18 14:44:00,server-04,90.88,70.09,21.26,23.12,72.97,46.75,True,cpu_spike
2014-04-18 14:49:00,server-04,89.76,86.15,22.97,22.01,75.49,52.43,True,cpu_spike
2014-04-18 14:54:00,server-04,88.09,75.14,20.22,13.21,75.01,47.22,True,cpu_spike
2014-04-18 14:59:00,server-04,87.92,70.92,12.34,29.27,74.53,47.54,True,cpu_spike
2014-04-18 15:04:00,server-04,87.12,75.95,33.05,18.36,76.43,69.27,True,cpu_spike
2014-04-18 15:09:00,server-04,92.5,85.61,27.83,13.9,76.1,73.36,True,cpu_spike
2014-04-18 15:14:00,server-04,93.46,72.34,21.33,14.41,76.8,58.07,True,cpu_spike
2014-04-18 15:19:00,server-04,87.79,82.48,26.22,31.68,71.3,46.28,True,cpu_spike
2014-04-18 15:24:00,server-04,87.0,71.01,21.33,24.82,76.17,61.28,True,cpu_spike
2014-04-18 15:29:00,server-04,85.33,74.66,31.43,20.97,71.49,44.99,True,cpu_spike
2014-04-18 15:34:00,server-04,88.46,81.58,20.52,30.04,71.45,65.75,True,cpu_spike
2014-04-18 15:39:00,server-04,90.37,68.86,32.26,29.9,73.06,57.45,True,cpu_spike
2014-04-18 15:44:00,server-04,85.59,76.04,28.53,17.16,71.53,40.7,True,cpu_spike
2014-04-18 15:49:00,server-04,88.92,65.96,33.45,23.64,72.64,55.31,True,cpu_spike
2014-04-18 15:54:00,server-04,85.17,78.75,13.29,30.35,71.35,49.06,True,cpu_spike
2014-04-18 15:59:00,server-04,90.29,69.34,30.04,28.37,73.8,51.78,True,cpu_spike
2014-04-18 16:04:00,server-04,88.04,75.56,29.0,28.56,73.74,59.59,True,cpu_spike
2014-04-18 16:09:00,server-04,87.29,70.59,25.51,13.58,75.36,60.43,True,cpu_spike
2014-04-18 16:14:00,server-04,89.5,73.2,15.9,21.09,75.12,70.39,True,cpu_spike
2014-04-18 16:19:00,server-04,93.04,88.66,29.52,30.77,76.41,45.46,True,cpu_spike
2014-04-18 16:24:00,server-04,91.25,79.45,22.81,21.12,76.45,72.97,True,cpu_spike
2014-04-18 16:29:00,server-04,92.33,69.61,27.99,19.91,74.52,49.18,True,cpu_spike
2014-04-18 16:34:00,server-04,87.75,66.32,30.31,27.62,76.21,56.38,True,cpu_spike
2014-04-18 16:39:00,server-04,88.1,83.68,31.44,20.47,75.82,69.53,True,cpu_spike
2014-04-18 16:44:00,server-04,86.88,73.44,20.29,31.61,70.45,41.47,True,cpu_spike
2014-04-18 16:49:00,server-04,87.42,73.65,22.22,18.46,72.17,59.9,True,cpu_spike
2014-04-18 16:54:00,server-04,88.01,67.1,23.21,19.2,71.15,60.29,True,cpu_spike
2014-04-18 16:59:00,server-04,86.75,77.03,32.74,24.03,76.31,58.23,True,cpu_spike
2014-04-18 17:04:00,server-04,87.79,77.98,27.92,29.01,74.04,51.3,True,cpu_spike
2014-04-18 17:09:00,server-04,87.37,71.94,13.52,17.85,72.15,53.74,True,cpu_spike
2014-04-18 17:14:00,server-04,91.75,72.62,34.11,26.56,73.28,59.15,True,cpu_spike
2014-04-18 17:19:00,server-04,92.42,78.57,13.15,24.07,73.21,56.69,True,cpu_spike
2014-04-18 17:24:00,server-04,90.04,76.92,26.44,27.59,77.83,61.89,True,cpu_spike
2014-04-18 17:29:00,server-04,86.75,65.02,14.85,25.21,73.31,47.17,True,cpu_spike
2014-04-18 17:34:00,server-04,89.68,66.87,32.67,22.99,75.94,43.08,True,cpu_spike
2014-04-18 17:39:00,server-04,86.93,69.7,29.37,22.25,75.11,40.64,True,cpu_spike
2014-04-18 17:44:00,server-04,87.83,83.3,26.66,30.77,73.29,63.04,True,cpu_spike
2014-04-18 17:49:00,server-04,86.5,73.33,24.62,18.6,75.85,74.34,True,cpu_spike
2014-04-18 17:54:00,server-04,88.0,65.95,25.17,27.84,75.86,62.05,True,cpu_spike
2014-04-18 17:59:00,server-04,86.63,70.89,24.88,26.2,72.98,58.93,True,cpu_spike
2014-04-18 18:04:00,server-04,87.79,81.75,33.44,23.99,71.44,61.79,True,cpu_spike
2014-04-18 18:09:00,server-04,91.16,68.59,13.48,31.48,74.53,69.52,True,cpu_spike
2014-04-18 18:14:00,server-04,90.73,69.25,20.95,24.2,77.24,73.27,True,cpu_spike
2014-04-18 18:19:00,server-04,92.87,82.33,22.91,28.62,74.63,57.85,True,cpu_spike
2014-04-18 18:24:00,server-04,86.92,74.37,15.19,24.32,71.81,48.66,True,cpu_spike
2014-04-18 18:29:00,server-04,85.63,76.12,20.6,15.45,74.24,68.71,True,cpu_spike
2014-04-18 18:34:00,server-04,90.74,67.72,26.52,25.01,76.85,51.55,True,cpu_spike
2014-04-18 18:39:00,server-04,90.67,69.25,12.64,15.55,76.66,65.31,True,cpu_spike
2014-04-18 18:44:00,server-04,86.94,72.27,30.86,26.08,72.93,44.0,True,cpu_spike
2014-04-18 18:54:00,server-04,89.79,82.81,16.56,25.57,76.28,41.58,True,cpu_spike
2014-04-18 18:59:00,server-04,87.25,72.83,25.31,28.73,73.55,69.07,True,cpu_spike
2014-04-18 19:04:00,server-04,88.59,69.04,24.84,17.14,72.24,40.64,True,cpu_spike
2014-04-18 19:09:00,server-04,92.19,75.1,17.18,29.3,76.78,56.65,True,cpu_spike
2014-04-18 19:14:00,server-04,91.04,74.8,25.01,28.91,74.45,46.06,True,cpu_spike
2014-04-18 19:19:00,server-04,90.12,74.76,25.53,27.43,72.91,71.96,True,cpu_spike
2014-04-18 19:24:00,server-04,92.1,80.95,12.64,14.53,73.9,53.93,True,cpu_spike
2014-04-18 19:29:00,server-04,91.46,69.51,33.57,22.14,74.39,74.56,True,cpu_spike
2014-04-18 19:34:00,server-04,92.79,76.76,19.1,14.44,77.52,69.6,True,cpu_spike
2014-04-18 19:39:00,server-04,90.52,76.37,26.92,14.14,75.16,71.03,True,cpu_spike
2014-04-18 19:44:00,server-04,89.56,72.01,25.09,25.07,75.93,49.73,True,cpu_spike
2014-04-18 19:49:00,server-04,89.49,84.32,30.25,14.06,72.47,58.06,True,cpu_spike
2014-04-18 19:54:00,server-04,92.23,71.88,30.84,23.97,75.66,71.21,True,cpu_spike
2014-04-18 19:59:00,server-04,91.88,84.34,29.65,29.74,74.31,66.45,True,cpu_spike
2014-04-18 20:04:00,server-04,86.74,68.77,34.46,20.24,73.41,54.54,True,cpu_spike
2014-04-18 20:09:00,server-04,94.12,70.63,21.42,26.93,75.05,65.94,True,cpu_spike
2014-04-18 20:14:00,server-04,93.33,87.54,25.4,27.35,76.61,47.81,True,cpu_spike
2014-04-18 20:19:00,server-04,91.38,74.6,25.58,31.11,74.94,49.45,True,cpu_spike
2014-04-18 20:24:00,server-04,87.63,76.46,22.92,14.12,74.95,57.21,True,cpu_spike
2014-04-18 20:29:00,server-04,86.5,81.29,22.94,24.57,74.61,66.84,True,cpu_spike
2014-04-18 20:34:00,server-04,87.61,68.21,14.85,24.4,74.32,58.53,True,cpu_spike
2014-04-18 20:39:00,server-04,87.71,83.28,20.65,30.48,73.81,56.37,True,cpu_spike
2014-04-18 20:44:00,server-04,86.54,78.67,14.41,29.2,72.85,46.86,True,cpu_spike
2014-04-18 20:49:00,server-04,87.3,70.15,30.67,18.75,74.96,61.43,True,cpu_spike
2014-04-18 20:54:00,server-04,87.91,84.55,14.02,23.52,74.43,50.63,True,cpu_spike
2014-04-18 20:59:00,server-04,87.63,84.38,31.06,17.91,75.42,71.34,True,cpu_spike
2014-04-18 21:04:00,server-04,87.42,71.02,17.95,14.08,74.32,45.81,True,cpu_spike
2014-04-18 21:09:00,server-04,90.38,70.24,19.98,18.97,77.48,61.16,True,cpu_spike
2014-04-18 21:14:00,server-04,90.69,67.46,29.22,24.97,74.58,41.24,True,cpu_spike
2014-04-18 21:19:00,server-04,93.04,78.23,13.24,31.81,76.6,71.25,True,cpu_spike
2014-04-18 21:24:00,server-04,87.45,78.5,32.48,23.02,73.89,55.01,True,cpu_spike
2014-04-18 21:29:00,server-04,89.79,81.81,30.37,30.64,73.09,44.5,True,cpu_spike
2014-04-18 21:34:00,server-04,87.87,77.02,23.66,22.66,75.3,63.68,True,cpu_spike
2014-04-18 21:39:00,server-04,86.42,66.47,27.76,31.93,75.85,73.95,True,cpu_spike
2014-04-18 21:44:00,server-04,86.88,74.6,34.29,23.61,72.57,69.96,True,cpu_spike
2014-04-18 21:49:00,server-04,87.13,76.17,16.38,24.32,73.6,43.43,True,cpu_spike
2014-04-18 21:54:00,server-04,87.9,68.92,28.21,13.45,75.67,67.36,True,cpu_spike
2014-04-18 21:59:00,server-04,88.08,70.25,31.68,28.86,71.44,50.21,True,cpu_spike
2014-04-18 22:04:00,server-04,92.58,69.96,30.05,26.2,74.53,57.95,True,cpu_spike
2014-04-18 22:09:00,server-04,92.94,72.57,30.84,27.34,77.13,61.33,True,cpu_spike
2014-04-18 22:14:00,server-04,95.01,71.57,27.61,26.73,77.29,49.29,True,cpu_spike
2014-04-18 22:19:00,server-04,88.42,67.47,26.13,28.4,75.75,40.49,True,cpu_spike
2014-04-18 22:24:00,server-04,88.04,81.2,24.85,20.78,76.27,65.34,True,cpu_spike
2014-04-18 22:29:00,server-04,87.67,82.03,24.55,23.46,76.62,61.1,True,cpu_spike
2014-04-18 22:34:00,server-04,87.54,74.58,14.49,15.24,72.57,56.92,True,cpu_spike
2014-04-18 22:39:00,server-04,86.08,69.1,18.12,23.48,70.24,67.44,True,cpu_spike
2014-04-18 22:44:00,server-04,87.71,70.22,14.07,28.5,76.3,72.05,True,cpu_spike
2014-04-18 22:49:00,server-04,88.29,83.73,29.67,16.83,74.82,54.87,True,cpu_spike
2014-04-18 22:54:00,server-04,85.26,79.94,25.42,14.15,69.86,50.99,True,cpu_spike
2014-04-18 22:59:00,server-04,87.71,67.24,12.39,21.14,73.8,74.53,True,cpu_spike
2014-04-18 23:04:00,server-04,90.75,75.34,24.71,24.12,77.65,42.08,True,cpu_spike
2014-04-18 23:09:00,server-04,92.88,77.06,22.22,21.02,77.11,48.88,True,cpu_spike
2014-04-18 23:14:00,server-04,92.26,86.64,26.32,29.92,77.2,52.97,True,cpu_spike
2014-04-18 23:19:00,server-04,93.29,82.21,22.81,20.06,77.35,54.58,True,cpu_spike
2014-04-18 23:24:00,server-04,92.58,82.45,15.8,28.34,77.54,61.13,True,cpu_spike
2014-04-18 23:29:00,server-04,90.48,73.05,24.89,27.66,74.94,62.02,True,cpu_spike
2014-04-18 23:34:00,server-04,87.58,82.71,24.79,25.78,71.04,47.86,True,cpu_spike
2014-04-18 23:39:00,server-04,86.75,72.62,13.18,31.17,72.74,41.18,True,cpu_spike
2014-04-18 23:44:00,server-04,87.04,70.54,31.01,29.49,71.77,70.54,True,cpu_spike
2014-04-18 23:49:00,server-04,86.92,80.04,18.44,21.34,70.5,54.69,True,cpu_spike
2014-04-18 23:54:00,server-04,86.54,82.49,26.95,31.0,71.43,42.6,True,cpu_spike
2014-04-18 23:59:00,server-04,89.33,82.61,22.77,21.19,76.79,45.22,True,cpu_spike
2014-04-19 00:04:00,server-04,86.67,77.14,28.0,14.11,74.61,61.81,True,cpu_spike
2014-04-19 00:09:00,server-04,93.62,81.13,33.28,28.87,75.94,43.64,True,cpu_spike
2014-04-19 00:14:00,server-04,92.25,85.26,12.7,16.15,74.47,69.33,True,cpu_spike
2014-04-19 00:19:00,server-04,91.12,73.23,13.79,16.8,73.25,40.74,True,cpu_spike
2014-04-19 00:24:00,server-04,88.67,74.62,19.8,15.56,72.34,68.72,True,cpu_spike
2014-04-19 00:29:00,server-04,85.5,78.6,32.46,25.29,72.49,67.28,True,cpu_spike
2014-04-19 00:34:00,server-04,91.15,73.84,21.97,29.27,76.84,67.28,True,cpu_spike
2014-04-19 00:39:00,server-04,87.46,67.58,32.79,15.14,73.71,71.59,True,cpu_spike
2014-04-19 00:49:00,server-04,91.92,86.51,32.02,15.71,73.0,67.64,True,cpu_spike
2014-04-19 00:54:00,server-04,89.17,84.53,19.63,20.23,75.55,47.39,True,cpu_spike
2014-04-19 00:59:00,server-04,87.71,72.75,15.93,23.95,71.49,48.75,True,cpu_spike
2014-04-19 01:04:00,server-04,87.88,67.55,29.08,28.19,74.14,63.19,True,cpu_spike
2014-04-19 01:09:00,server-04,89.46,84.89,33.72,28.39,77.07,67.38,True,cpu_spike
2014-04-19 01:14:00,server-04,92.47,78.88,16.06,31.75,75.91,64.2,True,cpu_spike
2014-04-19 01:19:00,server-04,91.13,68.26,26.43,22.98,76.74,47.23,True,cpu_spike
2014-04-19 01:24:00,server-04,89.58,81.84,31.63,30.98,76.57,57.62,True,cpu_spike
2014-04-19 01:29:00,server-04,87.0,64.82,26.43,23.44,72.57,43.27,True,cpu_spike
2014-04-19 01:34:00,server-04,88.25,81.92,22.76,29.33,77.09,46.23,True,cpu_spike
2014-04-19 01:39:00,server-04,86.96,71.9,14.22,21.33,72.18,43.87,True,cpu_spike
2014-04-19 01:44:00,server-04,87.25,80.31,21.25,19.35,73.92,42.05,True,cpu_spike
2014-04-19 01:49:00,server-04,87.58,65.94,30.02,22.93,74.9,68.17,True,cpu_spike
2014-04-19 01:54:00,server-04,86.58,76.18,21.83,29.59,75.46,66.04,True,cpu_spike
2014-04-19 01:59:00,server-04,90.75,69.26,13.45,15.75,73.2,58.88,True,cpu_spike
2014-04-19 02:04:00,server-04,89.04,81.64,32.42,18.85,76.12,48.27,True,cpu_spike
2014-04-19 02:09:00,server-04,94.12,87.27,22.6,18.92,75.77,59.98,True,cpu_spike
2014-04-19 02:14:00,server-04,91.21,80.46,27.98,17.32,76.03,57.71,True,cpu_spike
2014-04-19 02:19:00,server-04,91.08,87.0,28.16,16.17,75.92,47.59,True,cpu_spike
2014-04-19 02:24:00,server-04,89.17,79.92,27.2,26.93,74.95,43.2,True,cpu_spike
2014-04-19 02:29:00,server-04,87.92,80.87,22.81,18.08,71.59,67.57,True,cpu_spike
2014-04-19 02:34:00,server-04,88.06,76.2,19.28,21.94,73.28,70.19,True,cpu_spike
2014-04-19 02:39:00,server-04,85.63,78.75,13.4,18.05,71.87,58.77,True,cpu_spike
2014-04-19 02:44:00,server-04,86.71,65.91,25.02,20.68,74.39,69.05,True,cpu_spike
2014-04-19 02:49:00,server-04,86.42,76.87,28.77,22.23,74.22,68.39,True,cpu_spike
2014-04-19 02:54:00,server-04,88.76,76.89,14.51,28.45,72.97,50.33,True,cpu_spike
2014-04-19 02:59:00,server-04,87.92,81.03,19.99,14.5,75.58,54.54,True,cpu_spike
2014-04-19 03:04:00,server-04,88.25,71.13,23.51,28.79,75.19,72.19,True,cpu_spike
2014-04-19 03:09:00,server-04,86.83,79.99,20.53,28.27,74.63,52.68,True,cpu_spike
2014-04-19 03:14:00,server-04,93.04,79.34,17.06,20.03,76.32,60.39,True,cpu_spike
2014-04-19 03:19:00,server-04,92.8,85.27,19.26,13.06,79.32,49.81,True,cpu_spike
2014-04-19 03:24:00,server-04,85.96,75.92,14.28,22.87,70.5,50.69,True,cpu_spike
2014-04-19 03:29:00,server-04,86.29,66.74,30.11,24.63,73.85,63.98,True,cpu_spike
2014-04-19 03:34:00,server-04,88.09,68.23,16.49,20.78,73.75,52.83,True,cpu_spike
2014-04-19 03:39:00,server-04,85.79,69.98,33.81,23.52,74.66,65.06,True,cpu_spike
2014-04-19 03:44:00,server-04,90.08,75.2,25.62,21.63,73.85,66.03,True,cpu_spike
2014-04-19 03:49:00,server-04,86.83,77.02,30.68,28.72,70.7,48.74,True,cpu_spike
2014-04-19 03:54:00,server-04,86.83,76.85,30.07,24.57,76.07,60.83,True,cpu_spike
2014-04-19 03:59:00,server-04,86.25,74.09,20.71,21.68,71.07,53.88,True,cpu_spike
2014-04-19 04:04:00,server-04,87.13,81.66,13.82,22.64,72.53,40.87,True,cpu_spike
2014-04-19 04:09:00,server-04,94.0,81.29,12.95,15.43,75.84,70.17,True,cpu_spike
2014-04-19 04:14:00,server-04,92.79,87.15,30.36,15.19,78.36,65.13,True,cpu_spike
2014-04-19 04:19:00,server-04,86.71,79.37,29.58,13.33,71.53,65.97,True,cpu_spike
2014-04-19 04:24:00,server-04,87.3,71.98,30.32,17.64,72.1,60.92,True,cpu_spike
2014-04-19 04:29:00,server-04,85.71,74.69,24.7,22.78,72.41,58.57,True,cpu_spike
2014-04-19 04:34:00,server-04,86.17,68.76,23.1,31.36,73.16,70.42,True,cpu_spike
2014-04-19 04:39:00,server-04,87.58,84.37,27.75,30.14,75.67,46.4,True,cpu_spike
2014-04-19 04:44:00,server-04,88.13,65.19,32.6,14.56,72.22,71.93,True,cpu_spike
2014-04-19 04:54:00,server-04,90.35,84.66,29.45,20.85,74.0,65.66,True,cpu_spike
2014-04-19 04:59:00,server-04,87.57,77.67,17.92,27.27,73.07,61.58,True,cpu_spike
2014-04-19 05:04:00,server-04,88.17,79.25,18.96,25.32,71.17,55.51,True,cpu_spike
2014-04-19 05:09:00,server-04,93.83,88.78,26.15,25.1,75.17,70.24,True,cpu_spike
2014-04-19 05:14:00,server-04,90.71,84.87,17.27,20.79,76.11,70.29,True,cpu_spike
2014-04-19 05:19:00,server-04,91.71,77.17,14.16,31.19,73.05,40.69,True,cpu_spike
2014-04-19 05:24:00,server-04,89.46,74.6,31.11,18.26,76.29,74.25,True,cpu_spike
2014-04-19 05:29:00,server-04,86.87,75.38,30.48,17.35,73.91,44.93,True,cpu_spike
2014-04-19 05:34:00,server-04,86.76,82.75,19.1,31.94,74.75,65.83,True,cpu_spike
2014-04-19 05:44:00,server-04,88.46,78.03,19.79,22.38,73.19,42.17,True,cpu_spike
2014-04-19 05:49:00,server-04,85.88,65.19,33.84,31.19,71.4,57.9,True,cpu_spike
2014-04-19 05:54:00,server-04,88.58,74.17,28.47,30.21,73.44,66.74,True,cpu_spike
2014-04-19 05:59:00,server-04,90.54,83.77,21.51,25.81,78.02,45.55,True,cpu_spike
2014-04-19 06:04:00,server-04,88.67,65.86,19.7,24.6,76.8,73.39,True,cpu_spike
2014-04-19 06:09:00,server-04,89.38,85.27,33.15,26.44,74.59,64.77,True,cpu_spike
2014-04-19 06:14:00,server-04,93.92,88.36,18.56,22.57,79.61,44.33,True,cpu_spike
2014-04-19 06:19:00,server-04,91.43,84.49,33.78,21.47,75.94,59.88,True,cpu_spike
2014-04-19 06:24:00,server-04,86.67,82.32,16.64,25.0,75.61,70.86,True,cpu_spike
2014-04-19 06:29:00,server-04,86.92,76.7,17.4,19.8,75.43,57.88,True,cpu_spike
2014-04-19 06:34:00,server-04,87.33,78.04,29.85,26.35,75.71,43.14,True,cpu_spike
2014-04-19 06:39:00,server-04,90.77,72.84,12.53,24.13,75.92,70.7,True,cpu_spike
2014-04-19 06:44:00,server-04,86.38,68.51,13.61,14.24,70.56,70.1,True,cpu_spike
2014-04-19 06:49:00,server-04,87.54,72.18,12.62,15.23,71.36,64.85,True,cpu_spike
2014-04-19 06:54:00,server-04,87.25,70.82,29.57,29.77,73.12,42.68,True,cpu_spike
2014-04-19 06:59:00,server-04,87.58,84.03,21.53,13.54,76.02,53.22,True,cpu_spike
2014-04-19 07:04:00,server-04,87.08,78.17,34.55,16.52,74.27,69.66,True,cpu_spike
2014-04-19 07:09:00,server-04,87.58,74.07,22.92,14.99,76.51,45.53,True,cpu_spike
2014-04-19 07:14:00,server-04,90.46,85.93,24.4,19.21,76.09,58.7,True,cpu_spike
2014-04-19 07:19:00,server-04,93.84,76.65,31.95,14.15,74.69,60.77,True,cpu_spike
2014-04-19 07:24:00,server-04,89.46,79.84,13.44,28.48,76.54,67.92,True,cpu_spike
2014-04-19 07:29:00,server-04,89.83,86.04,13.69,22.51,74.15,63.19,True,cpu_spike
2014-04-19 07:34:00,server-04,87.75,74.28,21.55,20.2,73.51,63.11,True,cpu_spike
2014-04-19 07:39:00,server-04,86.33,69.4,12.06,30.1,75.49,71.86,True,cpu_spike
2014-04-19 07:44:00,server-04,88.33,72.7,21.74,27.23,76.54,43.02,True,cpu_spike
2014-04-19 07:49:00,server-04,85.98,82.35,20.23,18.48,75.87,51.08,True,cpu_spike
2014-04-19 07:54:00,server-04,88.18,84.18,29.65,15.64,76.97,66.9,True,cpu_spike
2014-04-19 07:59:00,server-04,87.56,80.19,21.47,30.94,74.2,71.46,True,cpu_spike
2014-04-19 08:04:00,server-04,87.72,80.29,21.46,21.12,75.76,41.78,True,cpu_spike
2014-04-19 08:09:00,server-04,88.75,81.55,22.75,16.32,72.09,68.76,True,cpu_spike
2014-04-19 08:14:00,server-04,92.92,73.85,12.27,15.17,77.0,64.82,True,cpu_spike
2014-04-19 08:19:00,server-04,93.13,74.96,21.75,25.74,76.96,70.63,True,cpu_spike
2014-04-19 08:24:00,server-04,87.67,69.21,23.07,17.01,71.4,48.34,True,cpu_spike
2014-04-19 08:29:00,server-04,89.54,73.24,32.14,14.38,76.28,70.19,True,cpu_spike
2014-04-19 08:34:00,server-04,87.58,64.69,13.25,23.23,74.92,56.53,True,cpu_spike
2014-04-19 08:39:00,server-04,87.54,74.49,19.03,30.45,75.27,74.73,True,cpu_spike
2014-04-19 08:44:00,server-04,86.38,77.53,20.67,25.99,71.93,48.09,True,cpu_spike
2014-04-19 08:49:00,server-04,87.46,68.28,15.5,15.27,70.99,67.62,True,cpu_spike
2014-04-19 08:54:00,server-04,87.92,76.13,30.27,15.44,74.79,62.73,True,cpu_spike
2014-04-19 08:59:00,server-04,88.13,73.93,18.24,17.69,72.46,46.94,True,cpu_spike
2014-04-19 09:04:00,server-04,87.25,69.2,24.88,31.33,71.59,56.34,True,cpu_spike
2014-04-19 09:09:00,server-04,88.79,77.39,13.69,28.13,76.86,64.91,True,cpu_spike
2014-04-19 09:14:00,server-04,93.42,85.29,19.21,25.17,76.59,68.81,True,cpu_spike
2014-04-19 09:19:00,server-04,92.33,87.27,33.03,19.12,79.06,53.3,True,cpu_spike
2014-04-19 09:29:00,server-04,89.09,69.92,23.15,15.79,75.93,54.17,True,cpu_spike
2014-04-19 09:34:00,server-04,89.36,71.2,30.84,23.68,73.64,60.75,True,cpu_spike
2014-04-19 09:39:00,server-04,87.79,81.35,19.84,26.04,74.47,69.27,True,cpu_spike
2014-04-19 09:44:00,server-04,90.79,71.81,12.57,29.0,74.93,60.45,True,cpu_spike
2014-04-19 09:49:00,server-04,87.75,73.27,26.63,20.7,76.45,73.96,True,cpu_spike
2014-04-19 09:54:00,server-04,87.96,81.5,32.72,14.34,74.62,62.1,True,cpu_spike
2014-04-19 09:59:00,server-04,87.79,65.44,30.84,14.72,72.92,46.21,True,cpu_spike
2014-04-19 10:04:00,server-04,88.83,79.84,24.74,17.63,76.94,46.29,True,cpu_spike
2014-04-19 10:09:00,server-04,92.75,76.34,19.64,26.72,76.74,71.27,True,cpu_spike
2014-04-19 10:14:00,server-04,92.83,85.81,19.32,14.44,73.88,41.95,True,cpu_spike
2014-04-19 10:19:00,server-04,88.13,71.18,30.98,19.57,71.63,58.03,True,cpu_spike
2014-04-19 10:24:00,server-04,87.17,72.4,33.45,16.25,74.27,46.89,True,cpu_spike
2014-04-19 10:29:00,server-04,87.83,69.25,29.56,22.71,72.56,70.63,True,cpu_spike
2014-04-19 10:34:00,server-04,85.76,63.84,33.28,20.34,70.78,41.16,True,cpu_spike
2014-04-19 10:39:00,server-04,88.88,68.38,33.01,23.39,73.34,53.3,True,cpu_spike
2014-04-19 10:44:00,server-04,86.67,65.19,27.59,25.95,71.49,57.7,True,cpu_spike
2014-04-19 10:49:00,server-04,87.25,72.19,20.61,19.74,72.34,41.32,True,cpu_spike
2014-04-19 10:54:00,server-04,86.76,82.07,18.87,22.78,75.68,58.5,True,cpu_spike
2014-04-19 10:59:00,server-04,87.1,65.65,30.4,24.31,73.35,40.21,True,cpu_spike
2014-04-19 11:04:00,server-04,87.32,72.61,29.65,29.91,76.22,48.9,True,cpu_spike
2014-04-19 11:09:00,server-04,95.88,91.2,28.18,27.01,80.64,54.96,True,cpu_spike
2014-04-19 11:14:00,server-04,90.13,67.15,33.13,21.38,72.55,47.52,True,cpu_spike
2014-04-19 11:19:00,server-04,88.13,65.07,19.22,15.8,73.59,52.64,True,cpu_spike
2014-04-19 11:24:00,server-04,87.46,72.44,21.06,15.0,74.6,46.39,True,cpu_spike
2014-04-19 11:29:00,server-04,86.83,74.77,27.74,19.31,72.55,59.03,True,cpu_spike
2014-04-19 11:34:00,server-04,87.89,68.14,16.07,14.92,74.02,73.45,True,cpu_spike
2014-04-19 11:44:00,server-04,85.21,80.8,17.63,14.8,73.06,46.25,True,cpu_spike
2014-04-19 11:49:00,server-04,89.96,71.11,32.33,21.76,73.14,45.21,True,cpu_spike
2014-04-19 11:59:00,server-04,92.92,79.82,18.05,17.26,75.2,47.75,True,cpu_spike
2014-04-19 12:04:00,server-04,91.75,74.47,12.77,13.69,73.15,55.7,True,cpu_spike
2014-04-19 12:09:00,server-04,93.33,78.06,18.76,28.06,74.19,43.82,True,cpu_spike
2014-04-19 12:14:00,server-04,93.17,70.54,17.06,23.72,79.32,73.95,True,cpu_spike
2014-04-19 12:19:00,server-04,86.42,77.34,34.5,28.67,73.05,57.8,True,cpu_spike
2014-04-19 12:24:00,server-04,86.71,72.74,22.88,14.62,74.01,61.05,True,cpu_spike
2014-04-19 12:29:00,server-04,89.83,68.08,23.25,27.99,76.87,64.62,True,cpu_spike
2014-04-19 12:39:00,server-04,90.33,85.23,19.95,25.47,76.96,66.99,True,cpu_spike
2014-04-19 12:44:00,server-04,85.81,65.56,13.6,19.76,70.74,64.43,True,cpu_spike
2014-04-19 12:49:00,server-04,89.51,82.89,15.54,15.45,75.48,43.48,True,cpu_spike
2014-04-19 12:54:00,server-04,88.22,65.54,23.27,31.07,71.63,46.03,True,cpu_spike
2014-04-19 12:59:00,server-04,87.58,78.96,13.06,19.54,75.91,64.18,True,cpu_spike
2014-04-19 13:04:00,server-04,88.0,70.22,22.41,25.36,74.28,60.88,True,cpu_spike
2014-04-19 13:09:00,server-04,93.06,71.4,17.68,26.38,76.91,60.02,True,cpu_spike
2014-04-19 13:14:00,server-04,91.25,68.23,24.67,19.89,73.45,51.34,True,cpu_spike
2014-04-19 13:19:00,server-04,89.38,80.8,21.12,17.83,74.01,62.13,True,cpu_spike
2014-04-19 13:24:00,server-04,85.83,81.18,21.12,30.14,75.18,40.38,True,cpu_spike
2014-04-19 13:29:00,server-04,89.0,84.6,23.75,24.6,76.32,42.42,True,cpu_spike
2014-04-19 13:34:00,server-04,86.9,82.54,23.49,16.39,70.47,67.03,True,cpu_spike
2014-04-19 13:39:00,server-04,87.37,72.52,28.17,30.2,71.6,58.79,True,cpu_spike
2014-04-19 13:44:00,server-04,86.0,69.67,16.06,27.59,72.07,57.82,True,cpu_spike
2014-04-19 13:49:00,server-04,86.05,65.73,19.36,16.62,71.92,49.3,True,cpu_spike
2014-04-19 13:54:00,server-04,90.81,68.41,27.92,15.92,74.0,58.33,True,cpu_spike
2014-04-19 13:59:00,server-04,86.29,77.58,18.8,31.59,71.08,67.09,True,cpu_spike
2014-04-19 14:04:00,server-04,87.0,70.1,18.16,28.48,76.48,57.48,True,cpu_spike
2014-04-19 14:09:00,server-04,91.08,76.38,32.14,21.9,77.15,67.95,True,cpu_spike
2014-04-19 14:14:00,server-04,92.13,87.27,32.76,29.21,78.02,43.08,True,cpu_spike
2014-04-19 14:19:00,server-04,92.54,88.56,26.79,13.64,77.91,67.07,True,cpu_spike
2014-04-19 14:24:00,server-04,86.73,77.01,26.82,29.42,71.7,70.15,True,cpu_spike
2014-04-19 14:29:00,server-04,88.52,75.82,12.83,18.22,73.32,74.2,True,cpu_spike
2014-04-19 14:34:00,server-04,90.92,68.18,22.54,16.27,77.99,74.8,True,cpu_spike
2014-04-19 14:39:00,server-04,86.42,82.93,27.15,19.35,75.89,51.11,True,cpu_spike
2014-04-19 14:44:00,server-04,86.92,83.23,20.42,25.17,71.88,46.64,True,cpu_spike
2014-04-19 14:49:00,server-04,88.38,84.95,20.65,13.92,75.94,56.37,True,cpu_spike
2014-04-19 14:54:00,server-04,89.61,80.2,28.81,29.61,76.17,62.06,True,cpu_spike
2014-04-19 14:59:00,server-04,87.36,83.82,34.14,26.98,72.09,50.18,True,cpu_spike
2014-04-19 15:04:00,server-04,87.17,79.12,12.62,25.6,75.14,52.23,True,cpu_spike
2014-04-19 15:09:00,server-04,89.29,67.8,32.39,26.16,72.47,40.37,True,cpu_spike
2014-04-19 15:14:00,server-04,93.08,86.6,29.91,22.71,79.4,47.65,True,cpu_spike
2014-04-19 15:19:00,server-04,92.75,75.42,28.39,29.44,73.77,66.95,True,cpu_spike
2014-04-19 15:24:00,server-04,85.99,76.1,26.67,18.31,74.92,52.36,True,cpu_spike
2014-04-19 15:29:00,server-04,87.75,81.36,28.66,20.03,71.76,70.94,True,cpu_spike
2014-04-19 15:34:00,server-04,86.03,76.72,33.01,21.27,75.12,73.66,True,cpu_spike
2014-04-19 15:39:00,server-04,90.54,82.11,34.82,16.6,78.23,59.28,True,cpu_spike
2014-04-19 15:44:00,server-04,87.25,65.65,22.24,16.24,71.8,46.48,True,cpu_spike
2014-04-19 15:49:00,server-04,87.71,80.2,23.38,16.54,72.66,59.16,True,cpu_spike
2014-04-19 15:54:00,server-04,87.96,70.23,12.22,13.47,72.28,50.11,True,cpu_spike
2014-04-19 15:59:00,server-04,88.08,81.28,21.04,30.67,74.04,65.38,True,cpu_spike
2014-04-19 16:04:00,server-04,88.37,75.12,30.43,29.03,74.15,56.94,True,cpu_spike
2014-04-19 16:09:00,server-04,90.29,72.0,18.35,17.6,74.84,63.91,True,cpu_spike
2014-04-19 16:14:00,server-04,93.08,84.98,18.11,30.48,75.12,48.39,True,cpu_spike
2014-04-19 16:19:00,server-04,94.42,88.45,30.95,31.9,75.08,59.34,True,cpu_spike
2014-04-19 16:24:00,server-04,88.13,76.33,15.46,25.89,72.91,59.51,True,cpu_spike
2014-04-19 16:29:00,server-04,85.67,82.03,24.85,27.2,71.93,53.55,True,cpu_spike
2014-04-19 16:34:00,server-04,89.54,74.78,20.47,23.47,77.05,62.1,True,cpu_spike
2014-04-19 16:39:00,server-04,87.3,75.77,33.61,25.9,76.38,73.78,True,cpu_spike
2014-04-19 16:44:00,server-04,86.71,79.71,33.53,13.06,74.44,68.59,True,cpu_spike
2014-04-19 16:49:00,server-04,87.21,68.52,14.15,21.02,75.21,62.68,True,cpu_spike
2014-04-19 16:54:00,server-04,87.88,66.86,21.07,17.05,72.04,69.79,True,cpu_spike
2014-04-19 16:59:00,server-04,87.83,70.19,29.12,28.25,75.49,53.53,True,cpu_spike
2014-04-19 17:04:00,server-04,87.63,81.7,18.61,19.12,76.11,53.42,True,cpu_spike
2014-04-19 17:09:00,server-04,87.92,78.69,27.27,19.35,71.03,63.25,True,cpu_spike
2014-04-19 17:14:00,server-04,93.46,75.03,23.36,25.29,78.13,42.78,True,cpu_spike
2014-04-19 17:19:00,server-04,90.62,78.66,32.77,26.87,72.98,66.37,True,cpu_spike
2014-04-19 17:24:00,server-04,85.33,76.66,22.59,17.29,74.68,68.86,True,cpu_spike
2014-04-19 17:29:00,server-04,89.04,71.87,30.52,27.59,75.27,42.62,True,cpu_spike
2014-04-19 17:34:00,server-04,89.07,69.03,24.81,26.08,73.46,49.7,True,cpu_spike
2014-04-19 17:39:00,server-04,87.54,83.1,26.65,17.23,72.98,70.72,True,cpu_spike
2014-04-19 17:44:00,server-04,86.87,65.49,20.08,24.76,73.51,50.75,True,cpu_spike
2014-04-19 17:49:00,server-04,87.79,64.86,25.72,19.48,71.74,65.57,True,cpu_spike
2014-04-19 17:54:00,server-04,85.76,77.67,19.57,27.07,73.85,59.68,True,cpu_spike
2014-04-19 17:59:00,server-04,87.53,66.1,22.09,20.14,73.04,51.04,True,cpu_spike
2014-04-19 18:04:00,server-04,86.17,73.69,12.13,30.08,70.76,60.84,True,cpu_spike
2014-04-19 18:09:00,server-04,93.0,81.15,31.45,21.38,74.2,52.99,True,cpu_spike
2014-04-19 18:14:00,server-04,90.54,67.56,18.41,27.35,74.08,57.66,True,cpu_spike
2014-04-19 18:19:00,server-04,93.0,88.33,34.45,30.81,73.76,63.23,True,cpu_spike
2014-04-19 18:24:00,server-04,88.45,81.56,31.89,15.95,75.6,45.04,True,cpu_spike
2014-04-19 18:29:00,server-04,91.15,83.39,17.86,13.3,77.24,48.31,True,cpu_spike
2014-04-19 18:34:00,server-04,85.08,67.7,15.02,29.01,73.15,74.23,True,cpu_spike
2014-04-19 18:44:00,server-04,91.42,84.4,13.78,20.72,74.5,61.57,True,cpu_spike
2014-04-19 18:49:00,server-04,91.59,79.88,29.01,15.65,77.62,65.42,True,cpu_spike
2014-04-19 18:54:00,server-04,87.92,78.76,33.47,28.97,71.17,47.23,True,cpu_spike
2014-04-19 18:59:00,server-04,87.21,66.91,14.19,14.09,73.09,48.06,True,cpu_spike
2014-04-19 19:04:00,server-04,87.2,76.11,31.83,20.03,75.19,56.79,True,cpu_spike
2014-04-19 19:09:00,server-04,95.12,89.65,28.98,31.52,76.4,61.98,True,cpu_spike
2014-04-19 19:14:00,server-04,94.04,88.88,32.89,22.67,76.77,73.7,True,cpu_spike
2014-04-19 19:19:00,server-04,89.46,83.12,20.53,25.51,73.66,52.72,True,cpu_spike
2014-04-19 19:24:00,server-04,85.75,70.1,29.53,23.94,71.06,61.7,True,cpu_spike
2014-04-19 19:29:00,server-04,91.12,87.17,15.75,23.81,75.76,66.97,True,cpu_spike
2014-04-19 19:34:00,server-04,87.83,77.09,33.73,25.62,71.16,49.81,True,cpu_spike
2014-04-19 19:39:00,server-04,87.79,79.14,34.74,17.77,76.41,60.32,True,cpu_spike
2014-04-19 19:44:00,server-04,87.37,75.97,13.87,28.9,71.86,58.28,True,cpu_spike
2014-04-19 19:49:00,server-04,87.06,65.01,20.4,30.08,72.84,59.07,True,cpu_spike
2014-04-19 19:54:00,server-04,87.85,71.03,27.6,13.03,76.1,53.95,True,cpu_spike
2014-04-19 19:59:00,server-04,88.42,67.67,15.25,18.29,71.93,56.93,True,cpu_spike
2014-04-19 20:04:00,server-04,88.83,71.14,17.25,29.76,73.73,65.64,True,cpu_spike
2014-04-19 20:09:00,server-04,90.39,80.65,18.03,26.55,75.55,68.94,True,cpu_spike
2014-04-19 20:14:00,server-04,92.58,77.55,19.1,19.91,73.69,73.05,True,cpu_spike
2014-04-19 20:19:00,server-04,92.29,73.0,18.96,28.16,77.5,66.1,True,cpu_spike
2014-04-19 20:24:00,server-04,86.5,78.36,18.36,31.82,72.48,65.25,True,cpu_spike
2014-04-19 20:34:00,server-04,88.11,67.95,23.72,25.25,71.73,43.59,True,cpu_spike
2014-04-19 20:39:00,server-04,89.92,85.53,13.18,14.68,75.02,72.53,True,cpu_spike
2014-04-19 20:44:00,server-04,89.83,72.2,32.89,26.08,75.85,40.01,True,cpu_spike
2014-04-19 20:49:00,server-04,86.89,76.29,26.78,18.95,76.14,41.09,True,cpu_spike
2014-04-19 20:54:00,server-04,88.17,71.44,14.42,23.3,72.06,42.98,True,cpu_spike
2014-04-19 20:59:00,server-04,85.92,65.75,15.21,27.76,70.2,65.07,True,cpu_spike
2014-04-19 21:04:00,server-04,88.44,76.45,33.69,15.46,75.82,60.32,True,cpu_spike
2014-04-19 21:09:00,server-04,91.54,72.84,32.44,30.65,73.86,43.84,True,cpu_spike
2014-04-19 21:14:00,server-04,90.42,82.43,31.91,30.17,76.96,40.39,True,cpu_spike
2014-04-19 21:19:00,server-04,92.71,88.4,23.86,31.06,78.35,45.13,True,cpu_spike
2014-04-19 21:24:00,server-04,88.17,65.11,33.18,13.74,75.5,52.76,True,cpu_spike
2014-04-19 21:29:00,server-04,92.29,70.69,32.51,31.14,77.13,59.39,True,cpu_spike
2014-04-19 21:34:00,server-04,87.0,68.19,26.8,29.69,74.98,57.25,True,cpu_spike
2014-04-19 21:39:00,server-04,91.58,73.83,33.87,18.39,75.83,60.68,True,cpu_spike
2014-04-19 21:44:00,server-04,86.83,77.8,22.44,15.94,74.42,60.3,True,cpu_spike
2014-04-19 21:49:00,server-04,87.07,79.56,13.62,20.7,74.92,54.37,True,cpu_spike
2014-04-19 21:59:00,server-04,91.92,82.85,21.9,25.67,76.04,44.75,True,cpu_spike
2014-04-19 22:04:00,server-04,88.21,77.81,34.2,22.57,75.75,53.38,True,cpu_spike
2014-04-19 22:09:00,server-04,89.5,73.48,28.05,15.84,75.58,57.72,True,cpu_spike
2014-04-19 22:14:00,server-04,91.8,85.79,19.33,20.48,78.52,54.91,True,cpu_spike
2014-04-19 22:19:00,server-04,94.67,76.4,19.9,27.88,77.4,50.27,True,cpu_spike
2014-04-19 22:24:00,server-04,87.96,71.69,15.98,13.58,72.57,43.93,True,cpu_spike
2014-04-19 22:29:00,server-04,90.54,70.95,34.7,16.74,77.53,46.22,True,cpu_spike
2014-04-19 22:34:00,server-04,88.04,74.18,27.4,27.62,74.96,67.98,True,cpu_spike
2014-04-19 22:39:00,server-04,87.17,73.1,12.74,16.61,76.14,51.62,True,cpu_spike
2014-04-19 22:44:00,server-04,86.92,82.79,18.41,16.21,75.91,43.27,True,cpu_spike
2014-04-19 22:49:00,server-04,86.71,68.18,33.41,16.29,76.32,73.54,True,cpu_spike
2014-04-19 22:54:00,server-04,85.79,75.54,29.0,23.04,70.07,66.14,True,cpu_spike
2014-04-19 22:59:00,server-04,87.71,69.77,26.02,13.29,71.75,72.66,True,cpu_spike
2014-04-19 23:04:00,server-04,88.88,79.12,31.61,21.29,72.91,62.73,True,cpu_spike
2014-04-19 23:09:00,server-04,91.0,79.85,21.57,16.68,75.63,44.63,True,cpu_spike
2014-04-19 23:14:00,server-04,92.34,71.42,24.37,26.0,79.1,70.4,True,cpu_spike
2014-04-19 23:19:00,server-04,93.83,71.66,12.16,26.23,74.81,43.85,True,cpu_spike
2014-04-19 23:24:00,server-04,90.08,76.22,29.06,16.2,75.67,57.94,True,cpu_spike
2014-04-19 23:29:00,server-04,87.73,72.66,20.48,23.82,74.65,42.7,True,cpu_spike
2014-04-19 23:34:00,server-04,88.3,82.53,14.02,30.55,74.46,40.59,True,cpu_spike
2014-04-19 23:39:00,server-04,89.83,67.45,15.85,15.14,77.76,73.73,True,cpu_spike
2014-04-19 23:44:00,server-04,86.08,68.09,16.88,13.4,72.31,68.06,True,cpu_spike
2014-04-19 23:49:00,server-04,87.89,80.81,14.83,22.49,71.93,42.89,True,cpu_spike
2014-04-19 23:54:00,server-04,87.34,76.77,25.01,28.28,74.39,67.88,True,cpu_spike
2014-04-19 23:59:00,server-04,88.71,65.42,23.8,16.57,71.47,56.07,True,cpu_spike
2014-04-20 00:09:00,server-04,93.46,70.57,33.43,24.09,76.31,40.04,True,cpu_spike
2014-04-20 00:14:00,server-04,92.83,81.61,23.76,16.74,78.39,43.17,True,cpu_spike
2014-04-20 00:19:00,server-04,93.17,81.02,20.6,16.63,78.54,74.4,True,cpu_spike
2014-04-20 00:24:00,server-04,92.29,70.8,14.07,25.33,78.17,66.86,True,cpu_spike
2014-04-20 00:29:00,server-04,88.62,85.23,15.28,18.16,74.95,48.07,True,cpu_spike
2014-04-20 00:34:00,server-04,87.38,80.57,13.9,19.54,71.83,74.46,True,cpu_spike
2014-04-20 00:39:00,server-04,87.54,76.25,31.67,15.17,73.06,61.28,True,cpu_spike
2014-04-20 00:44:00,server-04,86.83,69.89,20.03,19.85,73.98,42.64,True,cpu_spike
2014-04-20 00:49:00,server-04,87.21,83.11,33.39,23.45,73.93,71.9,True,cpu_spike
2014-04-20 00:54:00,server-04,87.46,66.82,23.36,17.48,74.97,46.44,True,cpu_spike
2014-04-20 00:59:00,server-04,85.46,67.96,17.12,30.12,73.61,64.43,True,cpu_spike
2014-04-20 01:04:00,server-04,87.79,83.82,22.37,23.9,71.22,49.36,True,cpu_spike
2014-04-20 01:09:00,server-04,89.37,85.32,28.41,26.17,73.36,63.54,True,cpu_spike
2014-04-20 01:14:00,server-04,88.5,73.8,26.15,28.26,75.65,64.69,True,cpu_spike
2014-04-20 01:19:00,server-04,91.12,82.58,22.92,29.8,77.69,49.07,True,cpu_spike
2014-04-20 01:24:00,server-04,90.5,68.59,19.34,17.16,76.07,73.36,True,cpu_spike
2014-04-20 01:29:00,server-04,87.96,84.43,23.35,30.19,71.57,68.96,True,cpu_spike
2014-04-20 01:34:00,server-04,90.58,76.15,31.66,27.62,75.38,62.93,True,cpu_spike
2014-04-20 01:39:00,server-04,90.27,77.53,30.86,26.8,74.86,73.32,True,cpu_spike
2014-04-20 01:44:00,server-04,87.83,65.61,29.64,19.46,74.67,42.76,True,cpu_spike
2014-04-20 01:49:00,server-04,87.37,81.68,15.94,16.97,73.77,66.15,True,cpu_spike
2014-04-20 01:59:00,server-04,89.58,69.09,24.65,17.0,73.08,51.49,True,cpu_spike
2014-04-20 02:04:00,server-04,88.21,71.71,12.12,14.34,73.2,45.46,True,cpu_spike
2014-04-20 02:09:00,server-04,90.83,84.55,32.77,28.01,77.46,72.83,True,cpu_spike
2014-04-20 02:14:00,server-04,91.04,80.63,19.78,26.44,73.0,41.23,True,cpu_spike
2014-04-20 02:19:00,server-04,92.25,88.03,28.03,23.34,73.38,56.94,True,cpu_spike
2014-04-20 02:24:00,server-04,88.42,67.65,30.01,22.17,74.26,43.54,True,cpu_spike
2014-04-20 02:29:00,server-04,88.37,76.28,28.86,24.0,74.22,40.29,True,cpu_spike
2014-04-20 02:34:00,server-04,88.13,65.88,23.89,23.61,76.56,47.72,True,cpu_spike
2014-04-20 02:39:00,server-04,89.38,67.98,24.58,24.98,76.16,47.74,True,cpu_spike
2014-04-20 02:44:00,server-04,86.92,64.32,32.54,17.4,72.83,46.69,True,cpu_spike
2014-04-20 02:49:00,server-04,87.58,72.46,23.34,23.7,71.22,45.9,True,cpu_spike
2014-04-20 02:54:00,server-04,87.25,66.81,25.38,13.03,74.97,42.11,True,cpu_spike
2014-04-20 02:59:00,server-04,89.25,71.6,22.82,17.73,73.38,68.51,True,cpu_spike
2014-04-20 03:04:00,server-04,87.71,77.33,25.93,24.53,71.53,45.47,True,cpu_spike
2014-04-20 03:09:00,server-04,92.79,77.73,13.82,27.5,77.78,62.31,True,cpu_spike
2014-04-20 03:14:00,server-04,90.51,83.26,28.78,22.59,73.88,70.0,True,cpu_spike
2014-04-20 03:19:00,server-04,92.08,79.77,12.05,22.38,73.53,61.16,True,cpu_spike
2014-04-20 03:24:00,server-04,89.89,73.01,17.81,16.24,76.1,63.11,True,cpu_spike
2014-04-20 03:29:00,server-04,88.0,69.01,13.38,22.23,75.0,74.45,True,cpu_spike
2014-04-20 03:34:00,server-04,88.25,76.56,30.17,29.21,74.53,58.54,True,cpu_spike
2014-04-20 03:39:00,server-04,86.88,64.78,12.78,19.14,72.22,71.64,True,cpu_spike
2014-04-20 03:44:00,server-04,86.89,81.82,17.04,14.87,74.2,55.03,True,cpu_spike
2014-04-20 03:49:00,server-04,86.54,65.66,12.64,19.56,74.39,42.0,True,cpu_spike
2014-04-20 03:54:00,server-04,85.04,66.24,19.21,30.96,74.08,73.61,True,cpu_spike
2014-04-20 03:59:00,server-04,91.63,72.8,27.69,16.19,75.03,47.36,True,cpu_spike
2014-04-20 04:04:00,server-04,87.07,74.66,29.65,19.61,74.18,44.39,True,cpu_spike
2014-04-20 04:09:00,server-04,90.15,83.14,24.64,20.29,73.18,59.86,True,cpu_spike
2014-04-20 04:14:00,server-04,92.89,86.08,18.18,22.81,75.84,57.75,True,cpu_spike
2014-04-20 04:19:00,server-04,94.43,83.36,18.77,20.7,77.41,48.9,True,cpu_spike
2014-04-20 04:24:00,server-04,90.63,79.4,22.12,17.24,75.62,59.88,True,cpu_spike
2014-04-20 04:29:00,server-04,85.5,71.19,26.92,14.59,75.58,73.4,True,cpu_spike
2014-04-20 04:34:00,server-04,87.38,67.88,33.46,15.7,71.47,58.04,True,cpu_spike
2014-04-20 04:39:00,server-04,88.37,81.81,13.83,28.69,71.3,44.21,True,cpu_spike
2014-04-20 04:44:00,server-04,87.62,83.67,24.23,28.65,71.68,66.61,True,cpu_spike
2014-04-20 04:49:00,server-04,88.29,70.62,32.58,15.12,76.7,74.21,True,cpu_spike
2014-04-20 04:54:00,server-04,90.75,86.06,16.82,13.62,77.05,41.98,True,cpu_spike
2014-04-20 04:59:00,server-04,86.0,79.96,20.17,27.0,71.65,68.82,True,cpu_spike
2014-04-20 05:04:00,server-04,88.21,73.83,31.91,15.78,75.37,55.83,True,cpu_spike
2014-04-20 05:09:00,server-04,89.33,68.43,26.27,30.5,74.74,49.6,True,cpu_spike
2014-04-20 05:14:00,server-04,95.08,90.12,33.35,13.15,75.39,58.63,True,cpu_spike
2014-04-20 05:19:00,server-04,93.85,70.29,14.96,16.21,77.56,49.31,True,cpu_spike
2014-04-20 05:24:00,server-04,89.71,84.4,12.89,22.65,72.61,74.48,True,cpu_spike
2014-04-20 05:29:00,server-04,88.13,74.38,22.77,26.14,72.84,54.38,True,cpu_spike
2014-04-20 05:34:00,server-04,86.51,82.94,28.61,26.52,71.47,52.49,True,cpu_spike
2014-04-20 05:39:00,server-04,87.42,67.77,30.97,14.61,73.5,42.9,True,cpu_spike
2014-04-20 05:44:00,server-04,87.08,64.29,32.17,26.08,72.54,43.54,True,cpu_spike
2014-04-20 05:49:00,server-04,86.96,78.85,33.18,27.69,73.29,71.99,True,cpu_spike
2014-04-20 05:54:00,server-04,89.08,68.2,15.49,14.31,76.12,66.68,True,cpu_spike
2014-04-20 05:59:00,server-04,88.15,70.51,25.53,30.67,76.05,43.05,True,cpu_spike
2014-04-20 06:04:00,server-04,87.67,75.47,32.18,20.52,74.59,69.41,True,cpu_spike
2014-04-20 06:09:00,server-04,95.93,84.73,16.29,21.98,80.1,65.47,True,cpu_spike
2014-04-20 06:14:00,server-04,94.62,80.4,31.58,31.57,77.15,49.3,True,cpu_spike
2014-04-20 06:19:00,server-04,92.17,73.84,26.46,28.17,77.15,70.91,True,cpu_spike
2014-04-20 06:24:00,server-04,90.09,68.18,32.99,29.2,73.95,66.52,True,cpu_spike
2014-04-20 06:29:00,server-04,87.62,78.07,16.43,20.94,73.73,74.96,True,cpu_spike
2014-04-20 06:34:00,server-04,87.58,78.8,30.6,14.99,73.24,48.84,True,cpu_spike
2014-04-20 06:39:00,server-04,87.88,67.61,14.38,29.38,75.35,46.31,True,cpu_spike
2014-04-20 06:44:00,server-04,87.25,72.53,15.5,23.72,71.96,50.39,True,cpu_spike
2014-04-20 06:49:00,server-04,86.86,76.73,23.45,29.49,73.3,59.67,True,cpu_spike
2014-04-20 06:54:00,server-04,85.37,82.04,34.95,29.08,72.24,74.64,True,cpu_spike
2014-04-20 06:59:00,server-04,91.54,82.56,22.61,26.89,72.91,73.72,True,cpu_spike
2014-04-20 07:04:00,server-04,87.75,79.17,33.31,19.28,73.08,74.67,True,cpu_spike
2014-04-20 07:09:00,server-04,90.17,69.04,20.59,24.68,73.65,45.31,True,cpu_spike
2014-04-20 07:14:00,server-04,92.92,71.73,33.53,17.39,76.74,42.09,True,cpu_spike
2014-04-20 07:19:00,server-04,88.88,85.4,22.07,22.55,77.4,48.71,True,cpu_spike
2014-04-20 07:24:00,server-04,87.59,70.0,19.49,17.37,71.87,44.18,True,cpu_spike
2014-04-20 07:29:00,server-04,90.83,78.35,32.73,15.96,77.95,57.27,True,cpu_spike
2014-04-20 07:34:00,server-04,89.17,70.16,25.47,30.13,73.55,72.19,True,cpu_spike
2014-04-20 07:39:00,server-04,88.04,65.87,26.6,31.75,74.48,64.78,True,cpu_spike
2014-04-20 07:44:00,server-04,87.87,70.32,17.59,27.76,73.08,53.06,True,cpu_spike
2014-04-20 07:49:00,server-04,87.38,70.32,23.66,24.52,72.12,65.79,True,cpu_spike
2014-04-20 07:54:00,server-04,88.79,67.46,13.0,29.78,72.93,40.49,True,cpu_spike
2014-04-20 07:59:00,server-04,88.17,74.02,18.49,14.4,71.22,43.8,True,cpu_spike
2014-04-20 08:04:00,server-04,88.0,81.16,13.71,27.42,74.51,59.82,True,cpu_spike
2014-04-20 08:09:00,server-04,93.83,74.75,28.82,14.03,79.49,53.48,True,cpu_spike
2014-04-20 08:14:00,server-04,92.33,68.76,33.24,21.19,78.06,59.45,True,cpu_spike
2014-04-20 08:19:00,server-04,91.08,73.09,31.95,17.33,76.76,53.36,True,cpu_spike
2014-04-20 08:24:00,server-04,87.79,76.02,31.33,29.31,72.4,52.77,True,cpu_spike
2014-04-20 08:29:00,server-04,87.67,71.09,15.17,31.94,73.74,45.13,True,cpu_spike
2014-04-20 08:34:00,server-04,87.62,78.83,24.37,19.3,72.76,49.83,True,cpu_spike
2014-04-20 08:39:00,server-04,88.08,75.07,18.47,24.35,76.99,60.49,True,cpu_spike
2014-04-20 08:44:00,server-04,87.04,78.69,27.79,17.13,76.07,70.53,True,cpu_spike
2014-04-20 08:49:00,server-04,86.53,64.73,18.47,20.78,75.42,71.79,True,cpu_spike
2014-04-20 08:54:00,server-04,86.12,66.48,30.75,19.87,74.26,54.37,True,cpu_spike
2014-04-20 08:59:00,server-04,87.96,67.5,14.34,30.65,72.78,43.9,True,cpu_spike
2014-04-20 09:04:00,server-04,89.42,69.22,32.24,13.41,74.08,64.84,True,cpu_spike
2014-04-20 09:09:00,server-04,90.96,87.04,33.96,31.6,76.2,42.78,True,cpu_spike
2014-04-20 09:14:00,server-04,93.26,89.07,29.5,21.56,73.71,55.13,True,cpu_spike
2014-04-20 09:19:00,server-04,90.1,76.78,17.26,18.64,72.69,62.92,True,cpu_spike
2014-04-20 09:24:00,server-04,88.58,67.04,31.9,27.95,72.03,65.63,True,cpu_spike
2014-04-20 09:29:00,server-04,87.75,70.85,32.21,14.64,74.08,54.04,True,cpu_spike
2014-04-20 09:34:00,server-04,86.58,68.24,32.75,22.94,74.43,71.56,True,cpu_spike
2014-04-20 09:39:00,server-04,87.25,76.43,12.04,31.71,73.73,51.18,True,cpu_spike
2014-04-20 09:44:00,server-04,87.33,73.73,31.56,17.51,70.95,54.2,True,cpu_spike
2014-04-20 09:49:00,server-04,86.96,66.91,30.36,24.11,73.51,68.52,True,cpu_spike
2014-04-20 09:54:00,server-04,88.6,68.05,28.78,19.49,74.11,70.36,True,cpu_spike
2014-04-20 09:59:00,server-04,88.39,83.76,24.52,21.96,72.28,49.31,True,cpu_spike
2014-04-20 10:04:00,server-04,87.76,74.53,22.06,24.32,75.14,68.41,True,cpu_spike
2014-04-20 10:09:00,server-04,93.08,75.85,23.31,19.4,74.33,72.95,True,cpu_spike
2014-04-20 10:14:00,server-04,93.58,86.23,14.08,28.64,79.07,54.54,True,cpu_spike
2014-04-20 10:19:00,server-04,90.71,81.06,18.14,24.5,75.77,72.28,True,cpu_spike
2014-04-20 10:24:00,server-04,87.25,82.56,31.65,20.18,75.3,64.25,True,cpu_spike
2014-04-20 10:29:00,server-04,87.21,80.45,18.76,31.66,76.3,41.48,True,cpu_spike
2014-04-20 10:34:00,server-04,87.67,71.82,28.02,29.47,75.5,74.08,True,cpu_spike
2014-04-20 10:39:00,server-04,88.04,76.99,30.69,18.14,72.67,62.12,True,cpu_spike
2014-04-20 10:44:00,server-04,87.42,78.51,28.2,27.48,71.38,40.36,True,cpu_spike
2014-04-20 10:49:00,server-04,86.88,74.53,12.16,24.69,73.22,62.55,True,cpu_spike
2014-04-20 10:54:00,server-04,87.67,71.54,20.65,25.98,74.54,50.76,True,cpu_spike
2014-04-20 10:59:00,server-04,86.21,75.12,14.23,22.38,75.32,68.88,True,cpu_spike
2014-04-20 11:04:00,server-04,88.29,72.53,20.8,31.4,76.9,70.02,True,cpu_spike
2014-04-20 11:09:00,server-04,89.67,76.82,26.05,14.35,76.43,65.1,True,cpu_spike
2014-04-20 11:14:00,server-04,92.33,83.25,16.39,18.09,77.4,67.12,True,cpu_spike
2014-04-20 11:19:00,server-04,93.17,75.78,16.26,28.0,75.26,74.5,True,cpu_spike
2014-04-20 11:24:00,server-04,87.6,70.35,13.05,19.66,74.56,57.3,True,cpu_spike
2014-04-20 11:29:00,server-04,87.83,83.63,23.39,14.14,74.12,56.99,True,cpu_spike
2014-04-20 11:34:00,server-04,86.83,64.41,28.82,20.89,73.14,66.63,True,cpu_spike
2014-04-20 11:39:00,server-04,87.46,71.54,25.43,29.55,75.74,71.39,True,cpu_spike
2014-04-20 11:44:00,server-04,87.13,81.07,22.95,23.65,72.74,64.03,True,cpu_spike
2014-04-20 11:49:00,server-04,86.92,76.46,14.41,29.71,71.46,74.16,True,cpu_spike
2014-04-20 11:54:00,server-04,88.25,76.11,13.13,22.89,75.14,65.62,True,cpu_spike
2014-04-20 11:59:00,server-04,88.5,80.45,29.36,21.39,76.55,41.32,True,cpu_spike
2014-04-20 12:04:00,server-04,87.92,65.65,19.15,28.39,74.11,41.18,True,cpu_spike
2014-04-20 12:09:00,server-04,92.25,81.32,34.63,23.88,77.11,56.87,True,cpu_spike
2014-04-20 12:14:00,server-04,94.2,73.08,16.39,13.33,78.28,52.7,True,cpu_spike
2014-04-20 12:19:00,server-04,90.21,84.45,24.26,24.16,77.38,45.0,True,cpu_spike
2014-04-20 12:24:00,server-04,88.79,84.73,12.24,13.88,76.07,60.8,True,cpu_spike
2014-04-20 12:29:00,server-04,85.79,70.71,27.31,25.73,73.48,66.05,True,cpu_spike
2014-04-20 12:34:00,server-04,87.0,69.53,30.72,22.29,75.42,52.08,True,cpu_spike
2014-04-20 12:39:00,server-04,88.0,69.03,28.43,16.55,76.16,40.3,True,cpu_spike
2014-04-20 12:44:00,server-04,86.75,68.75,34.84,26.29,75.04,55.52,True,cpu_spike
2014-04-20 12:49:00,server-04,90.92,81.03,25.45,21.11,73.77,72.55,True,cpu_spike
2014-04-20 12:54:00,server-04,88.54,79.31,31.89,15.47,73.44,70.43,True,cpu_spike
2014-04-20 12:59:00,server-04,87.41,76.83,13.82,28.22,76.36,58.33,True,cpu_spike
2014-04-20 13:04:00,server-04,87.71,78.77,30.73,23.32,74.21,44.85,True,cpu_spike
2014-04-20 13:09:00,server-04,88.58,79.94,18.13,28.2,76.15,72.32,True,cpu_spike
2014-04-20 13:14:00,server-04,93.5,73.15,25.56,14.6,79.08,56.93,True,cpu_spike
2014-04-20 13:19:00,server-04,92.62,69.4,18.86,16.88,74.49,51.88,True,cpu_spike
2014-04-20 13:24:00,server-04,85.79,63.0,27.94,18.42,73.84,72.49,True,cpu_spike
2014-04-20 13:29:00,server-04,88.82,84.11,16.4,22.62,72.89,66.19,True,cpu_spike
2014-04-20 13:34:00,server-04,87.33,70.16,31.86,20.98,75.83,41.36,True,cpu_spike
2014-04-20 13:39:00,server-04,87.04,79.86,19.12,21.98,74.0,53.97,True,cpu_spike
2014-04-20 13:44:00,server-04,89.46,79.65,17.17,26.13,76.77,41.62,True,cpu_spike
2014-04-20 13:49:00,server-04,86.92,64.9,25.71,22.14,71.2,40.66,True,cpu_spike
2014-04-20 13:54:00,server-04,88.37,78.3,23.57,29.71,74.24,58.59,True,cpu_spike
2014-04-20 13:59:00,server-04,88.21,79.45,15.67,26.19,72.97,41.09,True,cpu_spike
2014-04-20 14:04:00,server-04,87.96,82.27,21.58,19.41,76.4,42.57,True,cpu_spike
2014-04-20 14:09:00,server-04,90.67,69.49,13.85,15.37,75.39,45.0,True,cpu_spike
2014-04-20 14:14:00,server-04,91.62,70.28,33.5,31.32,73.68,53.14,True,cpu_spike
2014-04-20 14:19:00,server-04,92.0,84.75,13.62,15.39,77.64,59.06,True,cpu_spike
2014-04-20 14:24:00,server-04,89.41,81.28,31.15,13.4,75.31,61.28,True,cpu_spike
2014-04-20 14:29:00,server-04,92.0,78.64,34.07,30.59,77.15,56.58,True,cpu_spike
2014-04-20 14:34:00,server-04,89.92,70.5,26.28,13.58,74.43,41.02,True,cpu_spike
2014-04-20 14:39:00,server-04,87.63,72.34,22.55,21.53,72.41,73.79,True,cpu_spike
2014-04-20 14:44:00,server-04,87.03,71.73,13.38,16.33,72.61,68.21,True,cpu_spike
2014-04-20 14:49:00,server-04,86.85,69.26,16.04,13.09,73.48,49.96,True,cpu_spike
2014-04-20 14:54:00,server-04,87.2,78.71,26.74,14.52,70.94,58.42,True,cpu_spike
2014-04-20 14:59:00,server-04,86.79,73.81,15.42,17.13,74.98,46.77,True,cpu_spike
2014-04-20 15:04:00,server-04,89.79,68.4,22.8,15.38,74.96,62.12,True,cpu_spike
2014-04-20 15:09:00,server-04,90.12,80.47,26.85,23.54,77.4,64.6,True,cpu_spike
2014-04-20 15:14:00,server-04,91.79,87.43,19.2,17.58,76.62,56.76,True,cpu_spike
2014-04-20 15:19:00,server-04,92.25,73.59,33.6,26.02,77.37,54.18,True,cpu_spike
2014-04-20 15:24:00,server-04,85.92,73.99,31.27,23.23,70.28,49.84,True,cpu_spike
2014-04-20 15:29:00,server-04,88.13,76.83,13.63,31.39,76.03,51.56,True,cpu_spike
2014-04-20 15:34:00,server-04,87.92,76.46,34.19,29.13,74.83,48.31,True,cpu_spike
2014-04-20 15:39:00,server-04,86.33,68.5,13.47,29.71,74.03,49.64,True,cpu_spike
2014-04-20 15:44:00,server-04,87.79,81.68,34.69,24.94,76.68,59.54,True,cpu_spike
2014-04-20 15:49:00,server-04,89.08,67.37,29.6,29.81,74.0,59.42,True,cpu_spike
2014-04-20 15:54:00,server-04,87.82,70.17,23.22,27.57,76.15,42.74,True,cpu_spike
2014-04-20 15:59:00,server-04,88.75,79.56,14.24,15.3,74.88,50.98,True,cpu_spike
2014-04-20 16:04:00,server-04,87.46,75.05,26.03,27.61,75.81,43.78,True,cpu_spike
2014-04-20 16:09:00,server-04,90.04,74.4,15.11,18.47,75.96,73.32,True,cpu_spike
2014-04-20 16:14:00,server-04,89.21,76.61,24.78,21.55,74.83,61.84,True,cpu_spike
2014-04-20 16:19:00,server-04,90.75,76.99,23.49,28.09,72.51,59.65,True,cpu_spike
2014-04-20 16:24:00,server-04,89.46,85.99,17.47,16.16,72.81,45.09,True,cpu_spike
2014-04-20 16:29:00,server-04,89.0,68.41,26.61,31.38,76.67,52.26,True,cpu_spike
2014-04-20 16:34:00,server-04,87.13,80.57,15.45,18.11,72.39,44.27,True,cpu_spike
2014-04-20 16:39:00,server-04,90.43,78.19,28.33,31.47,72.97,70.2,True,cpu_spike
2014-04-20 16:44:00,server-04,87.46,73.12,19.62,31.94,74.33,58.02,True,cpu_spike
2014-04-20 16:49:00,server-04,87.33,76.12,12.98,18.82,73.4,57.42,True,cpu_spike
2014-04-20 16:54:00,server-04,85.83,63.21,15.0,17.12,72.79,71.58,True,cpu_spike
2014-04-20 16:59:00,server-04,90.92,86.52,31.1,23.99,75.18,69.14,True,cpu_spike
2014-04-20 17:04:00,server-04,88.25,75.6,22.41,28.84,72.71,49.73,True,cpu_spike
2014-04-20 17:09:00,server-04,95.42,90.9,22.9,26.69,77.15,56.32,True,cpu_spike
2014-04-20 17:14:00,server-04,93.97,72.25,33.98,25.87,75.68,64.6,True,cpu_spike
2014-04-20 17:19:00,server-04,88.5,84.08,27.51,26.54,74.95,67.62,True,cpu_spike
2014-04-20 17:24:00,server-04,87.85,76.37,16.28,26.89,75.42,67.27,True,cpu_spike
2014-04-20 17:29:00,server-04,86.22,64.11,24.28,28.65,72.22,72.04,True,cpu_spike
2014-04-20 17:34:00,server-04,89.66,82.83,21.84,15.19,75.78,47.35,True,cpu_spike
2014-04-20 17:39:00,server-04,87.24,74.5,24.25,19.2,74.61,67.77,True,cpu_spike
2014-04-20 17:44:00,server-04,88.87,83.25,12.81,24.99,76.52,60.94,True,cpu_spike
2014-04-20 17:49:00,server-04,87.56,77.93,29.84,18.0,74.5,74.23,True,cpu_spike
2014-04-20 17:54:00,server-04,87.01,73.8,20.29,29.83,71.27,54.31,True,cpu_spike
2014-04-20 17:59:00,server-04,93.9,78.13,21.12,14.11,78.06,66.24,True,cpu_spike
2014-04-20 18:04:00,server-04,87.94,83.4,22.18,15.46,73.83,60.3,True,cpu_spike
2014-04-20 18:09:00,server-04,94.99,73.94,14.16,18.12,78.39,58.06,True,cpu_spike
2014-04-20 18:14:00,server-04,93.07,87.01,34.4,28.68,74.1,63.95,True,cpu_spike
2014-04-20 18:19:00,server-04,91.36,75.42,21.86,18.49,78.05,74.51,True,cpu_spike
2014-04-20 18:24:00,server-04,87.79,68.71,12.92,15.06,76.22,57.32,True,cpu_spike
2014-04-20 18:29:00,server-04,92.46,71.34,15.94,20.42,74.11,55.99,True,cpu_spike
2014-04-20 18:34:00,server-04,86.75,68.39,13.26,18.62,74.97,68.21,True,cpu_spike
2014-04-20 18:39:00,server-04,88.0,78.68,27.77,30.04,71.84,68.98,True,cpu_spike
2014-04-20 18:44:00,server-04,87.5,77.89,32.76,20.05,73.82,42.16,True,cpu_spike
2014-04-20 18:49:00,server-04,87.29,76.67,28.48,21.73,74.81,53.11,True,cpu_spike
2014-04-20 18:54:00,server-04,88.35,74.63,25.46,24.45,73.25,66.55,True,cpu_spike
2014-04-20 18:59:00,server-04,87.88,70.64,24.32,21.0,73.72,59.12,True,cpu_spike
2014-04-20 19:04:00,server-04,86.88,71.23,34.28,19.13,70.99,58.69,True,cpu_spike
2014-04-20 19:09:00,server-04,92.37,73.12,24.98,25.42,78.12,49.81,True,cpu_spike
2014-04-20 19:14:00,server-04,92.04,72.38,16.67,19.58,78.3,65.92,True,cpu_spike
2014-04-20 19:19:00,server-04,91.5,85.16,15.89,18.57,73.21,65.02,True,cpu_spike
2014-04-20 19:24:00,server-04,87.83,71.6,13.33,26.7,75.22,65.77,True,cpu_spike
2014-04-20 19:29:00,server-04,88.08,68.29,29.14,18.34,76.74,48.62,True,cpu_spike
2014-04-20 19:34:00,server-04,90.75,73.26,18.35,17.67,74.86,71.86,True,cpu_spike
2014-04-20 19:39:00,server-04,87.92,76.79,23.69,26.94,72.23,51.11,True,cpu_spike
2014-04-20 19:44:00,server-04,87.63,78.82,26.15,20.84,72.96,66.43,True,cpu_spike
2014-04-20 19:49:00,server-04,87.36,72.33,34.28,17.29,71.41,57.25,True,cpu_spike
2014-04-20 19:54:00,server-04,89.22,82.0,25.25,24.83,73.17,56.75,True,cpu_spike
2014-04-20 19:59:00,server-04,88.96,78.14,31.51,20.51,75.47,56.36,True,cpu_spike
2014-04-20 20:04:00,server-04,88.17,84.46,12.09,21.53,72.68,43.37,True,cpu_spike
2014-04-20 20:09:00,server-04,88.96,72.97,12.06,16.61,74.55,53.32,True,cpu_spike
2014-04-20 20:14:00,server-04,95.5,72.76,16.47,13.59,79.36,65.15,True,cpu_spike
2014-04-20 20:19:00,server-04,91.79,87.74,22.96,23.7,73.8,71.59,True,cpu_spike
2014-04-20 20:24:00,server-04,88.58,67.49,22.02,26.29,76.94,47.6,True,cpu_spike
2014-04-20 20:29:00,server-04,87.83,76.74,15.13,16.9,71.49,70.53,True,cpu_spike
2014-04-20 20:34:00,server-04,88.25,68.2,12.55,30.5,76.98,42.48,True,cpu_spike
2014-04-20 20:39:00,server-04,88.96,84.62,20.13,17.11,72.79,55.11,True,cpu_spike
2014-04-20 20:44:00,server-04,86.87,82.28,12.92,23.32,71.58,54.71,True,cpu_spike
2014-04-20 20:49:00,server-04,87.21,73.76,23.45,28.74,72.39,41.66,True,cpu_spike
2014-04-20 20:54:00,server-04,89.13,69.33,29.04,13.91,75.3,72.08,True,cpu_spike
2014-04-20 20:59:00,server-04,87.79,66.17,27.7,28.67,74.76,74.65,True,cpu_spike
2014-04-20 21:04:00,server-04,86.5,82.33,34.51,21.66,75.44,58.82,True,cpu_spike
2014-04-20 21:09:00,server-04,88.08,67.52,17.89,24.4,74.84,55.66,True,cpu_spike
2014-04-20 21:14:00,server-04,93.13,83.29,26.46,28.89,77.66,56.47,True,cpu_spike
2014-04-20 21:19:00,server-04,93.59,85.77,18.06,20.12,78.47,43.37,True,cpu_spike
2014-04-20 21:24:00,server-04,92.92,75.16,18.88,20.11,76.56,66.1,True,cpu_spike
2014-04-20 21:29:00,server-04,90.06,86.42,12.57,20.21,77.68,50.65,True,cpu_spike
2014-04-20 21:34:00,server-04,87.01,71.86,17.65,17.54,73.05,49.96,True,cpu_spike
2014-04-20 21:39:00,server-04,88.17,83.07,14.59,28.35,72.77,61.42,True,cpu_spike
2014-04-20 21:44:00,server-04,88.43,74.44,20.12,29.66,73.34,48.62,True,cpu_spike
2014-04-20 21:49:00,server-04,87.33,77.91,30.79,21.06,75.49,63.97,True,cpu_spike
2014-04-20 21:54:00,server-04,88.54,72.08,19.22,13.1,74.79,46.21,True,cpu_spike
2014-04-20 21:59:00,server-04,88.83,80.23,16.64,31.8,73.34,54.68,True,cpu_spike
2014-04-20 22:04:00,server-04,89.12,70.31,29.55,15.33,75.34,72.35,True,cpu_spike
2014-04-20 22:09:00,server-04,93.35,73.86,21.57,31.59,77.99,62.13,True,cpu_spike
2014-04-20 22:14:00,server-04,92.79,75.72,25.67,30.3,74.83,68.56,True,cpu_spike
2014-04-20 22:19:00,server-04,89.21,66.56,16.43,19.24,76.08,70.14,True,cpu_spike
2014-04-20 22:24:00,server-04,88.25,71.4,22.69,19.77,76.29,67.77,True,cpu_spike
2014-04-20 22:29:00,server-04,87.96,79.42,28.18,27.56,72.07,70.38,True,cpu_spike
2014-04-20 22:34:00,server-04,87.83,64.96,32.99,30.87,73.73,66.98,True,cpu_spike
2014-04-20 22:39:00,server-04,89.04,77.93,13.56,27.02,76.92,43.29,True,cpu_spike
2014-04-20 22:44:00,server-04,87.11,74.75,14.52,15.15,74.72,73.71,True,cpu_spike
2014-04-20 22:49:00,server-04,87.21,78.47,30.19,24.51,70.97,62.65,True,cpu_spike
2014-04-20 22:54:00,server-04,89.04,71.28,23.53,22.35,73.72,61.35,True,cpu_spike
2014-04-20 22:59:00,server-04,87.58,78.62,32.49,20.3,74.08,74.18,True,cpu_spike
2014-04-20 23:04:00,server-04,86.75,75.41,29.18,28.98,75.69,63.52,True,cpu_spike
2014-04-20 23:09:00,server-04,89.96,70.08,24.59,22.96,76.55,51.11,True,cpu_spike
2014-04-20 23:14:00,server-04,94.44,88.55,19.64,28.04,77.98,55.1,True,cpu_spike
2014-04-20 23:19:00,server-04,93.08,88.07,17.45,13.84,78.54,47.26,True,cpu_spike
2014-04-20 23:24:00,server-04,92.75,75.31,25.66,24.16,78.9,69.52,True,cpu_spike
2014-04-20 23:29:00,server-04,89.12,80.12,13.66,29.53,72.62,74.01,True,cpu_spike
2014-04-20 23:34:00,server-04,87.42,77.15,30.95,22.39,75.99,50.85,True,cpu_spike
2014-04-20 23:39:00,server-04,87.25,67.07,15.29,26.56,72.19,43.17,True,cpu_spike
2014-04-20 23:44:00,server-04,87.74,67.2,13.43,18.19,74.83,43.22,True,cpu_spike
2014-04-20 23:49:00,server-04,87.47,79.29,26.87,14.67,72.81,47.76,True,cpu_spike
2014-04-20 23:54:00,server-04,89.38,66.8,25.36,22.94,76.33,52.18,True,cpu_spike
2014-04-20 23:59:00,server-04,88.13,77.78,26.4,31.27,72.79,47.15,True,cpu_spike
2014-04-21 00:04:00,server-04,88.21,81.01,15.97,29.32,72.23,63.29,True,cpu_spike
2014-04-21 00:09:00,server-04,94.12,87.84,23.49,18.87,74.96,61.16,True,cpu_spike
2014-04-21 00:14:00,server-04,93.01,75.27,14.05,26.25,78.08,59.64,True,cpu_spike
2014-04-21 00:19:00,server-04,91.67,73.33,13.21,23.72,75.28,47.06,True,cpu_spike
2014-04-21 00:24:00,server-04,87.92,77.99,22.6,14.47,73.55,66.69,True,cpu_spike
2014-04-21 00:29:00,server-04,87.46,79.1,34.96,26.53,74.36,65.72,True,cpu_spike
2014-04-21 00:34:00,server-04,87.58,73.11,15.74,18.15,73.92,52.84,True,cpu_spike
2014-04-21 00:39:00,server-04,88.41,73.5,20.68,21.38,74.84,55.87,True,cpu_spike
2014-04-21 00:44:00,server-04,85.62,79.08,19.32,25.73,71.26,41.12,True,cpu_spike
2014-04-21 00:49:00,server-04,88.4,66.52,14.49,25.85,72.56,41.34,True,cpu_spike
2014-04-21 00:59:00,server-04,90.04,71.61,14.59,29.26,73.56,47.71,True,cpu_spike
2014-04-21 01:04:00,server-04,89.17,84.97,29.4,25.17,73.09,63.21,True,cpu_spike
2014-04-21 01:09:00,server-04,91.57,75.58,13.56,19.41,73.95,52.65,True,cpu_spike
2014-04-21 01:14:00,server-04,91.33,71.57,19.09,20.3,72.76,46.83,True,cpu_spike
2014-04-21 01:19:00,server-04,94.64,76.71,23.7,19.39,76.83,69.18,True,cpu_spike
2014-04-21 01:24:00,server-04,87.4,66.15,31.92,14.37,71.73,61.24,True,cpu_spike
2014-04-21 01:29:00,server-04,87.75,64.68,26.91,26.55,75.36,42.51,True,cpu_spike
2014-04-21 01:34:00,server-04,91.33,73.75,23.01,31.22,73.34,73.59,True,cpu_spike
2014-04-21 01:39:00,server-04,87.83,71.72,31.96,28.98,71.83,59.48,True,cpu_spike
2014-04-21 01:44:00,server-04,87.96,75.84,27.5,16.76,73.65,52.23,True,cpu_spike
2014-04-21 01:49:00,server-04,87.75,71.67,26.18,31.86,71.96,56.39,True,cpu_spike
2014-04-21 01:54:00,server-04,89.04,79.01,22.13,31.45,74.84,74.36,True,cpu_spike
2014-04-21 01:59:00,server-04,88.12,82.28,15.86,25.13,75.53,55.85,True,cpu_spike
2014-04-21 02:04:00,server-04,88.63,68.3,16.69,26.42,73.21,55.12,True,cpu_spike
2014-04-21 02:09:00,server-04,90.83,84.47,24.11,21.58,72.78,51.01,True,cpu_spike
2014-04-21 02:14:00,server-04,92.21,75.51,30.49,27.75,78.88,42.24,True,cpu_spike
2014-04-21 02:19:00,server-04,91.92,78.96,13.59,30.99,77.29,55.39,True,cpu_spike
2014-04-21 02:24:00,server-04,88.88,83.45,17.03,28.23,73.47,46.56,True,cpu_spike
2014-04-21 02:29:00,server-04,88.71,68.09,19.04,14.9,75.05,58.27,True,cpu_spike
2014-04-21 02:34:00,server-04,91.92,72.52,25.76,22.92,77.97,44.79,True,cpu_spike
2014-04-21 02:39:00,server-04,88.88,69.48,17.89,22.71,73.2,65.84,True,cpu_spike
2014-04-21 02:44:00,server-04,87.54,82.55,15.28,25.94,71.49,74.31,True,cpu_spike
2014-04-21 02:49:00,server-04,87.08,67.16,33.91,17.53,72.57,63.42,True,cpu_spike
2014-04-21 02:54:00,server-04,88.33,74.47,33.49,28.23,72.08,68.17,True,cpu_spike
2014-04-21 02:59:00,server-04,88.0,84.67,18.55,23.39,72.61,49.02,True,cpu_spike
2014-04-21 03:04:00,server-04,88.17,68.9,13.39,19.44,76.07,70.46,True,cpu_spike
2014-04-21 03:09:00,server-04,90.55,68.08,26.55,23.24,74.3,67.87,True,cpu_spike
2014-04-21 03:14:00,server-04,92.79,78.24,24.16,13.86,74.47,51.52,True,cpu_spike
2014-04-21 03:19:00,server-04,94.38,87.19,15.53,23.91,76.03,48.04,True,cpu_spike
2014-04-21 03:24:00,server-04,90.12,76.99,33.86,26.34,73.03,46.97,True,cpu_spike
2014-04-21 03:29:00,server-04,88.04,67.64,31.22,28.07,71.55,47.22,True,cpu_spike
2014-04-21 03:34:00,server-04,86.83,81.18,27.31,22.84,75.07,47.55,True,cpu_spike
2014-04-21 03:39:00,server-04,86.75,73.84,15.5,13.93,74.65,74.43,True,cpu_spike
2014-04-21 03:44:00,server-04,86.69,71.6,29.34,20.13,72.07,74.8,True,cpu_spike
2014-04-21 03:49:00,server-04,87.25,73.32,13.25,22.78,73.27,62.79,True,cpu_spike
2014-04-21 03:54:00,server-04,87.79,80.49,33.79,17.25,74.22,50.59,True,cpu_spike
2014-04-21 03:59:00,server-04,87.42,65.39,26.59,14.17,75.64,45.87,True,cpu_spike
2014-04-21 04:04:00,server-04,90.84,67.4,18.02,24.77,77.52,41.85,True,cpu_spike
2014-04-21 04:09:00,server-04,87.95,78.05,29.23,17.35,75.74,61.59,True,cpu_spike
2014-04-21 04:14:00,server-04,91.91,75.5,34.77,26.67,75.16,53.36,True,cpu_spike
2014-04-21 04:19:00,server-04,91.5,82.25,17.19,19.6,77.46,62.47,True,cpu_spike
2014-04-21 04:24:00,server-04,91.83,87.03,17.42,31.02,76.25,58.75,True,cpu_spike
2014-04-21 04:29:00,server-04,89.71,85.7,22.37,15.44,71.88,47.15,True,cpu_spike
2014-04-21 04:34:00,server-04,90.37,82.41,16.34,20.16,74.72,52.07,True,cpu_spike
2014-04-21 04:39:00,server-04,92.65,69.31,24.98,24.26,75.62,62.37,True,cpu_spike
2014-04-21 04:44:00,server-04,87.29,66.22,12.33,17.19,73.39,51.57,True,cpu_spike
2014-04-21 04:49:00,server-04,87.13,70.47,32.23,14.88,72.55,70.36,True,cpu_spike
2014-04-21 04:54:00,server-04,85.2,65.97,21.99,31.26,75.29,54.28,True,cpu_spike
2014-04-21 04:59:00,server-04,90.97,83.19,15.04,15.99,78.2,58.47,True,cpu_spike
2014-04-21 05:04:00,server-04,86.88,73.34,21.61,26.96,71.6,47.99,True,cpu_spike
2014-04-21 05:09:00,server-04,90.04,78.53,13.95,15.07,76.22,64.66,True,cpu_spike
2014-04-21 05:14:00,server-04,90.87,85.12,29.46,31.23,78.41,46.33,True,cpu_spike
2014-04-21 05:19:00,server-04,92.4,84.47,31.5,31.9,73.63,47.22,True,cpu_spike
2014-04-21 05:24:00,server-04,94.21,80.46,23.94,30.78,77.19,58.4,True,cpu_spike
2014-04-21 05:29:00,server-04,89.83,75.76,31.05,22.49,72.36,41.06,True,cpu_spike
2014-04-21 05:34:00,server-04,88.17,76.65,25.37,13.85,76.79,62.85,True,cpu_spike
2014-04-21 05:39:00,server-04,87.83,83.17,29.39,13.2,74.68,74.78,True,cpu_spike
2014-04-21 05:44:00,server-04,87.63,66.21,20.38,22.15,74.44,55.05,True,cpu_spike
2014-04-21 05:49:00,server-04,87.96,76.02,32.2,23.52,75.15,71.56,True,cpu_spike
2014-04-21 05:54:00,server-04,89.7,77.12,34.87,14.32,72.76,40.94,True,cpu_spike
2014-04-21 05:59:00,server-04,88.84,70.22,14.11,30.16,77.1,55.12,True,cpu_spike
2014-04-21 06:04:00,server-04,88.96,66.43,30.28,31.04,74.73,72.65,True,cpu_spike
2014-04-21 06:09:00,server-04,91.5,79.68,17.28,22.3,77.41,55.76,True,cpu_spike
2014-04-21 06:14:00,server-04,89.63,78.52,27.75,25.15,76.28,42.47,True,cpu_spike
2014-04-21 06:19:00,server-04,91.79,80.35,19.97,22.89,74.04,51.35,True,cpu_spike
2014-04-21 06:24:00,server-04,93.38,79.62,18.55,22.82,76.81,58.93,True,cpu_spike
2014-04-21 06:29:00,server-04,90.46,70.59,22.84,17.33,75.09,70.7,True,cpu_spike
2014-04-21 06:34:00,server-04,90.32,76.13,17.29,23.21,77.37,73.59,True,cpu_spike
2014-04-21 06:39:00,server-04,89.8,81.5,16.36,27.34,72.78,47.55,True,cpu_spike
2014-04-21 06:44:00,server-04,87.37,82.79,34.54,24.66,71.34,60.03,True,cpu_spike
2014-04-21 06:49:00,server-04,87.88,81.89,21.69,27.83,73.95,65.02,True,cpu_spike
2014-04-21 06:54:00,server-04,89.71,83.49,16.29,15.14,73.29,52.75,True,cpu_spike
2014-04-21 06:59:00,server-04,88.92,74.62,21.85,22.51,72.51,53.2,True,cpu_spike
2014-04-21 07:04:00,server-04,87.96,68.12,25.96,21.85,74.35,45.33,True,cpu_spike
2014-04-21 07:09:00,server-04,89.63,74.12,29.71,22.76,75.92,62.64,True,cpu_spike
2014-04-21 07:14:00,server-04,91.38,68.06,27.47,24.04,73.13,65.96,True,cpu_spike
2014-04-21 07:19:00,server-04,88.0,75.29,32.65,17.28,71.08,46.28,True,cpu_spike
2014-04-21 07:24:00,server-04,88.59,83.22,34.04,23.7,75.09,50.15,True,cpu_spike
2014-04-21 07:29:00,server-04,91.59,71.24,29.22,16.79,75.47,69.06,True,cpu_spike
2014-04-21 07:34:00,server-04,89.71,77.77,30.27,19.48,76.07,67.82,True,cpu_spike
2014-04-21 07:39:00,server-04,87.88,68.72,29.23,13.89,75.74,45.57,True,cpu_spike
2014-04-21 07:44:00,server-04,87.25,68.32,13.66,15.88,74.27,63.59,True,cpu_spike
2014-04-21 07:49:00,server-04,88.91,79.54,31.53,13.8,76.22,58.61,True,cpu_spike
2014-04-21 07:54:00,server-04,86.86,78.83,30.76,31.59,70.98,53.48,True,cpu_spike
2014-04-21 07:59:00,server-04,91.9,84.47,25.14,19.96,78.82,48.16,True,cpu_spike
2014-04-21 08:04:00,server-04,88.62,68.1,25.87,28.72,71.57,74.38,True,cpu_spike
2014-04-21 08:09:00,server-04,91.25,80.64,16.36,27.62,73.85,73.08,True,cpu_spike
2014-04-21 08:14:00,server-04,92.27,79.93,15.44,23.31,77.34,43.31,True,cpu_spike
2014-04-21 08:19:00,server-04,94.67,76.26,27.22,16.1,75.09,72.45,True,cpu_spike
2014-04-21 08:24:00,server-04,91.12,81.66,34.18,19.45,74.27,59.22,True,cpu_spike
2014-04-21 08:29:00,server-04,89.12,81.64,21.42,25.67,76.16,66.4,True,cpu_spike
2014-04-21 08:34:00,server-04,88.54,79.54,20.3,24.27,72.56,46.82,True,cpu_spike
2014-04-21 08:39:00,server-04,86.89,68.76,31.58,18.32,74.27,56.73,True,cpu_spike
2014-04-21 08:44:00,server-04,86.58,73.19,17.65,21.9,72.81,62.25,True,cpu_spike
2014-04-21 08:49:00,server-04,89.33,69.02,15.56,16.86,75.17,60.92,True,cpu_spike
2014-04-21 08:54:00,server-04,90.05,71.35,20.72,18.28,72.39,54.83,True,cpu_spike
2014-04-21 08:59:00,server-04,88.73,84.65,30.27,15.92,74.09,40.32,True,cpu_spike
2014-04-21 09:04:00,server-04,87.33,72.65,29.53,22.0,72.77,73.12,True,cpu_spike
2014-04-21 09:09:00,server-04,92.21,83.81,24.84,16.8,78.72,48.77,True,cpu_spike
2014-04-21 09:14:00,server-04,94.42,76.4,14.47,28.32,74.47,69.22,True,cpu_spike
2014-04-21 09:19:00,server-04,89.0,73.89,22.15,16.09,74.76,72.68,True,cpu_spike
2014-04-21 09:24:00,server-04,88.13,73.27,27.8,15.12,71.93,62.91,True,cpu_spike
2014-04-21 09:29:00,server-04,87.46,84.24,29.09,22.23,76.68,51.04,True,cpu_spike
2014-04-21 09:34:00,server-04,87.11,80.26,13.67,21.75,73.5,74.25,True,cpu_spike
2014-04-21 09:39:00,server-04,88.88,67.9,33.81,15.52,75.64,43.11,True,cpu_spike
2014-04-21 09:44:00,server-04,87.25,73.82,19.81,22.56,73.29,42.35,True,cpu_spike
2014-04-21 09:49:00,server-04,87.67,74.06,21.06,29.74,74.82,70.06,True,cpu_spike
2014-04-21 09:54:00,server-04,88.69,83.04,22.44,28.88,73.64,63.24,True,cpu_spike
2014-04-21 10:04:00,server-04,89.63,73.21,26.17,26.76,73.84,50.0,True,cpu_spike
2014-04-21 10:09:00,server-04,95.67,82.34,17.69,30.6,75.73,55.21,True,cpu_spike
2014-04-21 10:14:00,server-04,93.25,85.11,18.7,19.32,79.29,68.05,True,cpu_spike
2014-04-21 10:19:00,server-04,93.92,73.08,24.89,31.18,79.6,50.73,True,cpu_spike
2014-04-21 10:24:00,server-04,94.56,77.7,14.32,18.47,75.92,69.92,True,cpu_spike
2014-04-21 10:29:00,server-04,90.86,76.96,31.84,28.34,74.49,67.28,True,cpu_spike
2014-04-21 10:34:00,server-04,94.57,81.83,20.46,17.12,79.72,45.31,True,cpu_spike
2014-04-21 10:39:00,server-04,96.34,83.74,34.31,21.36,77.34,54.74,True,cpu_spike
2014-04-21 10:44:00,server-04,93.58,81.68,20.79,15.62,79.62,55.38,True,cpu_spike
2014-04-21 10:49:00,server-04,91.88,74.65,16.94,13.06,74.59,73.82,True,cpu_spike
2014-04-21 10:54:00,server-04,93.58,84.66,17.07,20.82,79.58,60.41,True,cpu_spike
2014-04-21 10:59:00,server-04,92.58,84.47,22.97,31.71,76.19,40.43,True,cpu_spike
2014-04-21 11:04:00,server-04,92.02,83.08,24.81,29.94,78.6,74.41,True,cpu_spike
2014-04-21 11:09:00,server-04,92.46,72.65,21.88,23.41,77.78,63.49,True,cpu_spike
2014-04-21 11:14:00,server-04,91.43,79.35,28.61,18.14,75.29,56.99,True,cpu_spike
2014-04-21 11:19:00,server-04,91.21,84.51,29.08,21.31,77.07,69.23,True,cpu_spike
2014-04-21 11:24:00,server-04,91.33,73.68,32.51,31.9,72.84,66.49,True,cpu_spike
2014-04-21 11:29:00,server-04,90.87,87.01,28.49,19.39,76.55,68.11,True,cpu_spike
2014-04-21 11:34:00,server-04,94.13,84.3,29.86,21.0,78.77,56.39,True,cpu_spike
2014-04-21 11:39:00,server-04,93.33,80.32,23.27,23.64,77.11,47.18,True,cpu_spike
2014-04-21 11:44:00,server-04,93.79,78.83,31.13,21.27,76.4,56.0,True,cpu_spike
2014-04-21 11:49:00,server-04,91.95,68.63,16.0,24.95,74.34,69.96,True,cpu_spike
2014-04-21 11:54:00,server-04,94.21,70.98,14.57,17.48,74.4,73.29,True,cpu_spike
2014-04-21 11:59:00,server-04,94.13,76.33,30.32,29.41,74.53,66.6,True,cpu_spike
2014-04-21 12:04:00,server-04,92.92,85.94,15.11,30.43,75.31,74.52,True,cpu_spike
2014-04-21 12:09:00,server-04,94.17,79.4,12.62,13.6,79.35,50.61,True,cpu_spike
2014-04-21 12:14:00,server-04,93.29,75.37,15.71,15.86,73.97,54.0,True,cpu_spike
2014-04-21 12:19:00,server-04,93.62,82.75,25.49,30.95,73.93,62.6,True,cpu_spike
2014-04-21 12:24:00,server-04,93.75,73.72,13.42,15.71,74.23,53.95,True,cpu_spike
2014-04-21 12:29:00,server-04,92.67,78.82,25.07,16.28,75.69,60.28,True,cpu_spike
2014-04-21 12:34:00,server-04,91.75,75.64,19.6,19.39,77.83,45.07,True,cpu_spike
2014-04-21 12:39:00,server-04,93.05,79.74,12.03,29.24,79.12,55.66,True,cpu_spike
2014-04-21 12:44:00,server-04,93.37,83.42,20.53,24.42,79.47,68.8,True,cpu_spike
2014-04-21 12:49:00,server-04,94.0,69.98,30.52,31.05,74.25,70.2,True,cpu_spike
2014-04-21 12:54:00,server-04,94.54,85.01,18.44,21.69,76.07,66.84,True,cpu_spike
2014-04-21 12:59:00,server-04,92.0,75.65,13.0,14.66,74.69,71.75,True,cpu_spike
2014-04-21 13:04:00,server-04,94.0,80.03,23.67,29.96,79.25,42.41,True,cpu_spike
2014-04-21 13:09:00,server-04,94.92,85.78,16.25,27.18,78.42,46.53,True,cpu_spike
2014-04-21 13:14:00,server-04,92.9,83.97,22.75,19.21,78.88,62.54,True,cpu_spike
2014-04-21 13:19:00,server-04,94.12,81.33,18.36,21.17,74.28,74.89,True,cpu_spike
2014-04-21 13:24:00,server-04,92.61,72.5,20.05,21.41,73.95,46.08,True,cpu_spike
2014-04-21 13:29:00,server-04,92.96,71.78,19.82,19.25,76.27,61.91,True,cpu_spike
2014-04-21 13:34:00,server-04,94.04,79.3,23.97,20.81,77.89,70.5,True,cpu_spike
2014-04-21 13:39:00,server-04,93.33,86.28,16.0,31.53,77.9,59.62,True,cpu_spike
2014-04-21 13:44:00,server-04,92.12,78.91,24.7,26.29,77.76,59.15,True,cpu_spike
2014-04-21 13:49:00,server-04,92.5,77.82,33.8,28.72,76.24,60.39,True,cpu_spike
2014-04-21 13:54:00,server-04,94.25,76.97,23.3,30.23,79.73,60.77,True,cpu_spike
2014-04-21 13:59:00,server-04,90.21,79.49,28.85,21.81,75.34,48.05,True,cpu_spike
2014-04-21 14:04:00,server-04,92.45,82.88,26.25,22.45,76.77,68.44,True,cpu_spike
2014-04-21 14:09:00,server-04,91.94,71.91,24.94,28.12,73.62,50.05,True,cpu_spike
2014-04-21 14:14:00,server-04,92.12,84.61,13.06,25.48,78.3,74.78,True,cpu_spike
2014-04-21 14:19:00,server-04,91.0,80.77,31.73,28.39,76.41,48.59,True,cpu_spike
2014-04-21 14:24:00,server-04,90.83,73.69,21.57,24.34,72.53,44.08,True,cpu_spike
2014-04-21 14:29:00,server-04,90.83,75.68,23.88,17.32,73.17,42.53,True,cpu_spike
2014-04-21 14:34:00,server-04,91.5,72.91,31.2,29.6,76.88,44.28,True,cpu_spike
2014-04-21 14:39:00,server-04,88.17,71.06,31.16,17.61,75.18,42.76,True,cpu_spike
2014-04-21 14:44:00,server-04,91.88,84.83,12.22,25.69,74.85,59.82,True,cpu_spike
2014-04-21 14:49:00,server-04,91.42,83.36,21.07,21.46,75.21,48.29,True,cpu_spike
2014-04-21 14:54:00,server-04,92.71,74.47,24.48,14.62,75.28,64.96,True,cpu_spike
2014-04-21 14:59:00,server-04,92.58,87.63,31.47,30.5,78.51,59.29,True,cpu_spike
2014-04-21 15:04:00,server-04,92.92,88.36,27.88,27.35,75.07,48.29,True,cpu_spike
2014-04-21 15:09:00,server-04,95.0,71.79,30.14,14.66,78.74,70.27,True,cpu_spike
2014-04-21 15:14:00,server-04,93.58,88.98,26.39,13.88,75.07,72.77,True,cpu_spike
2014-04-21 15:19:00,server-04,94.08,78.99,13.88,25.98,74.27,61.65,True,cpu_spike
2014-04-21 15:24:00,server-04,92.46,75.86,18.73,28.01,74.9,48.12,True,cpu_spike
2014-04-21 15:29:00,server-04,91.76,69.7,24.45,30.1,78.2,52.97,True,cpu_spike
2014-04-21 15:34:00,server-04,92.5,73.29,34.46,18.88,75.05,74.88,True,cpu_spike
2014-04-21 15:39:00,server-04,91.18,74.06,31.39,26.67,76.12,45.33,True,cpu_spike
2014-04-21 15:44:00,server-04,93.33,79.67,18.35,14.95,79.48,64.18,True,cpu_spike
2014-04-21 15:49:00,server-04,91.17,86.62,25.8,30.71,78.04,67.97,True,cpu_spike
2014-04-21 15:54:00,server-04,92.75,74.56,21.67,30.04,78.66,40.45,True,cpu_spike
2014-04-21 15:59:00,server-04,89.58,84.3,23.68,26.45,72.61,68.98,True,cpu_spike
2014-04-21 16:04:00,server-04,91.0,77.63,24.51,16.15,74.26,67.78,True,cpu_spike
2014-04-21 16:09:00,server-04,95.64,88.78,16.36,17.26,80.48,61.83,True,cpu_spike
2014-04-21 16:14:00,server-04,90.42,79.33,26.8,18.95,76.08,42.94,True,cpu_spike
2014-04-21 16:19:00,server-04,92.08,86.14,33.93,18.24,73.23,58.28,True,cpu_spike
2014-04-21 16:24:00,server-04,93.08,84.16,33.7,29.61,73.86,66.59,True,cpu_spike
2014-04-21 16:29:00,server-04,90.33,72.48,12.11,22.0,76.35,69.07,True,cpu_spike
2014-04-21 16:34:00,server-04,88.06,84.28,25.18,14.34,71.24,63.23,True,cpu_spike
2014-04-21 16:39:00,server-04,93.83,86.78,14.48,27.34,78.04,66.0,True,cpu_spike
2014-04-21 16:44:00,server-04,92.38,85.93,15.37,22.92,73.47,52.19,True,cpu_spike
2014-04-21 16:49:00,server-04,92.92,86.47,29.0,18.33,77.7,62.97,True,cpu_spike
2014-04-21 16:54:00,server-04,91.11,79.08,26.99,27.0,76.48,73.18,True,cpu_spike
2014-04-21 16:59:00,server-04,92.46,83.49,27.57,13.18,76.91,66.07,True,cpu_spike
2014-04-21 17:04:00,server-04,92.96,74.99,30.6,13.72,74.33,43.3,True,cpu_spike
2014-04-21 17:09:00,server-04,93.83,76.33,31.62,30.68,74.32,45.64,True,cpu_spike
2014-04-21 17:14:00,server-04,93.08,80.68,25.72,25.07,77.71,72.04,True,cpu_spike
2014-04-21 17:19:00,server-04,91.92,81.56,20.35,17.76,75.6,58.92,True,cpu_spike
2014-04-21 17:24:00,server-04,92.21,80.22,20.38,30.21,78.17,49.53,True,cpu_spike
2014-04-21 17:29:00,server-04,93.67,87.87,14.94,20.08,78.02,44.24,True,cpu_spike
2014-04-21 17:34:00,server-04,93.42,77.54,15.05,23.46,78.43,64.51,True,cpu_spike
2014-04-21 17:39:00,server-04,93.75,69.96,19.37,24.06,74.11,61.58,True,cpu_spike
2014-04-21 17:44:00,server-04,93.33,88.25,16.86,19.98,75.48,42.94,True,cpu_spike
2014-04-21 17:49:00,server-04,92.13,70.71,16.91,18.27,73.7,48.06,True,cpu_spike
2014-04-21 17:54:00,server-04,93.58,83.43,20.93,14.84,78.12,50.76,True,cpu_spike
2014-04-21 17:59:00,server-04,91.05,86.64,12.76,21.08,73.27,46.53,True,cpu_spike
2014-04-21 18:04:00,server-04,92.17,77.5,26.91,23.02,76.67,43.59,True,cpu_spike
2014-04-21 18:09:00,server-04,94.67,89.08,21.8,16.13,79.31,40.32,True,cpu_spike
2014-04-21 18:14:00,server-04,92.42,84.84,27.84,17.49,75.15,54.79,True,cpu_spike
2014-04-21 18:19:00,server-04,92.25,86.96,34.5,21.73,75.37,45.55,True,cpu_spike
2014-04-21 18:24:00,server-04,88.67,81.75,25.49,13.63,72.15,60.92,True,cpu_spike
2014-04-21 18:29:00,server-04,89.12,74.36,13.54,24.4,76.94,58.61,True,cpu_spike
2014-04-21 18:34:00,server-04,90.58,76.15,15.27,17.38,78.0,69.49,True,cpu_spike
2014-04-21 18:39:00,server-04,93.62,75.5,12.15,16.67,78.46,41.65,True,cpu_spike
2014-04-21 18:44:00,server-04,91.25,76.53,31.52,13.89,74.35,40.43,True,cpu_spike
2014-04-21 18:49:00,server-04,93.62,77.09,31.8,23.65,76.07,46.73,True,cpu_spike
2014-04-21 18:54:00,server-04,95.58,76.31,21.42,29.33,75.96,73.05,True,cpu_spike
2014-04-21 18:59:00,server-04,92.96,87.69,34.23,29.01,75.56,57.72,True,cpu_spike
2014-04-21 19:04:00,server-04,92.79,78.99,30.42,21.2,76.28,47.91,True,cpu_spike
2014-04-21 19:09:00,server-04,94.54,79.23,34.26,22.17,79.42,49.86,True,cpu_spike
2014-04-21 19:14:00,server-04,91.58,79.88,16.2,19.3,75.75,58.11,True,cpu_spike
2014-04-21 19:19:00,server-04,92.79,71.5,21.82,27.96,73.75,69.33,True,cpu_spike
2014-04-21 19:24:00,server-04,94.12,72.81,19.68,20.19,74.85,53.6,True,cpu_spike
2014-04-21 19:29:00,server-04,87.96,83.88,24.02,31.94,72.12,47.39,True,cpu_spike
2014-04-21 19:34:00,server-04,92.0,84.58,13.88,31.87,77.79,74.53,True,cpu_spike
2014-04-21 19:39:00,server-04,94.5,83.36,21.62,30.33,79.91,64.75,True,cpu_spike
2014-04-21 19:44:00,server-04,93.33,72.09,29.95,30.11,76.64,73.99,True,cpu_spike
2014-04-21 19:49:00,server-04,92.21,84.4,32.59,27.59,77.69,46.08,True,cpu_spike
2014-04-21 19:54:00,server-04,92.22,70.48,28.29,17.61,74.26,74.55,True,cpu_spike
2014-04-21 19:59:00,server-04,93.21,86.75,30.45,30.24,77.27,67.78,True,cpu_spike
2014-04-21 20:04:00,server-04,94.96,83.31,15.16,14.18,78.77,70.15,True,cpu_spike
2014-04-21 20:09:00,server-04,93.78,87.44,16.54,15.0,75.69,53.21,True,cpu_spike
2014-04-21 20:14:00,server-04,92.92,75.16,18.79,20.4,76.04,43.66,True,cpu_spike
2014-04-21 20:19:00,server-04,93.1,71.21,25.87,21.65,79.15,47.93,True,cpu_spike
2014-04-21 20:24:00,server-04,94.58,77.84,27.2,29.72,78.25,71.12,True,cpu_spike
2014-04-21 20:29:00,server-04,91.92,71.5,14.67,30.64,77.59,51.06,True,cpu_spike
2014-04-21 20:34:00,server-04,93.0,71.96,25.27,21.69,74.66,42.2,True,cpu_spike
2014-04-21 20:39:00,server-04,92.71,72.83,17.22,26.58,73.95,73.31,True,cpu_spike
2014-04-21 20:44:00,server-04,91.4,85.79,18.66,19.04,75.89,71.73,True,cpu_spike
2014-04-21 20:49:00,server-04,91.7,69.82,23.38,25.29,73.98,53.04,True,cpu_spike
2014-04-21 20:54:00,server-04,93.0,69.34,23.04,17.28,74.73,48.99,True,cpu_spike
2014-04-21 20:59:00,server-04,92.34,74.55,34.22,20.24,77.8,45.85,True,cpu_spike
2014-04-21 21:04:00,server-04,91.88,80.18,13.16,22.15,78.04,42.67,True,cpu_spike
2014-04-21 21:09:00,server-04,95.08,78.1,18.39,22.06,80.37,69.03,True,cpu_spike
2014-04-21 21:14:00,server-04,93.92,70.91,21.3,19.96,78.98,57.43,True,cpu_spike
2014-04-21 21:19:00,server-04,88.96,82.77,12.67,26.8,76.16,54.38,True,cpu_spike
2014-04-21 21:24:00,server-04,90.3,71.28,15.92,17.91,75.39,63.0,True,cpu_spike
2014-04-21 21:29:00,server-04,93.42,76.0,18.28,31.06,74.23,60.4,True,cpu_spike
2014-04-21 21:34:00,server-04,91.13,79.49,29.42,26.1,77.54,60.54,True,cpu_spike
2014-04-21 21:39:00,server-04,92.87,77.08,15.04,14.09,79.4,43.71,True,cpu_spike
2014-04-21 21:44:00,server-04,92.28,85.92,13.77,16.47,78.62,67.84,True,cpu_spike
2014-04-21 21:49:00,server-04,92.54,79.55,32.36,15.05,75.61,73.72,True,cpu_spike
2014-04-21 21:54:00,server-04,93.42,70.4,12.34,23.69,77.75,70.73,True,cpu_spike
2014-04-21 21:59:00,server-04,90.86,69.16,22.0,14.6,73.12,44.5,True,cpu_spike
2014-04-21 22:09:00,server-04,91.12,69.5,31.51,17.5,74.84,44.68,True,cpu_spike
2014-04-21 22:14:00,server-04,90.25,82.99,29.34,16.61,74.69,44.06,True,cpu_spike
2014-04-21 22:19:00,server-04,91.04,71.5,25.23,20.46,77.08,41.33,True,cpu_spike
2014-04-21 22:24:00,server-04,90.05,79.62,12.89,21.22,77.85,62.63,True,cpu_spike
2014-04-21 22:29:00,server-04,86.51,79.31,15.49,17.36,70.29,68.03,True,cpu_spike
2014-04-21 22:34:00,server-04,86.48,74.13,20.88,18.75,73.56,73.05,True,cpu_spike
2014-04-21 22:39:00,server-04,89.21,79.09,20.25,24.05,77.19,43.05,True,cpu_spike
2014-04-21 22:44:00,server-04,89.08,76.76,22.05,28.97,75.09,42.83,True,cpu_spike
2014-04-21 22:49:00,server-04,87.93,78.6,28.76,23.83,74.29,61.81,True,cpu_spike
2014-04-21 22:54:00,server-04,86.67,67.09,33.62,15.4,70.5,66.02,True,cpu_spike
2014-04-21 22:59:00,server-04,91.08,81.13,12.29,26.39,73.85,73.96,True,cpu_spike
2014-04-21 23:04:00,server-04,90.45,86.71,30.79,16.8,74.25,56.5,True,cpu_spike
2014-04-21 23:09:00,server-04,94.33,77.24,20.6,24.16,75.71,41.1,True,cpu_spike
2014-04-21 23:14:00,server-04,89.71,82.83,33.41,19.21,72.78,55.74,True,cpu_spike
2014-04-21 23:19:00,server-04,87.96,77.64,32.43,13.14,72.7,73.78,True,cpu_spike
2014-04-21 23:24:00,server-04,92.46,77.59,30.31,29.92,73.9,54.62,True,cpu_spike
2014-04-21 23:29:00,server-04,91.29,85.92,15.32,24.48,77.66,71.07,True,cpu_spike
2014-04-21 23:34:00,server-04,90.33,82.22,23.58,28.21,77.5,50.65,True,cpu_spike
2014-04-21 23:39:00,server-04,88.17,84.8,33.98,14.37,73.23,69.75,True,cpu_spike
2014-04-21 23:44:00,server-04,89.41,83.74,33.66,24.24,73.45,53.34,True,cpu_spike
2014-04-21 23:49:00,server-04,90.55,73.9,31.38,20.21,74.41,55.44,True,cpu_spike
2014-04-21 23:54:00,server-04,89.83,77.66,26.79,18.22,74.98,67.23,True,cpu_spike
2014-04-21 23:59:00,server-04,88.46,69.33,12.27,13.78,74.97,49.11,True,cpu_spike
2014-04-22 00:04:00,server-04,87.37,83.99,30.75,24.03,75.57,40.29,True,cpu_spike
2014-04-22 00:09:00,server-04,93.83,87.1,31.13,30.72,75.45,45.71,True,cpu_spike
2014-04-22 00:14:00,server-04,91.12,71.4,34.21,28.28,78.48,72.36,True,cpu_spike
2014-04-22 00:19:00,server-04,90.16,66.72,16.85,30.83,73.73,74.03,True,cpu_spike
2014-04-22 00:24:00,server-04,89.17,81.67,22.65,29.14,72.71,67.75,True,cpu_spike
2014-04-22 00:29:00,server-04,88.05,65.95,31.7,13.13,75.04,56.27,True,cpu_spike
2014-04-22 00:34:00,server-04,87.81,65.59,18.67,24.96,75.32,53.04,True,cpu_spike
2014-04-22 00:39:00,server-04,89.46,73.54,23.34,26.22,74.47,45.71,True,cpu_spike
2014-04-22 00:44:00,server-04,87.6,72.35,30.61,18.74,73.46,54.57,True,cpu_spike
2014-04-22 00:49:00,server-04,87.46,67.03,18.78,30.24,71.38,50.89,True,cpu_spike
2014-04-22 00:54:00,server-04,88.92,75.24,25.63,31.8,72.56,62.71,True,cpu_spike
2014-04-22 00:59:00,server-04,87.08,74.27,12.64,14.41,73.33,45.49,True,cpu_spike
2014-04-22 01:04:00,server-04,88.15,84.0,17.15,24.53,76.61,63.96,True,cpu_spike
2014-04-22 01:09:00,server-04,93.7,79.95,23.89,23.7,79.84,55.21,True,cpu_spike
2014-04-22 01:14:00,server-04,85.08,72.64,20.22,15.8,75.49,74.24,True,cpu_spike
2014-04-22 01:19:00,server-04,85.96,74.09,12.74,18.38,72.54,64.1,True,cpu_spike
2014-04-22 01:24:00,server-04,88.62,83.12,16.75,17.81,76.83,40.27,True,cpu_spike
2014-04-22 01:29:00,server-04,88.08,71.83,26.36,17.02,74.92,56.45,True,cpu_spike
2014-04-22 01:34:00,server-04,87.21,67.78,23.46,24.48,73.63,69.7,True,cpu_spike
2014-04-22 01:39:00,server-04,88.38,84.14,20.86,31.99,75.8,73.93,True,cpu_spike
2014-04-22 01:44:00,server-04,90.29,72.98,24.46,18.16,74.35,62.74,True,cpu_spike
2014-04-22 01:49:00,server-04,89.79,84.48,21.66,30.3,77.01,61.09,True,cpu_spike
2014-04-22 01:54:00,server-04,91.9,77.71,28.52,22.72,78.77,72.39,True,cpu_spike
2014-04-22 01:59:00,server-04,90.5,70.91,23.38,31.73,74.49,69.77,True,cpu_spike
2014-04-22 02:04:00,server-04,87.29,80.46,30.04,18.53,76.49,46.1,True,cpu_spike
2014-04-22 02:09:00,server-04,92.05,75.26,27.37,30.63,74.88,66.82,True,cpu_spike
2014-04-22 02:14:00,server-04,90.66,75.58,15.59,13.91,74.78,45.39,True,cpu_spike
2014-04-22 02:19:00,server-04,89.76,79.29,17.21,26.58,73.82,45.41,True,cpu_spike
2014-04-22 02:24:00,server-04,89.0,66.69,25.0,13.88,71.98,57.46,True,cpu_spike
2014-04-22 02:34:00,server-04,88.5,67.72,26.48,26.48,73.71,62.06,True,cpu_spike
2014-04-22 02:39:00,server-04,86.75,72.51,32.48,25.04,74.81,60.07,True,cpu_spike
2014-04-22 02:44:00,server-04,86.46,75.98,19.86,21.55,73.04,72.17,True,cpu_spike
2014-04-22 02:49:00,server-04,88.21,80.45,20.76,23.65,75.88,66.26,True,cpu_spike
2014-04-22 02:54:00,server-04,86.25,72.28,33.62,13.37,74.75,70.85,True,cpu_spike
2014-04-22 02:59:00,server-04,87.35,72.64,17.5,15.62,72.66,42.46,True,cpu_spike
2014-04-22 03:04:00,server-04,87.58,75.67,15.1,19.16,73.61,60.25,True,cpu_spike
2014-04-22 03:09:00,server-04,89.21,70.75,32.2,30.38,77.32,41.67,True,cpu_spike
2014-04-22 03:24:00,server-04,88.42,82.01,29.04,18.41,75.17,56.3,True,cpu_spike
2014-04-22 03:29:00,server-04,91.95,83.9,30.72,16.09,77.91,41.54,True,cpu_spike
2014-04-22 03:34:00,server-04,94.75,81.74,20.03,17.07,75.42,70.32,True,cpu_spike
2014-04-22 03:39:00,server-04,95.46,84.51,20.68,27.36,80.14,43.71,True,cpu_spike
2014-04-22 03:44:00,server-04,93.96,84.26,29.02,26.1,76.85,65.89,True,cpu_spike
2014-04-22 03:49:00,server-04,92.71,79.29,22.65,27.97,75.72,60.16,True,cpu_spike
2014-04-22 03:54:00,server-04,94.37,75.16,31.88,21.51,77.49,65.91,True,cpu_spike
2014-04-22 03:59:00,server-04,94.43,73.07,14.94,16.74,77.0,69.16,True,cpu_spike
2014-04-22 04:04:00,server-04,96.17,83.37,14.36,21.94,77.22,46.14,True,cpu_spike
2014-04-22 04:09:00,server-04,93.04,88.0,29.38,21.23,73.52,46.85,True,cpu_spike
2014-04-22 04:14:00,server-04,89.04,67.61,26.58,18.91,75.04,72.03,True,cpu_spike
2014-04-22 04:19:00,server-04,89.63,68.22,30.54,25.82,77.15,54.5,True,cpu_spike
2014-04-22 04:24:00,server-04,89.54,67.61,33.95,14.77,74.66,73.84,True,cpu_spike
2014-04-22 04:29:00,server-04,89.5,83.21,14.36,25.89,72.48,40.81,True,cpu_spike
2014-04-22 04:39:00,server-04,94.54,73.23,17.9,26.49,78.66,42.22,True,cpu_spike
2014-04-22 04:44:00,server-04,95.21,75.3,20.52,25.52,77.61,58.74,True,cpu_spike
2014-04-22 04:49:00,server-04,93.75,80.55,19.09,24.68,79.67,56.25,True,cpu_spike
2014-04-22 04:54:00,server-04,92.54,74.09,26.96,24.55,75.35,66.39,True,cpu_spike
2014-04-22 04:59:00,server-04,94.75,84.93,22.95,21.43,77.48,57.71,True,cpu_spike
2014-04-22 05:04:00,server-04,95.0,73.26,24.61,21.85,78.68,60.17,True,cpu_spike
2014-04-22 05:09:00,server-04,95.75,86.93,21.24,16.14,76.06,74.14,True,cpu_spike
2014-04-22 05:14:00,server-04,92.24,77.76,31.8,14.38,76.54,70.68,True,cpu_spike
2014-04-22 05:19:00,server-04,95.0,84.33,22.96,14.06,75.44,47.21,True,cpu_spike
2014-04-22 05:24:00,server-04,96.59,90.73,24.29,17.91,78.55,63.96,True,cpu_spike
2014-04-22 05:29:00,server-04,93.38,78.52,22.41,21.95,77.12,58.44,True,cpu_spike
2014-04-22 05:34:00,server-04,94.42,79.98,21.27,17.77,77.44,66.41,True,cpu_spike
2014-04-22 05:39:00,server-04,96.04,83.57,24.8,18.13,77.69,62.03,True,cpu_spike
2014-04-22 05:44:00,server-04,90.92,68.61,24.28,27.54,78.1,42.98,True,cpu_spike
2014-04-22 05:49:00,server-04,88.83,69.78,23.15,25.92,73.4,69.28,True,cpu_spike
2014-04-22 05:54:00,server-04,88.08,66.6,30.31,28.76,74.69,40.03,True,cpu_spike
2014-04-22 05:59:00,server-04,86.28,76.14,31.26,31.88,74.58,44.91,True,cpu_spike
2014-04-22 06:04:00,server-04,89.92,72.95,31.07,15.0,72.67,53.54,True,cpu_spike
2014-04-22 06:09:00,server-04,92.21,74.11,25.89,30.06,73.62,45.65,True,cpu_spike
2014-04-22 06:14:00,server-04,92.0,79.47,24.55,26.24,73.45,66.62,True,cpu_spike
2014-04-22 06:19:00,server-04,92.04,80.21,23.54,30.0,78.11,66.16,True,cpu_spike
2014-04-22 06:24:00,server-04,88.68,67.39,26.29,28.73,72.06,72.05,True,cpu_spike
2014-04-22 06:29:00,server-04,95.13,79.79,19.51,25.64,79.41,73.68,True,cpu_spike
2014-04-22 06:34:00,server-04,92.46,87.68,29.05,18.49,73.55,65.05,True,cpu_spike
2014-04-22 06:39:00,server-04,94.08,71.28,21.42,29.4,79.66,44.04,True,cpu_spike
2014-04-22 06:44:00,server-04,94.75,82.77,17.42,22.96,80.09,64.75,True,cpu_spike
2014-04-22 06:49:00,server-04,93.37,79.34,25.87,31.33,76.03,58.61,True,cpu_spike
2014-04-22 06:54:00,server-04,95.96,87.21,23.77,24.51,79.7,46.88,True,cpu_spike
2014-04-22 06:59:00,server-04,95.38,83.85,23.33,18.89,78.84,47.41,True,cpu_spike
2014-04-22 07:04:00,server-04,94.62,72.96,29.07,30.39,78.7,52.85,True,cpu_spike
2014-04-22 07:09:00,server-04,93.92,79.17,30.41,17.59,74.05,62.2,True,cpu_spike
2014-04-22 07:14:00,server-04,95.72,89.78,33.48,25.95,77.52,47.1,True,cpu_spike
2014-04-22 07:19:00,server-04,94.01,71.41,19.87,20.93,75.17,71.98,True,cpu_spike
2014-04-22 07:24:00,server-04,95.46,76.97,12.21,19.34,75.19,53.1,True,cpu_spike
2014-04-22 07:29:00,server-04,93.91,70.72,17.26,31.4,78.43,70.96,True,cpu_spike
2014-04-22 07:34:00,server-04,95.53,87.65,22.47,27.65,75.48,56.33,True,cpu_spike
2014-04-22 07:39:00,server-04,94.21,76.34,20.69,16.73,78.98,62.62,True,cpu_spike
2014-04-22 07:44:00,server-04,92.64,79.0,23.2,30.51,76.4,59.88,True,cpu_spike
2014-04-22 07:49:00,server-04,95.46,76.94,30.44,27.26,76.02,48.15,True,cpu_spike
2014-04-22 07:54:00,server-04,91.46,81.36,30.63,15.47,74.29,62.15,True,cpu_spike
2014-04-22 07:59:00,server-04,95.88,82.78,15.86,30.13,80.19,69.18,True,cpu_spike
2014-04-22 08:04:00,server-04,94.54,88.31,17.2,27.82,75.06,74.11,True,cpu_spike
2014-04-22 08:09:00,server-04,92.08,85.04,34.98,30.55,78.07,41.67,True,cpu_spike
2014-04-22 08:14:00,server-04,93.69,86.19,17.17,17.59,75.17,42.83,True,cpu_spike
2014-04-22 08:19:00,server-04,93.83,81.9,25.55,21.53,77.79,69.19,True,cpu_spike
2014-04-22 08:24:00,server-04,94.5,89.81,19.81,22.23,80.02,63.35,True,cpu_spike
2014-04-22 08:29:00,server-04,92.29,72.12,21.49,20.26,78.74,45.25,True,cpu_spike
2014-04-22 08:34:00,server-04,95.92,79.57,16.05,22.28,77.65,58.98,True,cpu_spike
2014-04-22 08:39:00,server-04,96.04,88.0,17.73,17.23,77.59,56.94,True,cpu_spike
2014-04-22 08:44:00,server-04,95.58,81.01,15.26,16.87,77.25,59.75,True,cpu_spike
2014-04-22 08:49:00,server-04,96.5,76.04,32.18,28.79,76.4,65.12,True,cpu_spike
2014-04-22 08:54:00,server-04,94.71,75.74,29.07,27.81,78.35,63.17,True,cpu_spike
2014-04-22 08:59:00,server-04,94.17,78.92,28.14,23.33,77.88,52.66,True,cpu_spike
2014-04-22 09:04:00,server-04,88.38,67.09,24.64,25.71,73.57,49.72,True,cpu_spike
2014-04-22 09:09:00,server-04,92.62,82.65,23.93,22.04,73.48,65.9,True,cpu_spike
2014-04-22 09:14:00,server-04,93.0,86.84,29.93,29.73,77.87,55.16,True,cpu_spike
2014-04-22 09:19:00,server-04,94.33,72.73,33.63,15.82,78.06,52.18,True,cpu_spike
2014-04-22 09:24:00,server-04,91.58,70.82,13.39,18.09,78.13,69.81,True,cpu_spike
2014-04-22 09:29:00,server-04,92.58,71.51,28.51,20.15,78.13,64.39,True,cpu_spike
2014-04-22 09:34:00,server-04,93.24,83.52,15.4,29.47,76.63,52.8,True,cpu_spike
2014-04-22 09:39:00,server-04,93.83,71.04,33.94,15.47,74.77,50.11,True,cpu_spike
2014-04-22 09:44:00,server-04,93.67,71.91,15.3,17.04,73.97,63.26,True,cpu_spike
2014-04-22 09:49:00,server-04,93.13,86.3,31.28,17.75,73.85,58.73,True,cpu_spike
2014-04-22 09:54:00,server-04,94.71,72.66,17.4,17.32,79.04,63.46,True,cpu_spike
2014-04-22 09:59:00,server-04,92.37,84.04,19.71,31.22,77.4,40.13,True,cpu_spike
2014-04-22 10:04:00,server-04,91.54,72.89,20.85,25.45,76.4,54.55,True,cpu_spike
2014-04-22 10:09:00,server-04,96.79,79.73,19.83,30.18,79.6,52.21,True,cpu_spike
2014-04-22 10:14:00,server-04,91.79,82.39,22.82,14.52,76.87,45.81,True,cpu_spike
2014-04-22 10:19:00,server-04,93.58,89.22,23.72,19.71,77.24,71.1,True,cpu_spike
2014-04-22 10:24:00,server-04,94.61,75.66,24.16,26.82,79.01,64.28,True,cpu_spike
2014-04-22 10:29:00,server-04,94.28,78.76,23.45,31.89,74.86,61.03,True,cpu_spike
2014-04-22 10:34:00,server-04,91.25,67.65,24.29,18.35,75.98,67.19,True,cpu_spike
2014-04-22 10:39:00,server-04,93.75,81.35,12.39,25.5,79.16,46.48,True,cpu_spike
2014-04-22 10:44:00,server-04,92.92,69.53,27.53,31.35,76.87,62.85,True,cpu_spike
2014-04-22 10:49:00,server-04,94.54,82.51,17.61,20.16,80.18,40.14,True,cpu_spike
2014-04-22 10:54:00,server-04,90.63,79.06,14.19,31.36,76.1,46.46,True,cpu_spike
2014-04-22 10:59:00,server-04,91.29,71.14,24.16,16.1,74.78,59.61,True,cpu_spike
2014-04-22 11:04:00,server-04,94.96,71.24,20.25,27.16,79.07,67.34,True,cpu_spike
2014-04-22 11:09:00,server-04,97.87,77.52,33.62,14.4,81.77,59.35,True,cpu_spike
2014-04-22 11:14:00,server-04,95.91,74.25,17.74,22.86,79.37,51.16,True,cpu_spike
2014-04-22 11:19:00,server-04,94.47,90.06,28.18,31.96,77.61,54.71,True,cpu_spike
2014-04-22 11:24:00,server-04,96.12,86.29,26.19,26.51,76.02,48.07,True,cpu_spike
2014-04-22 11:29:00,server-04,96.42,90.29,30.47,23.97,79.28,53.9,True,cpu_spike
2014-04-22 11:34:00,server-04,95.89,77.11,13.31,13.1,77.31,58.06,True,cpu_spike
2014-04-22 11:39:00,server-04,96.67,78.24,20.26,15.74,80.06,62.54,True,cpu_spike
2014-04-22 11:44:00,server-04,96.29,75.02,13.26,20.96,80.73,68.03,True,cpu_spike
2014-04-22 11:49:00,server-04,91.41,74.03,31.7,27.07,72.98,43.91,True,cpu_spike
2014-04-22 11:54:00,server-04,91.49,79.03,14.35,19.08,76.34,70.78,True,cpu_spike
2014-04-22 11:59:00,server-04,96.66,79.13,13.24,28.84,81.02,52.27,True,cpu_spike
2014-04-22 12:04:00,server-04,95.0,72.63,22.31,30.62,75.41,56.93,True,cpu_spike
2014-04-22 12:09:00,server-04,97.0,91.14,12.03,15.17,81.06,54.86,True,cpu_spike
2014-04-22 12:14:00,server-04,96.62,80.48,29.72,31.88,76.12,60.94,True,cpu_spike
2014-04-22 12:19:00,server-04,96.17,81.58,28.98,18.71,78.04,60.46,True,cpu_spike
2014-04-22 12:24:00,server-04,95.29,76.98,30.64,15.61,77.89,71.69,True,cpu_spike
2014-04-22 12:29:00,server-04,96.38,76.63,15.81,26.9,76.02,59.08,True,cpu_spike
2014-04-22 12:34:00,server-04,93.67,77.71,29.87,29.11,77.92,60.53,True,cpu_spike
2014-04-22 12:39:00,server-04,92.81,77.48,14.99,22.08,75.65,74.43,True,cpu_spike
2014-04-22 12:44:00,server-04,95.36,78.98,17.17,20.3,75.56,64.48,True,cpu_spike
2014-04-22 12:49:00,server-04,95.19,87.72,14.65,15.6,80.26,73.97,True,cpu_spike
2014-04-22 12:54:00,server-04,95.25,72.76,15.51,28.64,78.76,58.29,True,cpu_spike
2014-04-22 12:59:00,server-04,89.75,78.76,15.57,27.47,73.06,65.91,True,cpu_spike
2014-04-22 13:04:00,server-04,95.97,80.66,29.18,21.82,79.54,44.3,True,cpu_spike
2014-04-22 13:09:00,server-04,96.99,78.04,14.93,18.5,78.69,46.54,True,cpu_spike
2014-04-22 13:14:00,server-04,97.08,89.38,33.73,31.12,78.63,48.39,True,cpu_spike
2014-04-22 13:19:00,server-04,95.58,87.64,20.03,26.76,75.28,58.99,True,cpu_spike
2014-04-22 13:24:00,server-04,95.79,71.6,29.86,22.04,76.43,70.74,True,cpu_spike
2014-04-22 13:29:00,server-04,95.17,81.33,29.06,19.88,77.96,46.12,True,cpu_spike
2014-04-22 13:34:00,server-04,94.33,74.75,18.65,20.99,79.68,46.0,True,cpu_spike
2014-04-22 13:39:00,server-04,91.84,73.14,13.72,24.72,73.12,70.52,True,cpu_spike
2014-04-22 13:44:00,server-04,96.17,84.88,13.63,29.51,76.51,59.9,True,cpu_spike
2014-04-22 13:49:00,server-04,95.64,73.0,17.12,25.12,80.18,62.82,True,cpu_spike
2014-04-22 13:54:00,server-04,95.96,85.45,32.83,25.69,79.14,41.48,True,cpu_spike
2014-04-22 13:59:00,server-04,95.54,81.05,26.55,15.9,77.81,52.1,True,cpu_spike
2014-04-22 14:04:00,server-04,92.46,81.62,22.61,16.25,77.03,42.66,True,cpu_spike
2014-04-22 14:09:00,server-04,97.71,88.88,23.45,18.83,77.21,41.18,True,cpu_spike
2014-04-22 14:14:00,server-04,94.42,89.97,34.21,27.34,79.2,54.13,True,cpu_spike
2014-04-22 14:19:00,server-04,93.33,87.45,15.91,21.31,77.19,73.44,True,cpu_spike
2014-04-22 14:24:00,server-04,91.79,78.29,34.33,24.83,78.46,58.2,True,cpu_spike
2014-04-22 14:29:00,server-04,89.92,74.66,20.64,26.12,72.71,53.61,True,cpu_spike
2014-04-22 14:34:00,server-04,88.92,73.82,17.71,19.42,75.32,67.18,True,cpu_spike
2014-04-22 14:39:00,server-04,93.46,74.12,32.17,22.96,74.11,56.53,True,cpu_spike
2014-04-22 14:44:00,server-04,92.11,74.19,31.89,21.21,76.6,72.71,True,cpu_spike
2014-04-22 14:49:00,server-04,90.28,80.79,34.48,16.99,73.7,59.27,True,cpu_spike
2014-04-22 14:54:00,server-04,92.5,85.13,22.88,26.71,78.31,56.63,True,cpu_spike
2014-04-22 14:59:00,server-04,91.17,80.49,26.31,23.55,72.87,53.22,True,cpu_spike
2014-04-22 15:04:00,server-04,92.05,69.31,27.06,20.18,78.13,62.8,True,cpu_spike
2014-04-22 15:09:00,server-04,93.42,86.09,24.75,19.73,76.61,53.61,True,cpu_spike
2014-04-22 15:14:00,server-04,89.08,73.56,32.32,16.99,72.59,46.83,True,cpu_spike
2014-04-22 15:19:00,server-04,93.0,86.32,24.71,14.45,73.77,73.67,True,cpu_spike
2014-04-22 15:24:00,server-04,91.67,74.87,34.93,23.85,77.83,72.82,True,cpu_spike
2014-04-22 15:29:00,server-04,89.5,73.47,18.29,29.99,75.75,41.85,True,cpu_spike
2014-04-22 15:34:00,server-04,89.55,83.9,19.27,26.33,75.85,40.87,True,cpu_spike
2014-04-22 15:39:00,server-04,91.67,77.53,19.8,19.14,76.14,56.89,True,cpu_spike
2014-04-22 15:44:00,server-04,93.28,72.29,18.58,20.67,77.3,44.1,True,cpu_spike
2014-04-22 15:49:00,server-04,95.97,77.77,18.42,20.79,80.48,62.82,True,cpu_spike
2014-04-22 15:54:00,server-04,93.95,88.84,34.49,21.86,76.38,63.64,True,cpu_spike
2014-04-22 15:59:00,server-04,95.38,90.99,14.47,30.45,75.79,49.14,True,cpu_spike
2014-04-22 16:04:00,server-04,92.62,83.53,26.92,20.7,77.86,66.13,True,cpu_spike
2014-04-22 16:09:00,server-04,94.46,83.31,14.08,29.56,75.86,56.17,True,cpu_spike
2014-04-22 16:14:00,server-04,95.57,78.38,24.2,24.5,79.49,48.06,True,cpu_spike
2014-04-22 16:19:00,server-04,94.71,88.1,20.86,27.97,75.57,66.49,True,cpu_spike
2014-04-22 16:24:00,server-04,95.63,89.41,34.67,22.75,79.74,69.42,True,cpu_spike
2014-04-22 16:29:00,server-04,93.51,79.85,24.56,15.32,75.99,74.12,True,cpu_spike
2014-04-22 16:34:00,server-04,92.56,80.26,14.41,23.67,75.84,48.87,True,cpu_spike
2014-04-22 16:39:00,server-04,92.88,69.41,32.38,28.82,77.67,65.72,True,cpu_spike
2014-04-22 16:44:00,server-04,94.16,73.6,30.89,22.98,76.9,60.67,True,cpu_spike
2014-04-22 16:49:00,server-04,93.02,72.35,30.49,25.41,78.83,58.63,True,cpu_spike
2014-04-22 16:54:00,server-04,92.29,84.12,16.72,13.39,77.43,73.81,True,cpu_spike
2014-04-22 16:59:00,server-04,87.87,68.2,13.92,30.88,72.03,61.44,True,cpu_spike
2014-04-22 17:04:00,server-04,90.17,81.79,32.77,16.84,78.07,60.48,True,cpu_spike
2014-04-22 17:09:00,server-04,91.83,86.69,25.7,26.54,73.29,71.11,True,cpu_spike
2014-04-22 17:14:00,server-04,89.13,82.84,20.09,27.27,72.54,57.38,True,cpu_spike
2014-04-22 17:24:00,server-04,85.96,64.89,33.23,30.47,73.19,67.12,True,cpu_spike
2014-04-22 17:34:00,server-04,89.79,78.12,21.38,19.01,73.93,71.71,True,cpu_spike
2014-04-22 17:39:00,server-04,91.94,81.16,16.61,27.43,75.1,55.36,True,cpu_spike
2014-04-22 17:44:00,server-04,88.83,67.66,18.69,14.46,75.47,59.94,True,cpu_spike
2014-04-22 17:49:00,server-04,91.29,72.63,17.78,19.86,78.24,54.52,True,cpu_spike
2014-04-22 17:54:00,server-04,91.88,77.2,16.92,28.79,73.53,64.22,True,cpu_spike
2014-04-22 17:59:00,server-04,91.67,69.99,27.54,31.75,75.95,53.47,True,cpu_spike
2014-04-22 18:04:00,server-04,92.67,78.15,16.37,19.55,75.77,57.44,True,cpu_spike
2014-04-22 18:09:00,server-04,96.29,81.28,33.57,24.4,76.22,72.35,True,cpu_spike
2014-04-22 18:14:00,server-04,88.46,67.86,13.27,31.79,72.77,71.26,True,cpu_spike
2014-04-22 18:19:00,server-04,90.29,81.73,27.68,21.26,73.18,43.07,True,cpu_spike
2014-04-22 18:24:00,server-04,92.04,72.46,15.28,18.86,76.73,43.49,True,cpu_spike
2014-04-22 18:29:00,server-04,93.5,72.68,22.4,29.97,74.05,61.48,True,cpu_spike
2014-04-22 18:34:00,server-04,92.04,81.06,13.54,15.65,78.48,49.88,True,cpu_spike
2014-04-22 18:39:00,server-04,91.54,83.21,34.72,19.62,73.33,66.1,True,cpu_spike
2014-04-22 18:44:00,server-04,91.82,70.73,22.86,17.73,74.31,57.74,True,cpu_spike
2014-04-22 18:49:00,server-04,92.48,75.28,16.65,24.62,75.29,48.84,True,cpu_spike
2014-04-22 18:54:00,server-04,92.58,84.57,20.75,29.55,74.48,64.71,True,cpu_spike
2014-04-22 18:59:00,server-04,90.33,77.33,28.12,27.97,73.81,73.47,True,cpu_spike
2014-04-22 19:04:00,server-04,89.87,72.69,26.86,25.17,75.61,46.95,True,cpu_spike
2014-04-22 19:09:00,server-04,92.95,80.37,32.89,27.16,74.18,70.16,True,cpu_spike
2014-04-22 19:14:00,server-04,92.27,78.57,13.47,31.83,73.14,57.56,True,cpu_spike
2014-04-22 19:19:00,server-04,91.44,83.82,17.84,26.03,76.26,49.63,True,cpu_spike
2014-04-22 19:24:00,server-04,92.25,71.65,21.8,20.28,74.48,56.3,True,cpu_spike
2014-04-22 19:29:00,server-04,91.79,71.83,18.03,23.31,76.9,60.61,True,cpu_spike
2014-04-22 19:34:00,server-04,90.62,75.19,16.17,28.89,77.7,74.56,True,cpu_spike
2014-04-22 19:39:00,server-04,92.95,82.3,17.22,22.37,77.3,69.93,True,cpu_spike
2014-04-22 19:44:00,server-04,89.17,69.86,21.34,14.56,76.52,73.52,True,cpu_spike
2014-04-22 19:49:00,server-04,90.37,76.2,29.15,20.05,74.72,58.9,True,cpu_spike
2014-04-22 19:54:00,server-04,93.13,70.24,33.55,15.93,78.0,43.11,True,cpu_spike
2014-04-22 19:59:00,server-04,89.27,81.63,31.32,18.05,77.56,70.09,True,cpu_spike
2014-04-22 20:04:00,server-04,90.54,86.57,25.39,27.1,72.39,48.99,True,cpu_spike
2014-04-22 20:09:00,server-04,93.5,81.63,24.67,28.62,74.9,67.58,True,cpu_spike
2014-04-22 20:14:00,server-04,92.17,76.34,14.01,28.22,74.93,69.17,True,cpu_spike
2014-04-22 20:19:00,server-04,92.53,83.75,33.77,16.14,78.2,74.62,True,cpu_spike
2014-04-22 20:24:00,server-04,91.2,72.54,15.7,14.69,74.31,49.27,True,cpu_spike
2014-04-22 20:29:00,server-04,91.17,83.82,26.06,22.66,75.48,69.76,True,cpu_spike
2014-04-22 20:34:00,server-04,91.83,70.86,14.88,14.84,76.35,42.35,True,cpu_spike
2014-04-22 20:39:00,server-04,87.33,82.69,22.72,27.14,70.85,42.53,True,cpu_spike
2014-04-22 20:44:00,server-04,91.58,70.04,15.16,16.51,73.61,73.66,True,cpu_spike
2014-04-22 20:49:00,server-04,91.57,83.5,26.23,13.28,74.37,66.19,True,cpu_spike
2014-04-22 20:54:00,server-04,89.46,73.37,19.92,31.29,77.7,66.49,True,cpu_spike
2014-04-22 20:59:00,server-04,93.88,83.99,18.18,28.7,79.53,44.39,True,cpu_spike
2014-04-22 21:04:00,server-04,90.0,68.06,23.33,18.32,74.97,68.12,True,cpu_spike
2014-04-22 21:09:00,server-04,94.96,79.27,26.09,27.41,76.32,41.53,True,cpu_spike
2014-04-22 21:14:00,server-04,90.08,85.66,23.48,21.22,78.03,66.77,True,cpu_spike
2014-04-22 21:19:00,server-04,91.78,83.57,14.53,14.86,75.17,65.49,True,cpu_spike
2014-04-22 21:24:00,server-04,91.84,69.68,20.71,17.0,73.1,59.44,True,cpu_spike
2014-04-22 21:34:00,server-04,88.5,79.83,26.0,21.62,74.65,45.39,True,cpu_spike
2014-04-22 21:39:00,server-04,91.54,73.81,17.01,20.78,73.91,64.99,True,cpu_spike
2014-04-22 21:44:00,server-04,91.29,72.83,29.67,13.02,74.17,49.63,True,cpu_spike
2014-04-22 21:49:00,server-04,92.37,72.32,30.97,28.69,74.55,55.48,True,cpu_spike
2014-04-22 21:54:00,server-04,91.21,83.59,30.86,24.1,76.9,72.32,True,cpu_spike
2014-04-22 21:59:00,server-04,87.92,73.08,14.82,25.53,72.86,67.87,True,cpu_spike
2014-04-22 22:04:00,server-04,91.71,87.14,25.35,24.93,73.19,55.13,True,cpu_spike
2014-04-22 22:09:00,server-04,94.87,77.57,24.09,19.31,78.07,55.27,True,cpu_spike
2014-04-22 22:14:00,server-04,89.83,75.72,25.33,17.94,72.59,56.54,True,cpu_spike
2014-04-22 22:19:00,server-04,91.25,83.11,26.92,26.43,77.52,70.97,True,cpu_spike
2014-04-22 22:24:00,server-04,92.25,70.79,20.25,19.37,75.85,51.51,True,cpu_spike
2014-04-22 22:29:00,server-04,91.71,77.05,17.86,26.54,72.9,57.27,True,cpu_spike
2014-04-22 22:34:00,server-04,90.42,80.07,24.86,16.49,73.08,43.95,True,cpu_spike
2014-04-22 22:39:00,server-04,93.13,79.51,22.48,15.47,77.53,59.96,True,cpu_spike
2014-04-22 22:44:00,server-04,90.17,70.12,25.52,26.07,72.18,71.18,True,cpu_spike
2014-04-22 22:49:00,server-04,90.08,83.99,26.85,13.83,76.59,57.93,True,cpu_spike
2014-04-22 22:54:00,server-04,92.88,77.82,30.26,30.98,76.87,46.23,True,cpu_spike
2014-04-22 22:59:00,server-04,91.04,79.14,34.27,18.97,75.6,61.93,True,cpu_spike
2014-04-22 23:04:00,server-04,92.32,78.7,27.42,25.17,77.97,58.27,True,cpu_spike
2014-04-22 23:09:00,server-04,95.95,84.63,19.37,23.33,79.24,59.14,True,cpu_spike
2014-04-22 23:14:00,server-04,93.13,76.83,23.91,24.15,78.94,45.25,True,cpu_spike
2014-04-22 23:19:00,server-04,92.05,87.16,22.1,22.81,77.89,63.29,True,cpu_spike
2014-04-22 23:24:00,server-04,90.88,73.46,32.92,26.39,73.93,52.17,True,cpu_spike
2014-04-22 23:29:00,server-04,91.42,84.6,29.38,14.05,74.89,56.72,True,cpu_spike
2014-04-22 23:34:00,server-04,90.79,80.1,13.76,16.91,78.07,62.46,True,cpu_spike
2014-04-22 23:39:00,server-04,93.42,79.9,33.11,16.13,74.15,53.57,True,cpu_spike
2014-04-22 23:44:00,server-04,91.0,67.78,18.16,16.97,77.9,43.33,True,cpu_spike
2014-04-22 23:49:00,server-04,94.96,84.41,28.43,13.96,75.65,58.47,True,cpu_spike
2014-04-22 23:54:00,server-04,93.21,86.5,21.04,13.87,75.93,67.0,True,cpu_spike
2014-04-22 23:59:00,server-04,91.46,80.8,20.72,25.38,77.53,51.89,True,cpu_spike
2014-04-23 00:04:00,server-04,93.38,85.55,24.75,17.92,74.9,66.84,True,cpu_spike
2014-04-23 00:09:00,server-04,94.04,70.4,31.18,18.83,76.44,71.22,True,cpu_spike
2014-04-23 00:14:00,server-04,91.42,70.46,17.57,27.32,74.91,43.84,True,cpu_spike
2014-04-23 00:19:00,server-04,89.89,68.98,22.03,27.46,72.85,70.17,True,cpu_spike
2014-04-23 00:24:00,server-04,91.08,79.06,28.35,24.06,74.66,42.03,True,cpu_spike
2014-04-23 00:29:00,server-04,90.08,80.44,20.35,17.86,77.43,52.37,True,cpu_spike
2014-04-23 00:34:00,server-04,88.88,78.14,28.22,15.5,75.9,60.07,True,cpu_spike
2014-04-23 00:39:00,server-04,88.88,74.8,32.13,20.37,75.15,50.89,True,cpu_spike
2014-04-23 00:44:00,server-04,92.37,78.62,15.25,19.87,79.16,71.52,True,cpu_spike
2014-04-23 00:49:00,server-04,88.58,81.27,30.07,21.92,76.6,68.77,True,cpu_spike
2014-04-23 00:54:00,server-04,89.67,79.5,17.34,25.23,75.88,73.48,True,cpu_spike
2014-04-23 00:59:00,server-04,94.5,79.77,15.5,28.54,79.92,59.8,True,cpu_spike
2014-04-23 01:04:00,server-04,92.04,69.48,14.04,30.25,74.11,45.23,True,cpu_spike
2014-04-23 01:09:00,server-04,95.08,73.24,31.36,13.6,79.36,66.24,True,cpu_spike
2014-04-23 01:14:00,server-04,93.46,75.87,29.81,31.17,78.38,70.91,True,cpu_spike
2014-04-23 01:19:00,server-04,95.08,90.19,26.96,21.15,80.42,69.53,True,cpu_spike
2014-04-23 01:24:00,server-04,93.17,85.28,19.29,13.88,77.11,48.47,True,cpu_spike
2014-04-23 01:29:00,server-04,94.08,88.69,27.11,21.77,76.05,61.98,True,cpu_spike
2014-04-23 01:34:00,server-04,92.79,73.5,14.77,31.92,74.39,55.53,True,cpu_spike
2014-04-23 01:39:00,server-04,91.5,72.45,34.82,16.17,78.23,72.2,True,cpu_spike
2014-04-23 01:44:00,server-04,95.04,81.95,15.78,19.19,75.63,42.38,True,cpu_spike
2014-04-23 01:49:00,server-04,95.92,77.26,33.74,20.21,77.05,74.13,True,cpu_spike
2014-04-23 01:54:00,server-04,93.04,84.53,19.49,15.96,74.69,46.0,True,cpu_spike
2014-04-23 01:59:00,server-04,92.75,83.56,20.4,27.63,79.22,43.7,True,cpu_spike
2014-04-23 02:04:00,server-04,92.63,74.33,28.07,23.96,74.36,41.12,True,cpu_spike
2014-04-23 02:09:00,server-04,95.25,87.64,23.31,16.39,77.45,74.55,True,cpu_spike
2014-04-23 02:14:00,server-04,95.12,79.42,26.31,14.1,78.47,41.49,True,cpu_spike
2014-04-23 02:19:00,server-04,93.12,82.31,15.26,31.53,74.39,68.96,True,cpu_spike
2014-04-23 02:24:00,server-04,89.07,74.61,27.52,24.62,76.96,52.35,True,cpu_spike
2014-04-23 02:29:00,server-04,90.0,81.6,30.88,19.38,74.18,61.35,True,cpu_spike
2014-04-23 02:34:00,server-04,93.25,79.05,26.71,28.74,76.59,47.22,True,cpu_spike
2014-04-23 02:39:00,server-04,90.67,70.58,26.49,16.11,73.47,40.01,True,cpu_spike
2014-04-23 02:44:00,server-04,91.33,74.43,18.66,23.28,73.21,74.11,True,cpu_spike
2014-04-23 02:49:00,server-04,88.96,75.93,13.85,13.55,74.59,62.6,True,cpu_spike
2014-04-23 02:54:00,server-04,89.75,74.97,14.97,29.37,75.53,66.83,True,cpu_spike
2014-04-23 02:59:00,server-04,90.33,75.69,12.44,29.54,75.3,57.86,True,cpu_spike
2014-04-23 03:04:00,server-04,91.62,74.13,17.08,19.17,76.03,70.8,True,cpu_spike
2014-04-23 03:09:00,server-04,94.63,72.48,19.98,16.87,79.61,54.94,True,cpu_spike
2014-04-23 03:14:00,server-04,89.46,67.66,15.03,29.66,75.6,71.37,True,cpu_spike
2014-04-23 03:19:00,server-04,89.92,86.21,28.0,20.77,72.49,73.53,True,cpu_spike
2014-04-23 03:24:00,server-04,90.55,72.17,33.37,14.44,77.34,69.84,True,cpu_spike
2014-04-23 03:29:00,server-04,92.08,81.3,14.62,14.21,74.76,71.91,True,cpu_spike
2014-04-23 03:34:00,server-04,90.42,78.57,29.44,16.58,72.6,60.73,True,cpu_spike
2014-04-23 03:39:00,server-04,92.83,70.25,23.25,23.36,74.35,48.87,True,cpu_spike
2014-04-23 03:44:00,server-04,88.25,68.93,25.69,31.15,75.0,68.06,True,cpu_spike
2014-04-23 03:49:00,server-04,89.38,77.76,23.26,15.65,73.9,74.97,True,cpu_spike
2014-04-23 03:54:00,server-04,92.04,70.66,25.28,28.92,74.18,72.92,True,cpu_spike
2014-04-23 03:59:00,server-04,91.04,71.66,12.33,22.94,77.63,49.17,True,cpu_spike
2014-04-23 04:04:00,server-04,93.34,79.65,34.79,23.09,75.25,46.26,True,cpu_spike
2014-04-23 04:09:00,server-04,93.0,74.78,26.46,20.55,79.14,62.97,True,cpu_spike
2014-04-23 04:14:00,server-04,90.67,67.15,21.38,16.9,75.94,50.46,True,cpu_spike
2014-04-23 04:19:00,server-04,92.58,79.89,22.7,13.46,73.55,42.75,True,cpu_spike
2014-04-23 04:24:00,server-04,90.5,79.63,20.39,17.33,73.27,41.59,True,cpu_spike
2014-04-23 04:29:00,server-04,88.5,80.98,21.33,26.75,72.64,73.18,True,cpu_spike
2014-04-23 04:34:00,server-04,92.79,76.56,34.83,13.62,74.15,54.41,True,cpu_spike
2014-04-23 04:39:00,server-04,87.66,81.2,22.83,19.51,76.54,50.31,True,cpu_spike
2014-04-23 04:44:00,server-04,86.0,69.89,19.22,19.89,70.83,54.84,True,cpu_spike
2014-04-23 04:49:00,server-04,90.68,72.58,13.88,17.6,74.22,56.82,True,cpu_spike
2014-04-23 04:54:00,server-04,90.17,66.78,32.64,26.88,77.48,60.23,True,cpu_spike
2014-04-23 04:59:00,server-04,91.5,68.67,15.66,14.58,75.83,46.87,True,cpu_spike
2014-04-23 05:04:00,server-04,89.0,85.34,25.02,23.08,75.6,71.82,True,cpu_spike
2014-04-23 05:09:00,server-04,93.58,70.87,24.86,17.99,78.35,54.35,True,cpu_spike
2014-04-23 05:14:00,server-04,89.0,85.17,21.85,16.82,76.57,69.5,True,cpu_spike
2014-04-23 05:19:00,server-04,89.42,76.4,18.91,25.65,72.05,40.85,True,cpu_spike
2014-04-23 05:24:00,server-04,88.33,79.66,14.71,15.66,74.84,73.4,True,cpu_spike
2014-04-23 05:29:00,server-04,90.09,70.32,19.87,31.24,77.24,43.85,True,cpu_spike
2014-04-23 05:34:00,server-04,92.0,84.2,20.18,27.39,74.17,54.56,True,cpu_spike
2014-04-23 05:39:00,server-04,89.44,80.29,30.28,13.01,77.47,73.32,True,cpu_spike
2014-04-23 05:44:00,server-04,87.08,80.82,28.34,14.62,75.96,60.74,True,cpu_spike
2014-04-23 05:49:00,server-04,91.61,84.1,18.84,18.22,73.59,70.82,True,cpu_spike
2014-04-23 05:54:00,server-04,90.07,71.13,29.22,14.48,73.47,60.81,True,cpu_spike
2014-04-23 05:59:00,server-04,87.81,65.28,12.26,31.59,71.95,44.38,True,cpu_spike
2014-04-23 06:04:00,server-04,90.75,72.66,22.11,19.14,75.77,66.73,True,cpu_spike
2014-04-23 06:09:00,server-04,90.42,73.97,30.95,25.71,75.01,50.81,True,cpu_spike
2014-04-23 06:14:00,server-04,89.04,78.46,31.54,25.58,73.94,47.28,True,cpu_spike
2014-04-23 06:19:00,server-04,87.0,70.38,32.87,16.42,70.63,45.06,True,cpu_spike
2014-04-23 06:24:00,server-04,89.58,75.2,31.71,31.15,74.87,64.91,True,cpu_spike
2014-04-23 06:29:00,server-04,90.58,81.77,23.5,25.47,76.53,44.4,True,cpu_spike
2014-04-23 06:34:00,server-04,90.46,86.33,21.14,22.05,74.0,58.05,True,cpu_spike
2014-04-23 06:39:00,server-04,90.67,84.06,16.79,18.62,75.3,55.94,True,cpu_spike
2014-04-23 06:44:00,server-04,88.04,71.13,23.85,15.88,73.79,58.18,True,cpu_spike
2014-04-23 06:49:00,server-04,90.0,81.99,30.03,17.31,72.21,56.71,True,cpu_spike
2014-04-23 06:54:00,server-04,88.08,67.13,31.36,25.79,76.29,46.52,True,cpu_spike
2014-04-23 06:59:00,server-04,89.71,67.64,13.32,27.29,73.23,66.71,True,cpu_spike
2014-04-23 07:04:00,server-04,89.79,84.07,26.9,15.76,76.51,53.3,True,cpu_spike
2014-04-23 07:09:00,server-04,92.38,82.94,29.14,29.33,75.59,46.88,True,cpu_spike
2014-04-23 07:14:00,server-04,89.58,68.62,29.97,29.46,74.88,40.1,True,cpu_spike
2014-04-23 07:19:00,server-04,89.83,71.21,17.7,29.01,75.47,72.07,True,cpu_spike
2014-04-23 07:24:00,server-04,86.72,75.3,30.44,21.27,74.01,65.32,True,cpu_spike
2014-04-23 07:29:00,server-04,86.17,63.58,24.68,27.1,75.4,65.59,True,cpu_spike
2014-04-23 07:34:00,server-04,85.45,73.25,19.66,23.22,70.51,72.09,True,cpu_spike
2014-04-23 07:39:00,server-04,88.25,65.02,26.29,29.3,74.18,45.11,True,cpu_spike
2014-04-23 07:44:00,server-04,87.34,69.2,13.76,30.89,72.0,73.28,True,cpu_spike
2014-04-23 07:49:00,server-04,91.12,68.89,25.17,14.48,73.0,40.55,True,cpu_spike
2014-04-23 07:54:00,server-04,90.33,73.77,33.74,24.97,78.14,51.21,True,cpu_spike
2014-04-23 08:09:00,server-04,92.71,82.65,26.57,24.74,77.53,53.84,True,cpu_spike
2014-04-23 08:14:00,server-04,93.04,86.98,17.98,19.71,74.52,42.36,True,cpu_spike
2014-04-23 08:19:00,server-04,94.63,70.62,24.19,27.69,78.6,51.0,True,cpu_spike
2014-04-23 08:24:00,server-04,93.08,74.43,25.34,18.61,76.15,50.43,True,cpu_spike
2014-04-23 08:29:00,server-04,94.33,73.8,23.12,22.74,76.16,68.11,True,cpu_spike
2014-04-23 08:34:00,server-04,92.58,79.34,21.05,13.49,73.93,72.76,True,cpu_spike
2014-04-23 08:39:00,server-04,92.58,78.72,13.1,24.68,78.2,70.25,True,cpu_spike
2014-04-23 08:44:00,server-04,93.92,83.74,16.05,31.95,76.45,61.15,True,cpu_spike
2014-04-23 08:49:00,server-04,92.7,85.37,28.18,23.29,73.41,49.19,True,cpu_spike
2014-04-23 08:54:00,server-04,94.0,75.23,30.79,30.41,75.64,65.94,True,cpu_spike
2014-04-23 08:59:00,server-04,93.18,74.56,31.78,15.4,79.18,65.25,True,cpu_spike
2014-04-23 09:04:00,server-04,93.51,87.08,30.24,22.73,78.44,68.46,True,cpu_spike
2014-04-23 09:09:00,server-04,96.67,79.17,29.83,18.54,78.93,53.89,True,cpu_spike
2014-04-23 09:14:00,server-04,92.5,75.94,23.72,14.56,74.27,49.79,True,cpu_spike
2014-04-23 09:19:00,server-04,93.09,73.58,26.64,18.3,78.98,44.59,True,cpu_spike
2014-04-23 09:24:00,server-04,94.56,74.31,29.94,21.54,76.9,59.28,True,cpu_spike
2014-04-23 09:29:00,server-04,92.42,69.92,20.35,26.57,76.73,41.42,True,cpu_spike
2014-04-23 09:34:00,server-04,93.87,75.92,13.31,17.46,78.2,59.19,True,cpu_spike
2014-04-23 09:39:00,server-04,92.54,71.91,31.54,21.91,74.35,62.48,True,cpu_spike
2014-04-23 09:44:00,server-04,94.21,81.43,23.27,15.95,79.65,57.56,True,cpu_spike
2014-04-23 09:49:00,server-04,94.33,86.47,33.5,22.74,77.47,71.31,True,cpu_spike
2014-04-23 09:54:00,server-04,92.08,75.52,19.43,31.05,77.33,70.19,True,cpu_spike
2014-04-23 09:59:00,server-04,92.67,71.85,22.21,18.34,79.0,61.32,True,cpu_spike
2014-04-23 10:04:00,server-04,93.88,81.78,34.04,26.54,76.42,62.55,True,cpu_spike
2014-04-23 10:09:00,server-04,95.13,70.98,25.96,15.96,80.27,56.89,True,cpu_spike
2014-04-23 10:14:00,server-04,94.67,80.88,27.25,21.7,74.89,58.54,True,cpu_spike
2014-04-23 10:19:00,server-04,93.21,72.52,24.5,26.08,79.38,60.56,True,cpu_spike
2014-04-23 10:24:00,server-04,91.8,87.38,16.74,20.57,75.05,43.27,True,cpu_spike
2014-04-23 10:29:00,server-04,91.74,73.23,19.62,18.88,77.26,54.23,True,cpu_spike
2014-04-23 10:34:00,server-04,93.9,83.05,33.5,24.64,75.33,61.26,True,cpu_spike
2014-04-23 10:39:00,server-04,92.6,70.55,26.54,14.81,78.94,69.99,True,cpu_spike
2014-04-23 10:44:00,server-04,93.13,69.55,30.52,14.75,76.92,41.12,True,cpu_spike
2014-04-23 10:49:00,server-04,95.21,84.39,13.99,29.11,78.45,41.43,True,cpu_spike
2014-04-23 10:54:00,server-04,93.08,73.0,26.77,13.3,76.51,63.1,True,cpu_spike
2014-04-23 10:59:00,server-04,92.67,69.39,18.26,18.58,78.47,74.44,True,cpu_spike
2014-04-23 11:04:00,server-04,93.24,71.03,24.94,16.39,78.62,55.58,True,cpu_spike
2014-04-23 11:09:00,server-04,94.09,75.97,13.37,18.36,74.83,62.96,True,cpu_spike
2014-04-23 11:14:00,server-04,93.67,82.72,34.09,22.01,75.32,42.3,True,cpu_spike
2014-04-23 11:19:00,server-04,95.29,75.63,22.87,16.16,79.14,55.61,True,cpu_spike
2014-04-23 11:24:00,server-04,93.1,83.11,14.75,31.01,77.76,68.95,True,cpu_spike
2014-04-23 11:29:00,server-04,93.67,82.74,30.39,30.08,77.67,66.66,True,cpu_spike
2014-04-23 11:34:00,server-04,95.21,81.5,12.18,29.89,78.19,61.25,True,cpu_spike
2014-04-23 11:39:00,server-04,94.42,90.2,24.12,22.46,75.11,72.95,True,cpu_spike
2014-04-23 11:44:00,server-04,95.17,87.89,30.38,15.0,77.18,60.31,True,cpu_spike
2014-04-23 11:49:00,server-04,92.83,83.31,23.14,31.75,76.59,55.6,True,cpu_spike
2014-04-23 11:54:00,server-04,94.79,89.58,23.41,19.53,79.42,65.49,True,cpu_spike
2014-04-23 11:59:00,server-04,92.85,84.75,13.97,18.6,75.81,60.74,True,cpu_spike
2014-04-23 12:04:00,server-04,95.03,75.81,27.09,23.89,77.2,61.37,True,cpu_spike
2014-04-23 12:09:00,server-04,96.75,88.22,21.34,15.22,80.0,40.0,True,cpu_spike
2014-04-23 12:14:00,server-04,95.68,90.69,28.1,21.33,80.48,48.6,True,cpu_spike
2014-04-23 12:19:00,server-04,95.58,72.25,29.5,24.21,79.37,69.69,True,cpu_spike
2014-04-23 12:24:00,server-04,95.0,85.36,29.87,22.26,76.27,45.18,True,cpu_spike
2014-04-23 12:29:00,server-04,94.58,74.42,32.88,24.19,78.27,65.48,True,cpu_spike
2014-04-23 12:34:00,server-04,93.04,78.77,19.21,30.94,75.98,57.16,True,cpu_spike
2014-04-23 12:39:00,server-04,92.58,84.85,20.63,19.06,74.17,71.03,True,cpu_spike
2014-04-23 12:44:00,server-04,95.21,87.02,24.3,20.18,76.67,68.75,True,cpu_spike
2014-04-23 12:49:00,server-04,93.78,71.98,22.11,22.4,76.97,42.2,True,cpu_spike
2014-04-23 12:54:00,server-04,96.51,73.47,18.17,31.16,76.21,40.01,True,cpu_spike
2014-04-23 12:59:00,server-04,95.1,83.45,28.89,31.49,76.93,50.07,True,cpu_spike
2014-04-23 13:04:00,server-04,94.63,84.41,31.78,16.98,78.02,51.38,True,cpu_spike
2014-04-23 13:09:00,server-04,95.72,73.91,24.01,22.74,74.94,58.21,True,cpu_spike
2014-04-23 13:14:00,server-04,95.33,84.07,24.76,23.67,78.82,73.9,True,cpu_spike
2014-04-23 13:19:00,server-04,97.04,79.17,28.82,25.96,80.17,68.33,True,cpu_spike
2014-04-23 13:24:00,server-04,95.88,76.94,17.83,16.49,80.94,41.43,True,cpu_spike
2014-04-23 13:29:00,server-04,94.38,85.94,13.54,22.14,74.54,51.6,True,cpu_spike
2014-04-23 13:34:00,server-04,92.13,84.05,32.22,23.36,74.5,54.94,True,cpu_spike
2014-04-23 13:39:00,server-04,94.12,81.62,32.46,30.61,78.71,60.74,True,cpu_spike
2014-04-23 13:44:00,server-04,94.62,82.49,31.5,13.32,75.39,73.8,True,cpu_spike
2014-04-23 13:49:00,server-04,93.6,69.74,33.7,29.17,77.41,60.03,True,cpu_spike
2014-04-23 13:54:00,server-04,94.61,87.76,23.68,26.82,76.49,56.51,True,cpu_spike
2014-04-23 13:59:00,server-04,93.09,76.52,18.48,14.99,79.45,67.6,True,cpu_spike
2014-04-23 14:04:00,server-04,92.29,74.41,15.89,16.63,73.2,58.94,True,cpu_spike
2014-04-23 14:09:00,server-04,95.92,73.42,34.07,25.56,78.5,44.85,True,cpu_spike
2014-04-23 14:14:00,server-04,93.0,78.87,28.65,15.06,76.13,48.45,True,cpu_spike
2014-04-23 14:19:00,server-04,93.75,81.96,16.21,19.68,74.37,70.73,True,cpu_spike
2014-04-23 14:24:00,server-04,95.12,78.45,30.25,17.74,76.63,74.54,True,cpu_spike
2014-04-23 14:29:00,server-04,91.26,86.84,21.73,18.09,73.79,44.16,True,cpu_spike
2014-04-23 14:34:00,server-04,93.75,81.77,30.75,28.04,75.18,64.29,True,cpu_spike
2014-04-23 14:39:00,server-04,94.33,89.61,28.24,14.1,79.37,56.73,True,cpu_spike
2014-04-23 14:44:00,server-04,93.75,76.97,24.13,16.74,77.81,40.21,True,cpu_spike
2014-04-23 14:49:00,server-04,93.79,70.3,17.68,14.85,76.94,50.88,True,cpu_spike
2014-04-23 14:54:00,server-04,94.63,90.28,14.1,28.55,78.46,73.05,True,cpu_spike
2014-04-23 14:59:00,server-04,94.29,80.95,16.36,27.06,74.52,54.81,True,cpu_spike
2014-04-23 15:04:00,server-04,94.75,81.25,28.15,14.66,75.16,73.42,True,cpu_spike
2014-04-23 15:09:00,server-04,94.75,78.3,24.14,14.1,77.34,64.61,True,cpu_spike
2014-04-23 15:14:00,server-04,94.88,88.95,25.1,18.55,77.12,71.23,True,cpu_spike
2014-04-23 15:19:00,server-04,93.23,77.28,16.07,17.17,78.54,71.94,True,cpu_spike
2014-04-23 15:24:00,server-04,94.58,85.26,12.04,21.08,75.49,74.57,True,cpu_spike
2014-04-23 15:29:00,server-04,94.83,75.37,16.02,23.49,76.74,66.17,True,cpu_spike
2014-04-23 15:34:00,server-04,94.31,88.8,33.57,28.02,75.05,49.96,True,cpu_spike
2014-04-23 15:39:00,server-04,95.71,75.55,20.88,27.53,77.96,48.1,True,cpu_spike
2014-04-23 15:44:00,server-04,95.08,79.3,18.57,21.25,75.19,50.03,True,cpu_spike
2014-04-23 15:49:00,server-04,95.67,81.82,26.34,19.86,77.48,56.13,True,cpu_spike
2014-04-23 15:54:00,server-04,95.08,82.71,24.03,31.46,78.33,50.6,True,cpu_spike
2014-04-23 15:59:00,server-04,93.54,72.83,16.76,14.68,75.43,63.61,True,cpu_spike
2014-04-23 16:04:00,server-04,97.04,72.9,20.75,23.48,79.22,63.81,True,cpu_spike
2014-04-23 16:09:00,server-04,96.46,74.45,21.11,16.44,80.71,42.53,True,cpu_spike
2014-04-23 16:14:00,server-04,93.69,70.72,24.4,15.0,79.26,51.01,True,cpu_spike
2014-04-23 16:19:00,server-04,94.82,77.0,23.35,23.17,77.04,64.95,True,cpu_spike
2014-04-23 16:24:00,server-04,95.83,71.55,29.86,17.53,79.75,46.38,True,cpu_spike
2014-04-23 16:29:00,server-04,92.92,83.68,12.29,22.06,74.38,47.04,True,cpu_spike
2014-04-23 16:34:00,server-04,94.58,79.47,24.6,15.5,74.92,54.56,True,cpu_spike
2014-04-23 16:39:00,server-04,93.21,78.61,20.92,22.28,75.4,58.42,True,cpu_spike
2014-04-23 16:44:00,server-04,94.04,80.96,24.69,18.84,79.11,56.54,True,cpu_spike
2014-04-23 16:49:00,server-04,93.75,79.83,27.85,25.23,77.74,64.72,True,cpu_spike
2014-04-23 16:54:00,server-04,96.58,73.39,29.84,16.72,76.23,49.33,True,cpu_spike
2014-04-23 16:59:00,server-04,94.63,87.6,20.46,30.06,79.88,41.2,True,cpu_spike
2014-04-23 17:04:00,server-04,95.92,73.43,30.73,18.19,75.72,50.79,True,cpu_spike
2014-04-23 17:09:00,server-04,95.08,78.15,25.02,13.42,78.51,66.85,True,cpu_spike
2014-04-23 17:14:00,server-04,94.92,89.58,14.01,21.09,74.94,49.35,True,cpu_spike
2014-04-23 17:19:00,server-04,94.12,84.0,25.49,30.46,74.75,47.66,True,cpu_spike
2014-04-23 17:24:00,server-04,93.79,79.41,27.7,30.78,79.18,71.51,True,cpu_spike
2014-04-23 17:29:00,server-04,95.01,71.98,33.19,16.06,77.06,69.29,True,cpu_spike
2014-04-23 17:34:00,server-04,94.46,88.6,34.19,21.34,76.07,70.52,True,cpu_spike
2014-04-23 17:39:00,server-04,93.13,70.39,27.87,24.9,74.72,43.27,True,cpu_spike
2014-04-23 17:44:00,server-04,95.25,87.01,23.75,27.58,78.75,66.13,True,cpu_spike
2014-04-23 17:49:00,server-04,94.25,84.78,14.81,30.63,79.24,74.88,True,cpu_spike
2014-04-23 17:54:00,server-04,94.62,87.81,16.17,22.73,78.61,54.94,True,cpu_spike
2014-04-23 17:59:00,server-04,93.9,87.51,31.44,16.52,79.4,73.54,True,cpu_spike
2014-04-23 18:04:00,server-04,94.19,83.45,34.25,31.58,79.86,41.69,True,cpu_spike
2014-04-23 18:09:00,server-04,95.21,81.98,33.81,21.75,76.21,68.8,True,cpu_spike
2014-04-23 18:14:00,server-04,93.67,70.91,26.8,24.24,78.49,49.35,True,cpu_spike
2014-04-23 18:19:00,server-04,96.29,83.19,24.81,22.92,75.46,65.86,True,cpu_spike
2014-04-23 18:24:00,server-04,96.01,81.89,17.43,20.99,80.2,54.51,True,cpu_spike
2014-04-23 18:29:00,server-04,94.01,80.23,25.73,15.09,78.18,64.18,True,cpu_spike
2014-04-23 18:34:00,server-04,94.63,79.8,24.51,26.41,76.59,44.82,True,cpu_spike
2014-04-23 18:39:00,server-04,94.0,87.63,15.86,17.94,76.72,42.76,True,cpu_spike
2014-04-23 18:44:00,server-04,94.79,73.16,28.95,23.94,79.13,52.18,True,cpu_spike
2014-04-23 18:49:00,server-04,94.42,79.05,16.62,20.46,76.92,47.66,True,cpu_spike
2014-04-23 18:54:00,server-04,93.17,74.88,32.12,19.14,76.44,51.62,True,cpu_spike
2014-04-23 18:59:00,server-04,95.79,74.16,34.03,22.81,76.86,72.29,True,cpu_spike
2014-04-23 19:04:00,server-04,94.54,80.04,15.62,25.74,79.79,70.81,True,cpu_spike
2014-04-23 19:09:00,server-04,94.42,76.52,24.94,19.35,76.79,63.48,True,cpu_spike
2014-04-23 19:14:00,server-04,94.21,71.35,35.0,13.77,77.44,59.09,True,cpu_spike
2014-04-23 19:19:00,server-04,95.29,83.51,20.23,18.58,77.74,41.26,True,cpu_spike
2014-04-23 19:24:00,server-04,93.54,78.0,20.5,21.32,74.21,54.58,True,cpu_spike
2014-04-23 19:29:00,server-04,92.84,78.76,32.21,19.02,75.29,45.68,True,cpu_spike
2014-04-23 19:34:00,server-04,93.58,89.4,16.15,30.77,76.14,71.74,True,cpu_spike
2014-04-23 19:39:00,server-04,93.08,88.41,34.48,23.07,78.15,44.26,True,cpu_spike
2014-04-23 19:44:00,server-04,93.79,86.15,32.79,13.98,79.89,65.49,True,cpu_spike
2014-04-23 19:49:00,server-04,93.62,71.11,13.15,20.61,75.11,61.11,True,cpu_spike
2014-04-23 19:54:00,server-04,92.17,81.85,14.98,22.86,77.85,63.43,True,cpu_spike
2014-04-23 19:59:00,server-04,95.63,82.15,29.55,17.08,77.75,45.38,True,cpu_spike
2014-04-23 20:04:00,server-04,92.83,84.63,26.41,27.37,78.15,50.44,True,cpu_spike
2014-04-23 20:09:00,server-04,97.42,90.31,17.56,17.88,75.93,67.3,True,cpu_spike
2014-04-23 20:14:00,server-04,94.33,86.0,25.24,14.89,74.45,71.12,True,cpu_spike
2014-04-23 20:19:00,server-04,93.96,71.45,33.92,25.2,79.88,73.48,True,cpu_spike
2014-04-23 20:24:00,server-04,94.81,83.44,34.46,25.95,75.3,49.83,True,cpu_spike
2014-04-23 20:29:00,server-04,94.95,72.08,30.76,28.12,77.17,46.39,True,cpu_spike
2014-04-23 20:34:00,server-04,92.4,87.64,14.98,29.42,78.48,48.85,True,cpu_spike
2014-04-23 20:39:00,server-04,94.55,71.44,24.3,15.15,74.28,44.42,True,cpu_spike
2014-04-23 20:44:00,server-04,94.19,85.95,29.29,27.27,78.11,49.41,True,cpu_spike
2014-04-23 20:49:00,server-04,94.46,75.58,12.94,22.61,75.3,63.56,True,cpu_spike
2014-04-23 20:54:00,server-04,93.13,87.63,33.79,17.7,75.45,46.57,True,cpu_spike
2014-04-23 20:59:00,server-04,95.13,77.26,33.44,22.75,78.65,73.42,True,cpu_spike
2014-04-23 21:04:00,server-04,93.21,87.1,27.27,29.92,76.84,55.66,True,cpu_spike
2014-04-23 21:09:00,server-04,97.0,81.17,27.94,24.05,76.45,48.22,True,cpu_spike
2014-04-23 21:14:00,server-04,95.17,76.9,31.32,21.11,78.01,55.98,True,cpu_spike
2014-04-23 21:19:00,server-04,94.33,89.08,32.19,24.97,75.85,43.14,True,cpu_spike
2014-04-23 21:24:00,server-04,95.5,78.18,32.3,21.43,80.25,66.23,True,cpu_spike
2014-04-23 21:29:00,server-04,95.71,87.31,32.08,24.36,77.4,56.89,True,cpu_spike
2014-04-23 21:34:00,server-04,94.38,89.42,20.33,20.84,79.33,66.31,True,cpu_spike
2014-04-23 21:39:00,server-04,93.37,73.93,15.26,30.36,75.7,65.76,True,cpu_spike
2014-04-23 21:44:00,server-04,94.38,82.06,13.39,28.31,75.08,56.96,True,cpu_spike
2014-04-23 21:49:00,server-04,95.02,87.72,20.49,22.07,79.22,72.19,True,cpu_spike
2014-04-23 21:54:00,server-04,96.33,72.61,22.79,25.61,79.83,49.19,True,cpu_spike
2014-04-23 21:59:00,server-04,94.0,77.12,32.88,17.93,75.9,41.2,True,cpu_spike
2014-04-23 22:04:00,server-04,93.61,80.63,13.84,18.18,78.49,47.18,True,cpu_spike
2014-04-23 22:09:00,server-04,97.08,84.66,18.33,21.48,76.89,58.68,True,cpu_spike
2014-04-23 22:14:00,server-04,95.25,79.78,34.31,25.65,76.32,43.05,True,cpu_spike
2014-04-23 22:19:00,server-04,95.58,87.07,13.29,21.16,75.97,53.53,True,cpu_spike
2014-04-23 22:24:00,server-04,94.75,70.88,31.55,21.08,76.73,55.01,True,cpu_spike
2014-04-23 22:29:00,server-04,96.34,80.99,32.61,26.98,78.87,66.28,True,cpu_spike
2014-04-23 22:34:00,server-04,95.63,76.12,14.9,22.82,75.12,45.99,True,cpu_spike
2014-04-23 22:39:00,server-04,93.75,74.12,29.94,30.2,77.6,69.51,True,cpu_spike
2014-04-23 22:44:00,server-04,95.88,72.76,12.43,18.05,79.86,62.76,True,cpu_spike
2014-04-23 22:49:00,server-04,94.49,71.32,27.9,13.14,79.4,45.0,True,cpu_spike
2014-04-23 22:54:00,server-04,95.18,88.1,31.95,17.8,78.54,70.01,True,cpu_spike
2014-04-23 22:59:00,server-04,92.28,82.71,22.03,30.75,73.26,70.63,True,cpu_spike
2014-04-23 23:04:00,server-04,93.08,70.01,34.98,20.69,75.8,53.41,True,cpu_spike
2014-04-23 23:09:00,server-04,99.04,89.27,22.71,23.54,79.07,47.05,True,cpu_spike
2014-04-23 23:14:00,server-04,93.67,71.69,12.25,16.88,78.95,66.53,True,cpu_spike
2014-04-23 23:19:00,server-04,94.5,80.41,20.45,26.08,77.02,53.56,True,cpu_spike
2014-04-23 23:24:00,server-04,93.68,74.45,22.13,19.69,74.5,63.57,True,cpu_spike
2014-04-23 23:29:00,server-04,94.67,80.24,26.62,15.74,76.5,51.75,True,cpu_spike
2014-04-23 23:34:00,server-04,96.33,82.39,25.29,31.88,78.87,47.61,True,cpu_spike
2014-04-23 23:39:00,server-04,94.59,84.35,24.64,28.12,79.53,74.64,True,cpu_spike
2014-04-23 23:44:00,server-04,92.67,72.86,32.12,15.16,75.48,49.51,True,cpu_spike
2014-04-23 23:49:00,server-04,95.08,88.47,18.59,19.17,78.58,54.07,True,cpu_spike
2014-04-23 23:54:00,server-04,95.24,89.84,34.84,16.51,80.6,64.85,True,cpu_spike
2014-04-23 23:59:00,server-04,96.37,89.16,13.29,28.46,75.62,66.52,True,cpu_spike
2014-04-24 00:04:00,server-04,95.04,82.73,31.4,22.6,77.38,63.64,True,cpu_spike
2014-04-24 00:09:00,server-04,96.58,91.02,29.37,23.14,79.89,55.12,True,cpu_spike
2014-04-14 07:49:00,server-05,33.31,28.25,16.39,6.82,46.9,64.96,True,thermal_event
2014-04-14 07:54:00,server-05,37.54,29.52,24.45,6.64,46.35,63.29,True,thermal_event
2014-04-14 07:59:00,server-05,31.03,22.27,22.78,6.53,44.89,57.63,True,thermal_event
2014-04-14 08:04:00,server-05,33.8,21.83,13.65,9.18,46.25,64.94,True,thermal_event
2014-04-14 08:09:00,server-05,37.63,40.66,6.36,16.73,46.77,63.61,True,thermal_event
2014-04-14 08:14:00,server-05,37.25,28.7,21.09,3.82,46.25,72.0,True,thermal_event
2014-04-14 08:19:00,server-05,31.13,20.38,17.22,6.5,45.42,69.82,True,thermal_event
2014-04-14 08:24:00,server-05,33.29,32.37,19.07,1.55,48.03,55.42,True,thermal_event
2014-04-14 08:29:00,server-05,33.05,30.35,2.14,1.68,47.55,49.55,True,thermal_event
2014-04-14 08:34:00,server-05,33.12,24.94,22.44,6.6,49.46,43.07,True,thermal_event
2014-04-14 08:39:00,server-05,38.39,34.02,15.19,15.38,49.4,55.54,True,thermal_event
2014-04-14 08:44:00,server-05,30.28,32.48,5.06,2.2,46.54,73.33,True,thermal_event
2014-04-14 08:49:00,server-05,32.21,34.21,23.94,5.92,48.55,53.28,True,thermal_event
2014-04-14 08:54:00,server-05,35.14,36.18,5.45,9.87,46.91,73.45,True,thermal_event
2014-04-14 08:59:00,server-05,36.22,32.35,18.63,13.03,50.07,45.67,True,thermal_event
2014-04-14 09:04:00,server-05,33.59,36.1,9.09,15.26,48.65,74.58,True,thermal_event
2014-04-14 09:09:00,server-05,35.76,25.52,20.12,3.74,45.42,73.51,True,thermal_event
2014-04-14 09:14:00,server-05,36.86,38.3,17.71,10.67,46.28,51.91,True,thermal_event
2014-04-14 09:19:00,server-05,32.11,24.95,5.25,8.39,44.04,50.72,True,thermal_event
2014-04-14 09:24:00,server-05,37.69,35.47,14.18,9.65,48.77,61.22,True,thermal_event
2014-04-14 09:29:00,server-05,29.79,30.98,11.73,12.33,45.32,47.35,True,thermal_event
2014-04-14 09:34:00,server-05,33.92,30.91,3.12,16.08,48.98,68.82,True,thermal_event
2014-04-14 09:39:00,server-05,34.0,34.64,14.89,11.65,48.86,69.97,True,thermal_event
2014-04-14 09:44:00,server-05,36.16,40.26,6.91,3.19,48.26,49.75,True,thermal_event
2014-04-14 09:49:00,server-05,32.13,21.25,15.82,12.96,45.64,71.93,True,thermal_event
2014-04-14 09:54:00,server-05,35.87,22.7,23.11,1.67,50.5,48.73,True,thermal_event
2014-04-14 09:59:00,server-05,33.78,33.18,24.86,4.98,46.25,45.97,True,thermal_event
2014-04-14 10:04:00,server-05,37.42,38.25,3.05,9.87,49.51,46.88,True,thermal_event
2014-04-14 10:09:00,server-05,34.93,28.4,18.31,16.08,49.9,66.17,True,thermal_event
2014-04-14 10:14:00,server-05,33.64,21.52,21.48,14.83,49.01,69.38,True,thermal_event
2014-04-14 10:19:00,server-05,32.46,30.96,13.48,14.08,43.27,47.14,True,thermal_event
2014-04-14 10:24:00,server-05,35.66,33.83,15.07,18.97,46.42,70.91,True,thermal_event
2014-04-14 10:29:00,server-05,31.16,19.51,19.15,9.52,47.85,63.36,True,thermal_event
2014-04-14 10:34:00,server-05,33.34,31.34,10.41,1.05,46.93,41.5,True,thermal_event
2014-04-14 10:39:00,server-05,35.47,27.47,10.51,8.04,45.76,52.74,True,thermal_event
2014-04-14 10:44:00,server-05,32.68,31.84,11.25,18.28,44.34,41.01,True,thermal_event
2014-04-14 10:49:00,server-05,32.79,19.53,6.87,7.93,43.98,40.35,True,thermal_event
2014-04-14 10:54:00,server-05,34.88,32.84,18.7,13.06,45.42,49.36,True,thermal_event
2014-04-14 10:59:00,server-05,35.35,38.68,15.39,15.58,46.1,65.77,True,thermal_event
2014-04-14 11:04:00,server-05,32.14,33.31,22.44,14.88,43.82,53.78,True,thermal_event
2014-04-14 11:09:00,server-05,34.88,23.52,16.87,4.27,47.94,60.4,True,thermal_event
2014-04-14 11:14:00,server-05,35.74,26.99,5.52,1.01,49.2,62.25,True,thermal_event
2014-04-14 11:19:00,server-05,34.56,21.19,8.07,3.58,44.41,70.49,True,thermal_event
2014-04-14 11:24:00,server-05,33.9,30.03,14.52,15.13,44.9,67.71,True,thermal_event
2014-04-14 11:29:00,server-05,30.94,35.49,20.25,16.04,44.32,66.06,True,thermal_event
2014-04-14 11:34:00,server-05,33.26,38.09,4.73,4.56,48.81,67.75,True,thermal_event
2014-04-14 11:39:00,server-05,33.59,21.68,18.81,4.37,46.3,60.1,True,thermal_event
2014-04-14 11:44:00,server-05,33.63,28.63,16.94,12.0,44.82,54.48,True,thermal_event
2014-04-14 11:49:00,server-05,34.41,31.41,2.23,13.43,47.29,54.33,True,thermal_event
2014-04-14 11:54:00,server-05,41.06,44.66,9.2,19.86,52.8,63.02,True,thermal_event
2014-04-14 11:59:00,server-05,32.62,33.64,23.26,5.51,46.41,58.36,True,thermal_event
2014-04-14 12:04:00,server-05,32.01,23.44,13.01,3.16,46.78,41.93,True,thermal_event
2014-04-14 12:09:00,server-05,35.39,28.99,13.37,13.53,49.66,67.3,True,thermal_event
2014-04-14 12:14:00,server-05,33.09,19.25,13.17,13.4,44.0,63.49,True,thermal_event
2014-04-14 12:19:00,server-05,37.49,39.05,3.57,2.2,45.85,55.16,True,thermal_event
2014-04-14 12:24:00,server-05,31.98,27.67,9.9,12.2,47.37,49.76,True,thermal_event
2014-04-14 12:29:00,server-05,34.88,31.11,2.1,15.33,48.37,49.58,True,thermal_event
2014-04-14 12:34:00,server-05,35.85,38.23,18.61,2.41,46.27,42.23,True,thermal_event
2014-04-14 12:39:00,server-05,31.61,26.67,2.26,18.3,45.99,42.72,True,thermal_event
2014-04-14 12:44:00,server-05,31.9,32.64,7.02,18.41,44.06,67.2,True,thermal_event
2014-04-14 12:49:00,server-05,36.15,29.72,8.78,3.46,49.57,55.19,True,thermal_event
2014-04-14 12:54:00,server-05,34.55,36.58,2.4,13.33,49.38,58.12,True,thermal_event
2014-04-14 12:59:00,server-05,33.26,34.11,5.06,2.08,47.0,64.51,True,thermal_event
2014-04-14 13:04:00,server-05,33.21,22.11,15.59,14.96,45.37,72.04,True,thermal_event
2014-04-14 13:09:00,server-05,34.58,33.77,23.66,14.11,49.53,61.0,True,thermal_event
2014-04-14 13:14:00,server-05,36.29,24.82,17.94,12.76,50.49,51.61,True,thermal_event
2014-04-14 13:19:00,server-05,32.72,28.22,10.86,5.99,45.84,68.63,True,thermal_event
2014-04-14 13:24:00,server-05,32.41,34.38,18.24,4.09,45.16,66.4,True,thermal_event
2014-04-14 13:29:00,server-05,33.03,26.07,13.9,14.38,45.18,56.78,True,thermal_event
2014-04-14 13:34:00,server-05,34.35,19.94,3.68,9.14,48.11,44.41,True,thermal_event
2014-04-14 13:39:00,server-05,33.64,18.6,7.82,7.64,45.85,43.48,True,thermal_event
2014-04-14 13:44:00,server-05,33.43,36.03,18.83,16.15,48.31,51.53,True,thermal_event
2014-04-14 13:49:00,server-05,33.19,25.25,9.66,16.37,45.58,53.02,True,thermal_event
2014-04-14 13:54:00,server-05,38.2,25.58,11.81,10.97,52.04,58.92,True,thermal_event
2014-04-14 13:59:00,server-05,29.68,23.79,2.19,5.17,42.97,47.99,True,thermal_event
2014-04-14 14:04:00,server-05,33.66,33.59,15.78,3.59,44.87,53.38,True,thermal_event
2014-04-14 14:09:00,server-05,36.76,32.13,5.61,3.25,50.3,40.02,True,thermal_event
2014-04-14 14:14:00,server-05,33.62,36.14,21.91,16.13,44.4,57.33,True,thermal_event
2014-04-14 14:19:00,server-05,35.09,29.47,4.04,1.45,46.77,72.2,True,thermal_event
2014-04-14 14:24:00,server-05,32.82,26.48,18.98,5.36,46.07,74.34,True,thermal_event
2014-04-14 14:29:00,server-05,33.65,29.24,5.05,10.99,46.74,56.93,True,thermal_event
2014-04-14 14:34:00,server-05,33.05,27.5,13.09,13.13,48.17,64.93,True,thermal_event
2014-04-14 14:39:00,server-05,35.57,26.67,11.83,18.25,46.18,61.25,True,thermal_event
2014-04-14 14:44:00,server-05,32.96,24.8,22.46,10.3,44.64,47.47,True,thermal_event
2014-04-14 14:49:00,server-05,31.74,22.91,9.85,18.01,46.23,51.21,True,thermal_event
2014-04-14 14:54:00,server-05,35.21,27.62,4.69,19.17,45.74,62.74,True,thermal_event
2014-04-14 14:59:00,server-05,33.22,34.08,3.28,13.31,45.07,73.79,True,thermal_event
2014-04-14 15:04:00,server-05,33.55,22.47,7.77,17.13,44.84,62.18,True,thermal_event
2014-04-14 15:09:00,server-05,40.06,40.25,15.12,3.89,49.71,72.86,True,thermal_event
2014-04-14 15:14:00,server-05,30.07,16.97,23.92,4.06,44.68,60.73,True,thermal_event
2014-04-14 15:19:00,server-05,35.6,26.24,15.14,3.25,49.35,55.69,True,thermal_event
2014-04-14 15:24:00,server-05,35.87,20.5,3.02,11.5,46.76,73.69,True,thermal_event
2014-04-14 15:29:00,server-05,31.75,25.05,2.46,8.49,47.55,57.81,True,thermal_event
2014-04-14 15:34:00,server-05,33.72,19.92,3.51,9.66,49.26,67.88,True,thermal_event
2014-04-14 15:39:00,server-05,34.06,24.09,17.68,18.83,46.2,68.56,True,thermal_event
2014-04-14 15:44:00,server-05,35.47,21.9,13.54,12.09,47.98,56.81,True,thermal_event
2014-04-14 15:49:00,server-05,31.24,18.31,17.73,8.22,47.07,44.39,True,thermal_event
2014-04-14 15:54:00,server-05,35.73,40.3,18.11,18.17,45.86,61.83,True,thermal_event
2014-04-14 15:59:00,server-05,34.46,21.96,17.95,12.14,48.2,42.26,True,thermal_event
2014-04-14 16:04:00,server-05,34.34,23.57,22.51,8.47,48.03,64.14,True,thermal_event
2014-04-14 16:09:00,server-05,33.05,35.55,23.41,12.33,45.42,47.57,True,thermal_event
2014-04-14 16:14:00,server-05,32.98,28.45,24.96,11.96,46.4,70.88,True,thermal_event
2014-04-14 16:19:00,server-05,32.57,28.92,3.08,12.43,43.46,62.98,True,thermal_event
2014-04-14 16:24:00,server-05,34.74,30.16,3.86,5.75,50.14,71.63,True,thermal_event
2014-04-14 16:29:00,server-05,30.99,24.79,9.06,14.04,45.05,68.24,True,thermal_event
2014-04-14 16:34:00,server-05,32.81,24.62,5.72,14.41,46.42,53.2,True,thermal_event
2014-04-14 16:39:00,server-05,33.16,21.38,16.12,9.94,47.57,53.33,True,thermal_event
2014-04-14 16:44:00,server-05,33.0,31.75,10.01,16.98,45.98,72.03,True,thermal_event
2014-04-14 16:49:00,server-05,32.41,31.24,15.04,1.26,48.64,60.23,True,thermal_event
2014-04-14 16:54:00,server-05,35.61,38.15,5.59,13.31,45.9,50.92,True,thermal_event
2014-04-14 16:59:00,server-05,33.54,28.67,5.78,18.44,49.73,44.28,True,thermal_event
2014-04-14 17:04:00,server-05,31.01,17.22,5.56,12.57,45.38,44.07,True,thermal_event
2014-04-14 17:09:00,server-05,34.15,29.23,15.71,10.47,45.61,57.3,True,thermal_event
2014-04-14 17:14:00,server-05,35.42,37.04,10.82,17.57,46.75,63.81,True,thermal_event
2014-04-14 17:19:00,server-05,30.23,21.75,17.98,15.16,45.17,41.8,True,thermal_event
2014-04-14 17:24:00,server-05,36.22,27.7,11.3,1.18,48.1,60.76,True,thermal_event
2014-04-14 17:29:00,server-05,32.7,26.74,18.3,8.94,48.68,54.53,True,thermal_event
2014-04-14 17:34:00,server-05,35.21,24.59,12.33,6.3,48.38,68.72,True,thermal_event
2014-04-14 17:39:00,server-05,31.36,22.5,6.86,3.55,46.87,68.71,True,thermal_event
2014-04-14 17:44:00,server-05,34.32,25.69,13.45,8.65,44.65,68.14,True,thermal_event
2014-04-14 17:49:00,server-05,31.5,28.34,15.33,6.45,44.65,52.04,True,thermal_event
2014-04-14 17:54:00,server-05,34.51,28.43,8.6,10.87,47.93,45.31,True,thermal_event
2014-04-14 17:59:00,server-05,32.63,19.53,9.6,17.24,43.77,69.36,True,thermal_event
2014-04-14 18:04:00,server-05,32.94,26.96,24.29,16.04,46.82,68.18,True,thermal_event
2014-04-14 18:09:00,server-05,35.73,39.53,15.26,10.98,45.69,47.11,True,thermal_event
2014-04-14 18:14:00,server-05,39.95,25.28,14.14,2.85,51.5,43.21,True,thermal_event
2014-04-14 18:19:00,server-05,30.49,16.98,4.76,17.19,47.83,47.26,True,thermal_event
2014-04-14 18:24:00,server-05,32.63,27.83,19.96,1.61,46.66,65.49,True,thermal_event
2014-04-14 18:29:00,server-05,32.74,32.22,18.86,9.32,45.97,69.92,True,thermal_event
2014-04-14 18:34:00,server-05,33.78,25.14,10.02,12.94,49.04,40.73,True,thermal_event
2014-04-14 18:39:00,server-05,32.92,37.27,16.95,18.8,44.87,61.14,True,thermal_event
2014-04-14 18:44:00,server-05,35.19,29.02,2.22,4.58,44.74,58.91,True,thermal_event
2014-04-14 18:49:00,server-05,34.9,30.66,19.29,9.23,45.51,68.36,True,thermal_event
2014-04-14 18:54:00,server-05,32.42,31.23,2.59,4.64,48.04,59.3,True,thermal_event
2014-04-14 18:59:00,server-05,32.79,30.67,24.84,13.65,45.19,63.31,True,thermal_event
2014-04-14 19:04:00,server-05,34.25,28.04,16.24,8.76,48.18,59.35,True,thermal_event
2014-04-14 19:09:00,server-05,33.03,31.0,17.72,18.41,48.18,66.85,True,thermal_event
2014-04-14 19:14:00,server-05,35.35,37.53,20.91,8.71,45.06,49.23,True,thermal_event
2014-04-14 19:19:00,server-05,32.6,20.32,5.02,19.86,45.8,68.02,True,thermal_event
2014-04-14 19:24:00,server-05,34.81,21.16,16.07,6.26,45.26,55.17,True,thermal_event
2014-04-14 19:29:00,server-05,30.56,20.18,7.81,19.07,44.0,67.54,True,thermal_event
2014-04-14 19:34:00,server-05,33.27,32.38,13.14,17.41,44.57,49.2,True,thermal_event
2014-04-14 19:39:00,server-05,33.46,37.0,17.78,5.66,46.14,73.66,True,thermal_event
2014-04-14 19:44:00,server-05,33.03,22.92,7.43,5.1,43.6,65.64,True,thermal_event
2014-04-14 19:49:00,server-05,32.67,33.27,20.63,4.0,48.78,63.65,True,thermal_event
2014-04-14 19:54:00,server-05,34.32,21.57,8.94,4.5,47.76,53.53,True,thermal_event
2014-04-14 19:59:00,server-05,33.0,33.27,5.69,16.29,46.91,58.32,True,thermal_event
2014-04-14 20:04:00,server-05,36.9,32.74,9.33,8.5,45.54,67.6,True,thermal_event
2014-04-14 20:09:00,server-05,32.54,23.41,7.08,4.92,44.19,49.01,True,thermal_event
2014-04-14 20:14:00,server-05,30.66,21.55,20.46,18.69,42.42,40.9,True,thermal_event
2014-04-14 20:19:00,server-05,32.84,31.92,24.8,16.99,46.36,65.19,True,thermal_event
2014-04-14 20:24:00,server-05,35.35,29.28,13.05,7.17,50.61,61.79,True,thermal_event
2014-04-14 20:29:00,server-05,34.44,33.01,3.47,7.09,44.5,69.22,True,thermal_event
2014-04-14 20:34:00,server-05,32.93,22.8,13.71,12.96,46.65,55.9,True,thermal_event
2014-04-14 20:39:00,server-05,33.08,23.48,13.12,7.97,46.03,56.53,True,thermal_event
2014-04-14 20:44:00,server-05,32.62,24.93,21.04,17.69,45.75,41.24,True,thermal_event
2014-04-14 20:49:00,server-05,35.99,39.9,19.29,10.87,49.01,57.23,True,thermal_event
2014-04-14 20:54:00,server-05,31.2,24.66,6.06,13.04,43.03,40.12,True,thermal_event
2014-04-14 20:59:00,server-05,35.16,31.77,16.99,18.58,46.06,42.06,True,thermal_event
2014-04-14 21:04:00,server-05,30.37,28.1,20.03,18.37,47.1,66.46,True,thermal_event
2014-04-14 21:09:00,server-05,37.02,27.07,4.41,18.4,50.86,56.19,True,thermal_event
2014-04-14 21:14:00,server-05,32.91,23.8,16.71,10.81,48.44,68.37,True,thermal_event
2014-04-14 21:19:00,server-05,32.61,37.2,16.73,10.38,44.11,46.54,True,thermal_event
2014-04-14 21:24:00,server-05,34.55,37.26,7.91,6.93,45.5,56.53,True,thermal_event
2014-04-14 21:29:00,server-05,32.02,29.9,9.02,7.41,48.64,69.61,True,thermal_event
2014-04-14 21:34:00,server-05,31.85,29.84,6.08,6.8,48.72,45.12,True,thermal_event
2014-04-14 21:39:00,server-05,33.94,29.58,19.49,4.94,47.35,59.07,True,thermal_event
2014-04-14 21:44:00,server-05,33.13,31.96,4.28,12.16,47.19,49.67,True,thermal_event
2014-04-14 21:49:00,server-05,32.75,36.67,4.33,8.5,47.71,44.36,True,thermal_event
2014-04-14 21:54:00,server-05,34.47,21.44,11.68,15.14,44.63,41.43,True,thermal_event
2014-04-14 21:59:00,server-05,32.81,32.97,2.69,8.93,47.57,54.96,True,thermal_event
2014-04-14 22:04:00,server-05,33.08,33.19,9.88,1.42,45.39,67.91,True,thermal_event
2014-04-14 22:09:00,server-05,34.44,27.87,4.59,14.87,45.22,45.54,True,thermal_event
2014-04-14 22:14:00,server-05,35.31,21.85,21.72,17.64,47.21,51.93,True,thermal_event
2014-04-14 22:19:00,server-05,32.09,30.88,14.04,10.76,46.8,51.96,True,thermal_event
2014-04-14 22:24:00,server-05,33.5,33.91,20.41,2.6,49.26,61.53,True,thermal_event
2014-04-14 22:29:00,server-05,32.81,23.59,10.89,16.88,44.35,40.73,True,thermal_event
2014-04-14 22:34:00,server-05,33.24,25.95,22.14,14.91,44.57,74.66,True,thermal_event
2014-04-14 22:39:00,server-05,32.75,35.78,12.71,9.57,47.48,59.76,True,thermal_event
2014-04-14 22:44:00,server-05,32.8,24.33,19.41,10.53,44.17,51.2,True,thermal_event
2014-04-14 22:49:00,server-05,32.72,26.22,14.25,1.19,48.21,51.65,True,thermal_event
2014-04-14 22:54:00,server-05,34.31,29.51,15.14,13.45,49.15,43.02,True,thermal_event
2014-04-14 22:59:00,server-05,34.56,20.24,20.37,5.87,48.75,53.51,True,thermal_event
2014-04-14 23:04:00,server-05,32.38,22.99,7.15,2.78,47.71,44.99,True,thermal_event
2014-04-14 23:09:00,server-05,35.92,23.9,15.17,12.0,50.19,61.6,True,thermal_event
2014-04-14 23:14:00,server-05,31.62,25.13,23.06,17.62,43.9,73.83,True,thermal_event
2014-04-14 23:19:00,server-05,35.26,31.7,14.78,17.61,49.6,72.83,True,thermal_event
2014-04-14 23:24:00,server-05,34.57,37.29,22.55,17.17,50.16,42.41,True,thermal_event
2014-04-14 23:29:00,server-05,33.33,34.63,13.39,6.75,45.15,48.99,True,thermal_event
2014-04-14 23:34:00,server-05,35.49,21.6,5.68,9.54,45.39,66.88,True,thermal_event
2014-04-14 23:39:00,server-05,31.76,35.16,4.18,16.58,47.97,43.92,True,thermal_event
2014-04-14 23:44:00,server-05,52.61,43.06,2.33,16.03,53.78,47.97,True,thermal_event
2014-04-15 00:04:00,server-05,55.39,52.37,4.67,7.62,57.2,56.06,True,thermal_event
2014-04-15 00:09:00,server-05,34.15,37.76,12.85,2.39,45.43,63.13,True,thermal_event
2014-04-15 00:14:00,server-05,32.25,28.63,22.96,5.93,43.18,60.03,True,thermal_event
2014-04-15 00:19:00,server-05,33.6,37.95,22.38,16.8,45.2,53.95,True,thermal_event
2014-04-15 00:24:00,server-05,34.69,26.82,5.27,8.05,45.27,73.08,True,thermal_event
2014-04-15 00:29:00,server-05,32.09,23.94,15.29,17.19,45.07,48.29,True,thermal_event
2014-04-15 00:34:00,server-05,31.89,27.34,16.99,10.23,45.47,43.2,True,thermal_event
2014-04-15 00:39:00,server-05,37.74,29.78,15.13,15.68,48.41,44.0,True,thermal_event
2014-04-15 00:44:00,server-05,30.91,23.29,22.96,3.41,44.68,63.89,True,thermal_event
2014-04-15 00:49:00,server-05,88.2,65.73,13.34,23.74,72.01,62.05,True,cpu_spike
2014-04-15 00:54:00,server-05,99.55,91.64,25.99,28.86,77.62,49.27,True,cpu_spike
2014-04-15 00:59:00,server-05,98.94,79.46,29.56,28.06,78.7,71.11,True,cpu_spike
2014-04-15 01:04:00,server-05,98.82,79.3,14.46,24.52,77.66,49.31,True,cpu_spike
2014-04-15 01:09:00,server-05,98.42,78.52,22.46,17.37,77.91,74.6,True,cpu_spike
2014-04-15 01:14:00,server-05,98.73,77.65,32.23,15.38,81.64,72.77,True,cpu_spike
2014-04-15 01:19:00,server-05,98.54,79.64,21.91,22.72,80.38,40.1,True,cpu_spike
2014-04-15 01:24:00,server-05,98.5,92.23,26.94,15.09,77.5,47.18,True,cpu_spike
2014-04-15 01:29:00,server-05,98.24,84.56,33.09,20.19,80.03,52.88,True,cpu_spike
2014-04-15 01:34:00,server-05,98.92,83.65,19.73,30.4,79.75,71.06,True,cpu_spike
2014-04-15 01:39:00,server-05,99.62,94.51,16.15,30.35,79.91,51.64,True,cpu_spike
2014-04-15 01:44:00,server-05,99.39,74.93,29.54,16.98,80.11,47.34,True,cpu_spike
2014-04-15 01:49:00,server-05,99.01,92.11,16.35,31.37,81.4,70.66,True,cpu_spike
2014-04-15 01:54:00,server-05,98.5,81.07,19.78,24.34,78.35,42.7,True,cpu_spike
2014-04-15 01:59:00,server-05,99.06,83.47,12.71,14.3,80.77,74.87,True,cpu_spike
2014-04-15 02:04:00,server-05,99.25,78.54,29.52,24.59,79.77,46.74,True,cpu_spike
2014-04-15 02:09:00,server-05,99.53,92.42,28.17,21.6,78.87,65.72,True,cpu_spike
2014-04-15 02:14:00,server-05,99.23,76.6,19.99,17.88,78.67,50.58,True,cpu_spike
2014-04-15 02:19:00,server-05,99.27,89.63,22.11,14.42,79.8,59.22,True,cpu_spike
2014-04-15 02:24:00,server-05,98.72,88.12,14.13,23.99,76.44,63.28,True,cpu_spike
2014-04-15 02:29:00,server-05,99.55,92.68,16.62,22.47,82.28,68.95,True,cpu_spike
2014-04-15 02:34:00,server-05,98.71,84.74,32.1,30.62,77.46,64.21,True,cpu_spike
2014-04-15 02:39:00,server-05,99.41,84.2,26.82,21.67,80.43,68.65,True,cpu_spike
2014-04-15 02:44:00,server-05,99.53,83.46,34.44,17.22,79.35,43.86,True,cpu_spike
2014-04-15 02:49:00,server-05,99.2,76.64,23.5,26.22,80.84,55.47,True,cpu_spike
2014-04-15 02:54:00,server-05,98.92,93.62,20.66,26.11,82.38,67.69,True,cpu_spike
2014-04-15 02:59:00,server-05,99.44,84.9,14.45,28.31,77.44,67.65,True,cpu_spike
2014-04-15 03:04:00,server-05,99.41,91.35,13.05,21.39,79.79,48.18,True,cpu_spike
2014-04-15 03:09:00,server-05,98.73,79.94,19.74,22.31,79.91,53.14,True,cpu_spike
2014-04-15 03:14:00,server-05,99.46,77.7,32.42,23.72,79.7,60.96,True,cpu_spike
2014-04-15 03:19:00,server-05,99.53,93.81,18.86,21.08,78.58,64.2,True,cpu_spike
2014-04-15 03:24:00,server-05,99.58,81.66,19.51,23.33,77.91,53.42,True,cpu_spike
2014-04-15 03:29:00,server-05,99.43,76.07,21.68,30.82,79.67,53.78,True,cpu_spike
2014-04-15 03:34:00,server-05,98.9,76.0,26.06,29.88,79.32,46.94,True,cpu_spike
2014-04-15 03:39:00,server-05,98.76,89.85,19.24,19.51,77.77,59.96,True,cpu_spike
2014-04-15 03:44:00,server-05,99.09,93.79,34.92,22.14,80.59,49.3,True,cpu_spike
2014-04-15 03:49:00,server-05,99.23,79.22,13.15,16.69,81.92,41.41,True,cpu_spike
2014-04-15 03:54:00,server-05,99.32,93.19,20.85,26.29,79.65,42.39,True,cpu_spike
2014-04-15 03:59:00,server-05,98.99,77.91,32.09,19.11,81.89,42.85,True,cpu_spike
2014-04-15 04:04:00,server-05,99.25,91.5,12.24,26.32,79.43,44.1,True,cpu_spike
2014-04-15 04:09:00,server-05,99.27,79.1,12.75,27.56,81.8,57.99,True,cpu_spike
2014-04-15 04:14:00,server-05,99.41,84.01,19.01,13.43,79.11,40.2,True,cpu_spike
2014-04-15 04:19:00,server-05,98.5,87.64,24.57,15.19,77.11,54.29,True,cpu_spike
2014-04-15 04:24:00,server-05,98.9,85.13,12.29,28.94,80.66,51.85,True,cpu_spike
2014-04-15 04:29:00,server-05,99.2,89.14,28.18,24.2,78.8,58.09,True,cpu_spike
2014-04-15 04:34:00,server-05,99.44,82.29,22.06,21.56,82.02,74.25,True,cpu_spike
2014-04-15 04:39:00,server-05,98.62,78.12,25.13,19.34,80.81,59.62,True,cpu_spike
2014-04-15 04:44:00,server-05,98.64,76.59,30.32,23.16,81.12,62.16,True,cpu_spike
2014-04-15 04:49:00,server-05,99.39,82.9,15.09,21.7,80.9,68.58,True,cpu_spike
2014-04-15 04:54:00,server-05,98.43,84.41,32.27,26.08,80.73,46.02,True,cpu_spike
2014-04-15 04:59:00,server-05,99.32,91.07,28.36,26.89,78.97,65.99,True,cpu_spike
2014-04-15 05:04:00,server-05,99.3,81.24,12.48,26.79,80.53,64.68,True,cpu_spike
2014-04-15 05:09:00,server-05,99.37,83.62,32.39,19.64,80.75,61.37,True,cpu_spike
2014-04-15 05:14:00,server-05,99.04,79.91,22.61,31.46,79.04,63.58,True,cpu_spike
2014-04-15 05:19:00,server-05,99.48,85.85,34.8,28.99,81.25,48.71,True,cpu_spike
2014-04-15 05:24:00,server-05,99.67,81.66,32.51,25.4,78.04,66.3,True,cpu_spike
2014-04-15 05:29:00,server-05,99.3,94.06,24.67,21.44,80.39,53.06,True,cpu_spike
2014-04-15 05:34:00,server-05,99.2,88.41,17.3,21.07,79.32,65.74,True,cpu_spike
2014-04-15 05:39:00,server-05,99.44,74.6,22.28,18.35,78.1,47.78,True,cpu_spike
2014-04-15 05:44:00,server-05,98.9,83.91,19.76,26.18,79.2,74.65,True,cpu_spike
2014-04-15 05:49:00,server-05,99.53,76.54,32.78,31.52,81.95,68.5,True,cpu_spike
2014-04-15 05:54:00,server-05,99.46,75.79,16.15,29.79,80.5,69.5,True,cpu_spike
2014-04-15 05:59:00,server-05,99.04,85.93,29.6,19.73,80.51,66.29,True,cpu_spike
2014-04-15 06:04:00,server-05,99.04,81.52,26.75,17.2,77.4,47.75,True,cpu_spike
2014-04-15 06:09:00,server-05,99.39,87.08,31.39,26.54,80.41,73.86,True,cpu_spike
2014-04-15 06:14:00,server-05,99.18,77.21,29.39,14.79,81.44,48.82,True,cpu_spike
2014-04-15 06:19:00,server-05,99.2,86.37,33.97,15.08,78.81,64.01,True,cpu_spike
2014-04-15 06:24:00,server-05,98.9,81.03,30.07,26.62,81.71,45.03,True,cpu_spike
2014-04-15 06:29:00,server-05,98.85,75.36,15.69,24.49,80.85,43.98,True,cpu_spike
2014-04-15 06:34:00,server-05,99.06,87.91,31.72,27.75,81.3,72.23,True,cpu_spike
2014-04-15 06:39:00,server-05,98.76,76.89,30.56,28.51,79.34,68.77,True,cpu_spike
2014-04-15 06:44:00,server-05,99.3,94.38,29.14,21.26,79.86,44.37,True,cpu_spike
2014-04-15 06:49:00,server-05,99.25,79.5,21.34,23.02,81.7,52.52,True,cpu_spike
2014-04-15 06:54:00,server-05,99.04,85.82,33.88,21.45,80.05,66.26,True,cpu_spike
2014-04-15 06:59:00,server-05,98.52,84.8,34.82,17.48,81.35,52.43,True,cpu_spike
2014-04-15 07:04:00,server-05,98.71,74.02,24.69,19.51,80.69,72.13,True,cpu_spike
2014-04-15 07:09:00,server-05,99.51,80.9,20.0,23.25,80.01,40.67,True,cpu_spike
2014-04-15 07:14:00,server-05,99.39,80.27,14.89,25.77,82.53,74.72,True,cpu_spike
2014-04-15 07:19:00,server-05,99.41,84.86,31.73,30.22,81.68,74.93,True,cpu_spike
2014-04-15 07:24:00,server-05,99.53,79.28,21.72,23.92,82.03,58.06,True,cpu_spike
2014-04-15 07:29:00,server-05,99.36,78.76,21.05,15.54,82.62,72.92,True,cpu_spike
2014-04-15 07:34:00,server-05,99.04,74.29,13.73,28.84,82.43,44.27,True,cpu_spike
2014-04-15 07:39:00,server-05,99.27,93.47,25.27,17.14,81.97,61.12,True,cpu_spike
2014-04-15 07:44:00,server-05,99.44,75.72,16.45,21.8,78.86,56.43,True,cpu_spike
2014-04-15 07:49:00,server-05,99.13,87.31,33.51,28.44,79.75,60.49,True,cpu_spike
2014-04-15 07:54:00,server-05,99.32,84.31,17.93,14.31,82.22,72.86,True,cpu_spike
2014-04-15 07:59:00,server-05,99.25,86.67,34.64,21.0,82.32,72.12,True,cpu_spike
2014-04-15 08:04:00,server-05,99.04,76.61,27.45,31.34,77.5,43.09,True,cpu_spike
2014-04-15 08:09:00,server-05,98.9,91.71,19.32,16.07,81.83,56.68,True,cpu_spike
2014-04-15 08:14:00,server-05,99.51,85.78,14.3,28.43,82.53,56.12,True,cpu_spike
2014-04-15 08:19:00,server-05,99.44,84.16,18.25,27.62,77.67,62.13,True,cpu_spike
2014-04-15 08:24:00,server-05,99.41,91.32,26.72,31.61,82.13,69.82,True,cpu_spike
2014-04-15 08:29:00,server-05,98.52,78.17,33.2,19.3,76.32,66.96,True,cpu_spike
2014-04-15 08:34:00,server-05,99.46,76.11,28.16,31.11,81.64,61.08,True,cpu_spike
2014-04-15 08:39:00,server-05,99.01,75.13,26.58,16.95,80.45,46.91,True,cpu_spike
2014-04-15 08:44:00,server-05,98.45,79.33,17.36,19.79,78.7,47.29,True,cpu_spike
2014-04-15 08:49:00,server-05,99.41,91.2,33.56,30.19,77.66,41.66,True,cpu_spike
2014-04-15 08:54:00,server-05,99.46,85.95,19.89,27.23,78.97,49.37,True,cpu_spike
2014-04-15 08:59:00,server-05,98.81,83.06,19.69,13.24,79.85,70.55,True,cpu_spike
2014-04-15 09:04:00,server-05,98.18,74.41,24.46,24.03,79.6,61.38,True,cpu_spike
2014-04-15 09:09:00,server-05,99.08,89.51,20.28,24.21,76.94,42.66,True,cpu_spike
2014-04-15 09:14:00,server-05,98.83,90.45,15.91,22.51,79.91,68.9,True,cpu_spike
2014-04-15 09:19:00,server-05,99.34,77.83,30.28,13.76,78.42,41.63,True,cpu_spike
2014-04-15 09:24:00,server-05,99.57,84.55,17.15,19.46,82.44,43.03,True,cpu_spike
2014-04-15 09:29:00,server-05,99.18,88.71,19.87,14.59,82.04,63.01,True,cpu_spike
2014-04-15 09:34:00,server-05,99.51,85.47,14.73,14.5,79.77,73.4,True,cpu_spike
2014-04-15 09:39:00,server-05,99.44,77.01,16.61,22.64,81.13,74.17,True,cpu_spike
2014-04-15 09:44:00,server-05,99.67,94.25,32.96,22.23,77.31,57.51,True,cpu_spike
2014-04-15 09:49:00,server-05,99.32,79.47,33.0,23.26,77.53,43.79,True,cpu_spike
2014-04-15 09:54:00,server-05,98.89,88.85,20.81,17.07,76.56,59.17,True,cpu_spike
2014-04-15 09:59:00,server-05,99.32,88.0,33.87,19.55,80.43,46.39,True,cpu_spike
2014-04-15 10:04:00,server-05,99.67,92.11,16.06,26.92,82.25,72.24,True,cpu_spike
2014-04-15 10:09:00,server-05,99.37,90.61,31.65,14.64,80.33,47.28,True,cpu_spike
2014-04-15 10:14:00,server-05,99.27,88.79,19.79,18.61,77.74,55.52,True,cpu_spike
2014-04-15 10:19:00,server-05,99.3,79.27,21.21,23.42,79.81,65.38,True,cpu_spike
2014-04-15 10:24:00,server-05,98.5,92.08,25.02,29.05,78.38,60.45,True,cpu_spike
2014-04-15 10:29:00,server-05,98.89,89.3,23.57,15.12,79.18,42.31,True,cpu_spike
2014-04-15 10:34:00,server-05,99.53,91.78,18.4,21.51,82.45,72.53,True,cpu_spike
2014-04-15 10:39:00,server-05,99.39,78.02,22.82,16.6,80.96,43.65,True,cpu_spike
2014-04-15 10:44:00,server-05,98.97,83.82,28.95,29.14,77.97,61.58,True,cpu_spike
2014-04-15 10:49:00,server-05,99.74,88.94,27.75,22.63,81.05,47.83,True,cpu_spike
2014-04-15 10:54:00,server-05,99.32,82.04,34.59,18.47,79.1,44.0,True,cpu_spike
2014-04-15 10:59:00,server-05,99.51,85.9,23.03,31.64,81.71,54.83,True,cpu_spike
2014-04-15 11:04:00,server-05,98.64,82.15,15.53,18.12,79.76,63.97,True,cpu_spike
2014-04-15 11:09:00,server-05,99.27,88.59,25.7,19.29,78.21,40.92,True,cpu_spike
2014-04-15 11:14:00,server-05,99.48,84.5,28.97,31.72,81.16,71.56,True,cpu_spike
2014-04-15 11:19:00,server-05,99.58,91.5,24.65,23.46,82.17,71.62,True,cpu_spike
2014-04-15 11:24:00,server-05,98.83,74.13,21.57,26.41,77.66,42.82,True,cpu_spike
2014-04-15 11:29:00,server-05,98.43,89.06,21.81,22.41,82.04,43.68,True,cpu_spike
2014-04-15 11:34:00,server-05,98.47,80.86,21.6,17.76,77.86,54.97,True,cpu_spike
2014-04-15 11:39:00,server-05,99.34,87.59,16.3,31.23,77.07,72.91,True,cpu_spike
2014-04-15 11:44:00,server-05,99.67,90.32,25.7,25.95,78.42,65.64,True,cpu_spike
2014-04-15 11:49:00,server-05,99.44,84.99,18.49,14.07,77.32,50.89,True,cpu_spike
2014-04-15 11:54:00,server-05,98.56,92.8,23.82,16.95,82.09,54.9,True,cpu_spike
2014-04-15 11:59:00,server-05,98.38,76.03,15.56,22.81,77.03,62.52,True,cpu_spike
2014-04-15 12:04:00,server-05,99.41,75.68,26.41,22.9,78.02,63.9,True,cpu_spike
2014-04-15 12:09:00,server-05,98.76,78.32,18.52,20.87,82.26,50.74,True,cpu_spike
2014-04-15 12:14:00,server-05,99.46,78.59,19.99,18.02,79.72,72.66,True,cpu_spike
2014-04-15 12:19:00,server-05,99.48,90.17,12.17,17.96,77.26,40.75,True,cpu_spike
2014-04-15 12:24:00,server-05,99.05,86.13,20.4,31.49,81.67,66.12,True,cpu_spike
2014-04-15 12:29:00,server-05,99.27,84.78,33.37,27.73,82.3,66.68,True,cpu_spike
2014-04-15 12:34:00,server-05,98.29,85.17,14.73,24.07,78.07,54.44,True,cpu_spike
2014-04-15 12:39:00,server-05,99.41,75.64,29.33,30.62,78.4,52.76,True,cpu_spike
2014-04-15 12:44:00,server-05,99.55,85.85,19.92,30.46,80.76,67.0,True,cpu_spike
2014-04-15 12:49:00,server-05,99.23,83.62,22.22,29.12,80.14,58.93,True,cpu_spike
2014-04-15 12:54:00,server-05,99.67,80.63,33.9,27.43,79.38,43.52,True,cpu_spike
2014-04-15 12:59:00,server-05,99.18,82.4,16.09,31.94,82.57,73.55,True,cpu_spike
2014-04-15 13:04:00,server-05,98.97,75.29,21.94,20.83,81.6,61.04,True,cpu_spike
2014-04-15 13:09:00,server-05,99.6,79.37,16.43,26.23,76.89,41.73,True,cpu_spike
2014-04-15 13:14:00,server-05,98.67,74.03,24.06,14.23,77.65,68.66,True,cpu_spike
2014-04-15 13:19:00,server-05,99.34,86.41,24.21,31.13,77.22,60.09,True,cpu_spike
2014-04-15 13:24:00,server-05,99.27,91.87,26.48,28.6,78.76,55.32,True,cpu_spike
2014-04-15 13:29:00,server-05,98.92,81.73,12.31,28.47,81.15,65.37,True,cpu_spike
2014-04-15 13:34:00,server-05,99.06,94.15,12.41,24.51,81.39,42.78,True,cpu_spike
2014-04-15 13:39:00,server-05,99.13,79.55,25.25,19.46,82.26,68.99,True,cpu_spike
2014-04-15 13:44:00,server-05,99.51,79.3,25.47,30.53,78.63,70.87,True,cpu_spike
2014-04-15 13:49:00,server-05,99.41,90.35,16.15,26.05,77.79,53.36,True,cpu_spike
2014-04-15 13:54:00,server-05,99.32,76.64,18.07,25.47,82.14,59.36,True,cpu_spike
2014-04-15 13:59:00,server-05,99.62,79.96,25.07,27.03,79.23,60.11,True,cpu_spike
2014-04-15 14:04:00,server-05,98.8,79.68,30.15,13.45,79.64,62.62,True,cpu_spike
2014-04-15 14:09:00,server-05,99.55,75.55,17.17,20.31,81.32,46.64,True,cpu_spike
2014-04-15 14:14:00,server-05,98.83,76.61,12.78,16.67,82.21,47.3,True,cpu_spike
2014-04-15 14:19:00,server-05,98.78,74.36,12.57,16.87,76.44,66.6,True,cpu_spike
2014-04-15 14:24:00,server-05,98.96,74.32,29.41,23.31,76.85,50.17,True,cpu_spike
2014-04-15 14:29:00,server-05,99.2,86.24,13.14,23.29,78.66,54.89,True,cpu_spike
2014-04-15 14:34:00,server-05,98.71,91.54,19.67,22.98,77.95,50.49,True,cpu_spike
2014-04-15 14:39:00,server-05,99.46,78.58,19.75,31.67,80.45,52.93,True,cpu_spike
2014-04-15 14:44:00,server-05,99.1,84.96,26.1,29.11,79.56,57.7,True,cpu_spike
2014-04-15 14:49:00,server-05,98.92,79.16,17.67,26.6,80.8,59.69,True,cpu_spike
2014-04-15 14:54:00,server-05,98.69,74.38,20.57,29.49,76.5,44.44,True,cpu_spike
2014-04-15 14:59:00,server-05,99.32,85.84,33.19,18.23,82.59,42.58,True,cpu_spike
2014-04-15 15:04:00,server-05,99.11,93.6,25.33,13.2,78.4,42.56,True,cpu_spike
2014-04-15 15:09:00,server-05,98.76,87.04,29.33,18.65,76.7,56.66,True,cpu_spike
2014-04-15 15:14:00,server-05,98.71,76.9,12.69,16.29,79.0,44.53,True,cpu_spike
2014-04-15 15:19:00,server-05,98.92,78.87,25.55,27.09,76.57,40.37,True,cpu_spike
2014-04-15 15:24:00,server-05,99.04,87.34,29.02,31.19,79.31,46.18,True,cpu_spike
2014-04-15 15:29:00,server-05,99.41,89.85,28.1,24.44,78.64,58.34,True,cpu_spike
2014-04-15 15:34:00,server-05,98.87,89.43,22.35,17.37,81.07,47.85,True,cpu_spike
2014-04-15 15:39:00,server-05,99.06,75.49,26.64,26.62,79.31,51.19,True,cpu_spike
2014-04-15 15:44:00,server-05,99.53,94.55,33.18,27.0,80.85,48.33,True,cpu_spike
2014-04-15 15:49:00,server-05,99.25,80.1,26.07,22.6,77.22,67.34,True,cpu_spike
2014-04-15 15:54:00,server-05,99.27,90.97,19.28,20.84,78.88,72.44,True,cpu_spike
2014-04-15 15:59:00,server-05,99.15,86.47,13.71,14.51,76.98,45.13,True,cpu_spike
2014-04-15 16:04:00,server-05,99.27,91.59,29.73,17.89,79.28,73.43,True,cpu_spike
2014-04-15 16:09:00,server-05,98.94,79.62,17.52,30.49,79.68,56.69,True,cpu_spike
2014-04-15 16:14:00,server-05,98.52,84.71,29.91,31.54,76.94,48.41,True,cpu_spike
2014-04-15 16:19:00,server-05,99.39,80.07,31.81,28.94,82.63,43.19,True,cpu_spike
2014-04-15 16:24:00,server-05,99.51,81.07,17.06,19.06,79.28,74.18,True,cpu_spike
2014-04-15 16:29:00,server-05,98.97,88.55,34.49,29.01,79.8,45.09,True,cpu_spike
2014-04-15 16:34:00,server-05,99.72,84.61,19.71,15.17,77.16,70.22,True,cpu_spike
2014-04-15 16:39:00,server-05,99.2,83.21,20.22,31.22,82.38,50.67,True,cpu_spike
2014-04-15 16:44:00,server-05,99.39,93.15,19.34,23.05,77.23,44.37,True,cpu_spike
2014-04-15 16:49:00,server-05,98.69,77.83,34.25,22.35,80.2,71.09,True,cpu_spike
2014-04-15 16:54:00,server-05,98.64,80.13,23.7,28.0,79.47,59.95,True,cpu_spike
2014-04-15 16:59:00,server-05,98.64,90.76,22.79,24.2,78.96,61.03,True,cpu_spike
2014-04-15 17:04:00,server-05,99.25,74.53,34.31,27.92,78.84,70.04,True,cpu_spike
2014-04-15 17:09:00,server-05,99.23,86.35,30.07,29.36,79.22,45.39,True,cpu_spike
2014-04-15 17:14:00,server-05,99.25,77.73,30.56,27.27,80.92,46.92,True,cpu_spike
2014-04-15 17:19:00,server-05,99.37,76.31,25.84,15.65,77.28,53.2,True,cpu_spike
2014-04-15 17:24:00,server-05,99.48,92.77,19.1,31.75,82.74,44.36,True,cpu_spike
2014-04-15 17:29:00,server-05,99.39,93.33,21.19,23.73,80.69,57.32,True,cpu_spike
2014-04-15 17:34:00,server-05,99.32,94.0,27.24,13.26,78.89,41.23,True,cpu_spike
2014-04-15 17:39:00,server-05,99.44,76.22,18.92,13.67,78.5,58.35,True,cpu_spike
2014-04-15 17:44:00,server-05,99.28,88.96,14.21,21.54,79.35,67.11,True,cpu_spike
2014-04-15 17:49:00,server-05,98.99,79.61,32.3,15.43,77.23,40.68,True,cpu_spike
2014-04-15 17:54:00,server-05,98.92,87.81,13.97,15.91,80.24,49.48,True,cpu_spike
2014-04-15 17:59:00,server-05,99.25,91.42,15.49,30.62,78.04,72.91,True,cpu_spike
2014-04-15 18:04:00,server-05,99.23,83.9,33.54,22.8,77.97,43.77,True,cpu_spike
2014-04-15 18:09:00,server-05,98.87,83.09,20.87,13.46,80.61,50.3,True,cpu_spike
2014-04-15 18:14:00,server-05,99.62,77.26,21.61,17.36,77.73,52.07,True,cpu_spike
2014-04-15 18:19:00,server-05,98.75,76.4,19.67,28.36,79.82,45.98,True,cpu_spike
2014-04-15 18:24:00,server-05,99.3,77.85,16.94,21.36,79.31,44.85,True,cpu_spike
2014-04-15 18:29:00,server-05,99.2,92.25,20.93,19.97,81.56,71.97,True,cpu_spike
2014-04-15 18:34:00,server-05,99.41,90.94,26.35,18.63,77.97,54.32,True,cpu_spike
2014-04-15 18:39:00,server-05,99.2,77.5,21.77,26.41,77.17,68.63,True,cpu_spike
2014-04-15 18:44:00,server-05,99.39,87.59,31.94,22.05,80.88,72.56,True,cpu_spike
2014-04-15 18:49:00,server-05,98.83,92.57,19.45,25.53,77.08,59.38,True,cpu_spike
2014-04-15 18:54:00,server-05,99.04,74.81,31.2,27.46,80.8,53.0,True,cpu_spike
2014-04-15 18:59:00,server-05,98.99,84.09,28.35,27.98,81.85,68.43,True,cpu_spike
2014-04-15 19:04:00,server-05,99.37,79.03,18.73,30.65,78.2,53.24,True,cpu_spike
2014-04-15 19:09:00,server-05,99.39,90.98,16.46,18.73,80.92,73.37,True,cpu_spike
2014-04-15 19:14:00,server-05,98.38,85.56,27.18,31.15,77.43,42.35,True,cpu_spike
2014-04-15 19:19:00,server-05,99.04,74.69,22.01,20.78,77.89,69.3,True,cpu_spike
2014-04-15 19:24:00,server-05,99.34,84.38,27.19,19.02,81.64,40.31,True,cpu_spike
2014-04-15 19:29:00,server-05,99.44,83.79,27.37,23.29,80.89,48.28,True,cpu_spike
2014-04-15 19:34:00,server-05,99.37,89.01,21.52,31.58,81.05,63.47,True,cpu_spike
2014-04-15 19:39:00,server-05,99.15,77.99,23.9,27.68,79.99,70.73,True,cpu_spike
2014-04-15 19:44:00,server-05,99.11,87.94,14.77,23.84,76.65,58.78,True,cpu_spike
2014-04-15 19:49:00,server-05,99.08,76.49,27.09,26.69,80.62,73.82,True,cpu_spike
2014-04-15 19:54:00,server-05,99.15,93.31,30.95,13.89,79.63,48.09,True,cpu_spike
2014-04-15 19:59:00,server-05,98.92,85.98,12.62,20.71,79.57,66.01,True,cpu_spike
2014-04-15 20:04:00,server-05,98.78,88.46,23.04,18.77,76.5,65.65,True,cpu_spike
2014-04-15 20:09:00,server-05,98.8,84.6,20.11,28.82,80.58,63.13,True,cpu_spike
2014-04-15 20:14:00,server-05,99.39,78.23,29.91,23.69,78.0,48.37,True,cpu_spike
2014-04-15 20:19:00,server-05,99.27,87.09,22.72,17.93,77.73,72.13,True,cpu_spike
2014-04-15 20:24:00,server-05,99.46,84.31,29.22,19.2,81.0,70.59,True,cpu_spike
2014-04-15 20:29:00,server-05,99.18,77.4,23.98,15.49,77.87,57.72,True,cpu_spike
2014-04-15 20:34:00,server-05,98.66,86.25,14.83,25.99,80.68,54.25,True,cpu_spike
2014-04-15 20:39:00,server-05,99.27,88.49,33.2,14.49,77.46,40.87,True,cpu_spike
2014-04-15 20:44:00,server-05,99.2,81.18,20.29,30.64,82.12,56.24,True,cpu_spike
2014-04-15 20:49:00,server-05,99.39,93.34,30.5,13.56,78.09,71.0,True,cpu_spike
2014-04-15 20:54:00,server-05,98.71,81.94,27.96,14.01,77.89,55.14,True,cpu_spike
2014-04-15 20:59:00,server-05,99.25,91.74,29.91,22.06,81.23,52.37,True,cpu_spike
2014-04-15 21:04:00,server-05,99.13,92.95,21.1,13.22,76.7,48.55,True,cpu_spike
2014-04-15 21:09:00,server-05,98.94,77.61,22.65,28.83,78.95,53.27,True,cpu_spike
2014-04-15 21:14:00,server-05,99.44,94.13,25.32,30.84,80.21,50.73,True,cpu_spike
2014-04-15 21:19:00,server-05,98.65,82.17,16.14,25.22,79.65,50.06,True,cpu_spike
2014-04-15 21:24:00,server-05,98.76,79.78,25.69,23.08,76.45,51.06,True,cpu_spike
2014-04-15 21:29:00,server-05,99.2,83.57,26.94,31.71,79.34,63.36,True,cpu_spike
2014-04-15 21:34:00,server-05,99.13,77.76,19.65,24.84,80.52,67.84,True,cpu_spike
2014-04-15 21:39:00,server-05,99.3,76.79,14.05,24.08,80.27,74.56,True,cpu_spike
2014-04-15 21:44:00,server-05,99.18,85.09,21.32,25.28,79.59,61.91,True,cpu_spike
2014-04-15 21:49:00,server-05,99.51,86.29,22.19,26.92,77.65,41.46,True,cpu_spike
2014-04-15 21:54:00,server-05,98.87,79.21,32.19,23.37,77.02,59.63,True,cpu_spike
2014-04-15 21:59:00,server-05,98.99,90.71,32.58,18.13,81.8,74.27,True,cpu_spike
2014-04-15 22:04:00,server-05,99.11,77.47,20.76,21.01,79.97,66.3,True,cpu_spike
2014-04-15 22:09:00,server-05,99.15,76.96,20.34,22.69,79.76,71.73,True,cpu_spike
2014-04-15 22:14:00,server-05,99.13,83.91,30.82,25.66,80.92,52.34,True,cpu_spike
2014-04-15 22:19:00,server-05,99.13,89.38,29.46,21.66,78.2,69.27,True,cpu_spike
2014-04-15 22:24:00,server-05,99.55,84.65,34.06,19.31,77.58,49.35,True,cpu_spike
2014-04-15 22:29:00,server-05,98.29,80.22,33.43,15.09,78.97,41.79,True,cpu_spike
2014-04-15 22:34:00,server-05,98.29,84.51,24.35,14.84,80.61,46.36,True,cpu_spike
2014-04-15 22:39:00,server-05,99.62,76.08,15.94,17.6,79.64,52.02,True,cpu_spike
2014-04-15 22:44:00,server-05,98.85,78.54,26.79,30.75,79.75,57.35,True,cpu_spike
2014-04-15 22:49:00,server-05,98.89,87.26,33.38,26.46,79.05,67.4,True,cpu_spike
2014-04-15 22:54:00,server-05,98.63,79.8,26.69,31.17,76.86,66.87,True,cpu_spike
2014-04-15 22:59:00,server-05,98.83,75.02,34.71,22.12,78.98,47.56,True,cpu_spike
2014-04-15 23:04:00,server-05,98.33,73.76,31.14,20.87,79.17,63.6,True,cpu_spike
2014-04-15 23:09:00,server-05,99.04,82.02,34.33,29.06,78.91,70.19,True,cpu_spike
2014-04-15 23:14:00,server-05,99.23,86.78,17.45,18.91,78.82,71.24,True,cpu_spike
2014-04-15 23:19:00,server-05,99.44,88.19,15.3,18.3,82.06,67.05,True,cpu_spike
2014-04-15 23:24:00,server-05,99.32,78.8,22.18,16.56,82.48,53.34,True,cpu_spike
2014-04-15 23:29:00,server-05,99.5,87.98,25.15,21.12,79.2,52.08,True,cpu_spike
2014-04-15 23:34:00,server-05,99.62,90.38,25.8,16.21,79.29,68.5,True,cpu_spike
2014-04-15 23:39:00,server-05,98.76,77.14,19.11,16.7,77.09,41.81,True,cpu_spike
2014-04-15 23:44:00,server-05,99.32,94.37,14.54,26.79,79.21,58.82,True,cpu_spike
2014-04-15 23:49:00,server-05,99.41,90.87,12.67,21.24,81.66,58.25,True,cpu_spike
2014-04-15 23:54:00,server-05,98.54,78.6,12.24,27.11,79.97,47.62,True,cpu_spike
2014-04-15 23:59:00,server-05,99.67,90.32,15.47,18.74,81.06,72.67,True,cpu_spike
2014-04-16 00:04:00,server-05,99.11,84.46,32.25,23.85,80.86,48.84,True,cpu_spike
2014-04-16 00:09:00,server-05,97.98,83.83,30.13,13.78,81.6,49.86,True,cpu_spike
2014-04-16 00:14:00,server-05,98.52,92.44,16.21,23.26,77.36,69.29,True,cpu_spike
2014-04-16 00:19:00,server-05,98.31,78.56,31.6,27.35,77.25,65.67,True,cpu_spike
2014-04-16 00:24:00,server-05,98.33,81.26,16.86,19.12,80.55,44.32,True,cpu_spike
2014-04-16 00:29:00,server-05,99.53,90.85,28.39,14.11,78.0,41.32,True,cpu_spike
2014-04-16 00:34:00,server-05,99.44,85.42,34.72,25.94,76.76,73.36,True,cpu_spike
2014-04-16 00:39:00,server-05,99.2,86.49,33.46,24.47,79.13,60.47,True,cpu_spike
2014-04-16 00:44:00,server-05,98.59,88.78,17.25,27.32,81.41,41.65,True,cpu_spike
2014-04-16 00:49:00,server-05,99.09,84.35,27.83,16.08,78.59,73.6,True,cpu_spike
2014-04-16 00:54:00,server-05,99.32,87.31,26.1,13.84,79.18,65.37,True,cpu_spike
2014-04-16 00:59:00,server-05,99.16,93.73,30.59,30.78,78.96,67.58,True,cpu_spike
2014-04-16 01:04:00,server-05,99.25,79.11,31.87,25.14,77.45,58.55,True,cpu_spike
2014-04-16 01:09:00,server-05,99.58,84.8,22.12,30.35,79.17,73.88,True,cpu_spike
2014-04-16 01:14:00,server-05,98.62,85.5,24.86,29.81,76.84,70.21,True,cpu_spike
2014-04-16 01:19:00,server-05,97.72,76.87,32.32,21.28,80.55,49.06,True,cpu_spike
2014-04-16 01:24:00,server-05,98.78,83.42,12.58,14.91,80.38,59.1,True,cpu_spike
2014-04-16 01:29:00,server-05,98.4,81.93,25.98,14.73,76.95,60.41,True,cpu_spike
2014-04-16 01:34:00,server-05,99.6,86.1,25.24,22.72,82.31,47.6,True,cpu_spike
2014-04-16 01:39:00,server-05,99.04,91.38,18.77,29.36,77.88,51.44,True,cpu_spike
2014-04-16 01:44:00,server-05,99.67,85.33,12.82,14.93,80.6,47.02,True,cpu_spike
2014-04-16 01:49:00,server-05,99.62,89.53,33.58,16.02,80.78,68.3,True,cpu_spike
2014-04-16 01:54:00,server-05,99.39,76.06,34.12,15.97,82.11,56.32,True,cpu_spike
2014-04-16 01:59:00,server-05,99.01,90.7,17.24,18.52,77.36,74.17,True,cpu_spike
2014-04-16 02:04:00,server-05,99.18,79.91,26.17,31.57,76.69,64.22,True,cpu_spike
2014-04-16 02:09:00,server-05,99.18,80.22,14.37,25.05,77.87,53.94,True,cpu_spike
2014-04-16 02:14:00,server-05,99.04,75.51,23.53,19.57,81.45,40.67,True,cpu_spike
2014-04-16 02:19:00,server-05,98.73,74.78,17.54,21.23,77.09,62.06,True,cpu_spike
2014-04-16 02:24:00,server-05,98.6,93.37,20.02,20.67,79.53,71.31,True,cpu_spike
2014-04-16 02:29:00,server-05,99.08,82.84,23.19,21.63,78.2,71.69,True,cpu_spike
2014-04-16 02:34:00,server-05,99.36,91.63,25.77,13.96,81.68,53.07,True,cpu_spike
2014-04-16 02:39:00,server-05,99.25,86.37,29.93,18.53,81.06,70.27,True,cpu_spike
2014-04-16 02:44:00,server-05,99.32,92.02,26.37,22.67,82.28,63.72,True,cpu_spike
2014-04-16 02:49:00,server-05,99.49,77.56,24.29,16.03,77.18,40.8,True,cpu_spike
2014-04-16 02:54:00,server-05,98.76,93.06,34.53,15.53,77.79,44.29,True,cpu_spike
2014-04-16 02:59:00,server-05,98.99,78.11,25.38,20.38,80.67,49.32,True,cpu_spike
2014-04-16 03:04:00,server-05,99.55,90.28,33.42,17.99,78.67,40.63,True,cpu_spike
2014-04-16 03:09:00,server-05,99.01,76.19,24.97,18.5,81.16,58.74,True,cpu_spike
2014-04-16 03:14:00,server-05,98.54,86.29,24.62,17.92,80.35,63.21,True,cpu_spike
2014-04-16 03:19:00,server-05,99.53,79.84,16.29,14.25,77.72,56.37,True,cpu_spike
2014-04-16 03:24:00,server-05,99.3,90.99,22.89,14.81,76.66,45.74,True,cpu_spike
2014-04-16 03:29:00,server-05,98.92,75.31,14.68,14.95,79.52,44.14,True,cpu_spike
2014-04-16 03:34:00,server-05,99.21,81.57,25.44,26.07,76.8,40.5,True,cpu_spike
2014-04-16 03:39:00,server-05,98.9,82.72,32.96,26.99,81.01,64.88,True,cpu_spike
2014-04-16 03:44:00,server-05,98.77,88.61,19.37,28.53,77.58,49.66,True,cpu_spike
2014-04-16 03:49:00,server-05,99.41,89.24,22.86,31.13,82.37,44.25,True,cpu_spike
2014-04-16 03:54:00,server-05,99.39,83.29,34.65,22.11,79.08,46.35,True,cpu_spike
2014-04-16 03:59:00,server-05,98.9,82.57,13.5,13.59,79.54,57.62,True,cpu_spike
2014-04-16 04:04:00,server-05,99.01,77.93,16.56,20.86,78.91,42.61,True,cpu_spike
2014-04-16 04:09:00,server-05,99.34,82.5,24.1,18.91,77.6,41.52,True,cpu_spike
2014-04-16 04:14:00,server-05,99.11,88.64,26.74,24.21,82.51,56.22,True,cpu_spike
2014-04-16 04:19:00,server-05,99.16,77.22,19.34,18.62,76.74,60.22,True,cpu_spike
2014-04-16 04:24:00,server-05,99.11,78.67,27.27,22.02,79.05,71.78,True,cpu_spike
2014-04-16 04:29:00,server-05,99.13,79.79,23.54,21.6,79.37,54.18,True,cpu_spike
2014-04-16 04:34:00,server-05,98.85,74.65,25.64,17.61,80.21,45.52,True,cpu_spike
2014-04-16 04:39:00,server-05,98.73,92.77,19.0,13.5,77.19,42.73,True,cpu_spike
2014-04-16 04:44:00,server-05,99.01,90.7,32.78,29.53,80.57,42.04,True,cpu_spike
2014-04-16 04:49:00,server-05,98.92,92.02,28.18,21.6,77.87,68.08,True,cpu_spike
2014-04-16 04:54:00,server-05,99.04,81.62,32.63,23.57,77.44,50.59,True,cpu_spike
2014-04-16 04:59:00,server-05,99.04,87.81,30.71,23.86,76.59,57.08,True,cpu_spike
2014-04-16 05:04:00,server-05,98.83,90.81,13.35,22.32,80.72,52.64,True,cpu_spike
2014-04-16 05:09:00,server-05,99.27,85.62,31.94,13.35,81.74,46.26,True,cpu_spike
2014-04-16 05:14:00,server-05,98.94,89.51,13.26,20.72,80.07,49.89,True,cpu_spike
2014-04-16 05:19:00,server-05,98.99,91.59,21.27,22.48,77.4,57.75,True,cpu_spike
2014-04-16 05:24:00,server-05,99.35,89.58,16.69,29.35,81.78,49.71,True,cpu_spike
2014-04-16 05:29:00,server-05,98.73,91.68,30.66,14.93,81.7,49.06,True,cpu_spike
2014-04-16 05:34:00,server-05,99.34,78.52,19.59,17.04,78.17,57.51,True,cpu_spike
2014-04-16 05:39:00,server-05,98.29,77.88,34.28,18.37,78.94,42.36,True,cpu_spike
2014-04-16 05:44:00,server-05,98.97,77.14,31.51,25.21,77.13,44.95,True,cpu_spike
2014-04-16 05:49:00,server-05,98.36,79.76,18.05,22.92,79.34,55.34,True,cpu_spike
2014-04-16 05:54:00,server-05,99.23,89.64,16.39,15.79,80.27,67.33,True,cpu_spike
2014-04-16 05:59:00,server-05,99.44,80.05,15.38,26.94,82.33,67.97,True,cpu_spike
2014-04-16 06:04:00,server-05,99.36,85.7,26.13,26.54,79.45,60.18,True,cpu_spike
2014-04-16 06:09:00,server-05,99.39,76.7,16.45,31.08,78.05,47.44,True,cpu_spike
2014-04-16 06:14:00,server-05,98.59,78.92,20.44,18.82,81.06,52.26,True,cpu_spike
2014-04-16 06:19:00,server-05,99.06,87.11,26.37,20.68,81.72,54.59,True,cpu_spike
2014-04-16 06:24:00,server-05,99.41,78.96,18.05,23.38,80.2,65.8,True,cpu_spike
2014-04-16 06:29:00,server-05,99.23,82.69,16.56,14.95,77.18,51.89,True,cpu_spike
2014-04-16 06:34:00,server-05,98.81,82.19,24.67,30.63,80.14,43.12,True,cpu_spike
2014-04-16 06:39:00,server-05,99.2,84.16,18.78,30.24,82.54,41.65,True,cpu_spike
2014-04-16 06:44:00,server-05,99.2,91.11,23.88,18.99,76.96,67.47,True,cpu_spike
2014-04-16 06:49:00,server-05,99.25,79.81,27.43,29.15,81.81,73.55,True,cpu_spike
2014-04-16 06:54:00,server-05,98.9,75.45,24.32,21.74,77.65,74.35,True,cpu_spike
2014-04-16 06:59:00,server-05,98.66,88.64,17.73,25.4,81.36,69.93,True,cpu_spike
2014-04-16 07:04:00,server-05,99.04,88.07,21.18,29.03,77.63,53.56,True,cpu_spike
2014-04-16 07:09:00,server-05,99.25,86.64,31.41,26.98,82.2,43.79,True,cpu_spike
2014-04-16 07:14:00,server-05,98.76,82.27,32.21,28.77,82.25,63.34,True,cpu_spike
2014-04-16 07:19:00,server-05,98.33,87.27,33.42,17.47,76.72,62.35,True,cpu_spike
2014-04-16 07:24:00,server-05,98.2,86.26,14.47,25.48,81.36,46.89,True,cpu_spike
2014-04-16 07:29:00,server-05,99.02,84.25,25.21,20.76,77.58,54.59,True,cpu_spike
2014-04-16 07:34:00,server-05,99.08,83.78,23.38,22.99,79.94,44.24,True,cpu_spike
2014-04-16 07:39:00,server-05,99.39,93.56,27.91,23.5,79.02,62.75,True,cpu_spike
2014-04-16 07:44:00,server-05,98.55,90.68,30.55,21.15,76.4,46.12,True,cpu_spike
2014-04-16 07:49:00,server-05,99.03,91.73,18.91,25.79,79.85,52.59,True,cpu_spike
2014-04-16 07:54:00,server-05,99.3,84.44,13.1,13.02,77.2,52.58,True,cpu_spike
2014-04-16 07:59:00,server-05,98.66,87.27,24.2,21.03,76.94,67.63,True,cpu_spike
2014-04-16 08:04:00,server-05,99.04,77.54,33.1,30.52,81.85,63.77,True,cpu_spike
2014-04-16 08:09:00,server-05,99.3,83.86,28.58,19.74,80.41,46.9,True,cpu_spike
2014-04-16 08:14:00,server-05,98.59,74.67,30.14,24.42,80.09,41.89,True,cpu_spike
2014-04-16 08:19:00,server-05,98.31,80.16,22.42,18.33,79.96,72.8,True,cpu_spike
2014-04-16 08:24:00,server-05,98.9,78.34,29.72,16.37,76.7,72.14,True,cpu_spike
2014-04-16 08:29:00,server-05,98.64,75.04,25.63,24.4,81.47,40.07,True,cpu_spike
2014-04-16 08:34:00,server-05,99.32,90.49,30.34,22.26,81.79,40.41,True,cpu_spike
2014-04-16 08:39:00,server-05,99.22,80.96,31.0,19.73,80.3,60.32,True,cpu_spike
2014-04-16 08:44:00,server-05,98.9,83.51,29.63,19.2,80.74,47.51,True,cpu_spike
2014-04-16 08:49:00,server-05,99.37,94.1,15.68,25.32,78.32,58.17,True,cpu_spike
2014-04-16 08:54:00,server-05,99.23,87.53,15.2,24.59,82.23,73.88,True,cpu_spike
2014-04-16 08:59:00,server-05,99.25,79.99,12.31,27.41,77.32,72.37,True,cpu_spike
2014-04-16 09:04:00,server-05,97.8,91.4,29.0,29.74,81.58,66.11,True,cpu_spike
2014-04-16 09:09:00,server-05,99.06,81.65,19.69,14.21,81.4,74.04,True,cpu_spike
2014-04-16 09:14:00,server-05,99.34,78.19,22.12,21.59,82.22,62.44,True,cpu_spike
2014-04-16 09:19:00,server-05,98.85,90.34,23.02,23.87,78.06,51.15,True,cpu_spike
2014-04-16 09:24:00,server-05,99.13,76.13,16.86,18.16,76.75,47.55,True,cpu_spike
2014-04-16 09:29:00,server-05,99.2,85.16,21.29,29.02,82.0,74.29,True,cpu_spike
2014-04-16 09:34:00,server-05,99.41,88.26,26.3,31.95,80.7,66.82,True,cpu_spike
2014-04-16 09:39:00,server-05,99.2,88.22,29.62,17.85,77.0,53.03,True,cpu_spike
2014-04-16 09:44:00,server-05,99.69,89.28,26.41,17.09,77.85,57.47,True,cpu_spike
2014-04-16 09:49:00,server-05,99.06,92.55,15.66,17.74,81.7,45.58,True,cpu_spike
2014-04-16 09:54:00,server-05,99.44,76.61,29.96,21.69,79.81,56.66,True,cpu_spike
2014-04-16 09:59:00,server-05,98.47,88.3,29.33,20.18,77.29,51.65,True,cpu_spike
2014-04-16 10:04:00,server-05,98.76,77.98,19.78,27.96,82.01,73.07,True,cpu_spike
2014-04-16 10:09:00,server-05,99.01,81.91,30.28,24.57,77.19,46.67,True,cpu_spike
2014-04-16 10:14:00,server-05,98.97,83.87,31.31,29.65,78.65,44.33,True,cpu_spike
2014-04-16 10:19:00,server-05,99.04,75.15,30.34,23.05,80.34,63.96,True,cpu_spike
2014-04-16 10:24:00,server-05,98.05,75.04,22.51,14.72,81.13,56.42,True,cpu_spike
2014-04-16 10:29:00,server-05,99.06,77.7,18.3,19.51,77.41,55.48,True,cpu_spike
2014-04-16 10:34:00,server-05,98.8,79.05,17.65,13.37,77.07,73.94,True,cpu_spike
2014-04-16 10:39:00,server-05,98.59,79.42,14.71,15.57,76.87,50.05,True,cpu_spike
2014-04-16 10:44:00,server-05,97.28,87.17,21.28,24.63,78.21,43.2,True,cpu_spike
2014-04-16 10:49:00,server-05,98.29,87.42,31.21,13.29,78.71,54.52,True,cpu_spike
2014-04-16 10:54:00,server-05,99.27,80.18,13.96,26.76,77.41,58.07,True,cpu_spike
2014-04-16 10:59:00,server-05,98.79,80.11,19.76,28.26,81.04,43.32,True,cpu_spike
2014-04-16 11:04:00,server-05,97.98,76.41,32.15,24.52,80.84,52.73,True,cpu_spike
2014-04-16 11:09:00,server-05,98.83,75.6,20.54,14.91,81.32,67.48,True,cpu_spike
2014-04-16 11:14:00,server-05,98.5,85.58,24.38,21.7,76.74,47.14,True,cpu_spike
2014-04-16 11:19:00,server-05,98.71,81.92,26.53,25.13,79.38,53.9,True,cpu_spike
2014-04-16 11:24:00,server-05,99.46,78.26,27.77,27.77,81.41,69.8,True,cpu_spike
2014-04-16 11:29:00,server-05,98.69,81.11,26.18,16.83,79.0,56.55,True,cpu_spike
2014-04-16 11:34:00,server-05,98.66,92.77,32.38,14.36,77.1,61.01,True,cpu_spike
2014-04-16 11:39:00,server-05,99.3,75.7,23.2,13.9,79.5,44.41,True,cpu_spike
2014-04-16 11:44:00,server-05,98.43,77.64,25.75,20.39,78.02,72.31,True,cpu_spike
2014-04-16 11:49:00,server-05,99.3,94.05,16.64,26.88,76.82,42.85,True,cpu_spike
2014-04-16 11:54:00,server-05,99.15,93.37,24.55,13.55,80.89,70.89,True,cpu_spike
2014-04-16 11:59:00,server-05,99.04,75.67,20.82,17.49,78.53,51.56,True,cpu_spike
2014-04-16 12:04:00,server-05,99.34,77.75,14.95,27.67,77.77,60.12,True,cpu_spike
2014-04-16 12:09:00,server-05,99.08,77.49,31.41,21.01,80.13,44.12,True,cpu_spike
2014-04-16 12:14:00,server-05,99.01,82.73,19.66,29.14,81.65,40.19,True,cpu_spike
2014-04-16 12:19:00,server-05,99.37,81.69,30.84,14.68,79.45,46.2,True,cpu_spike
2014-04-16 12:24:00,server-05,98.83,85.81,24.03,29.88,81.9,45.8,True,cpu_spike
2014-04-16 12:29:00,server-05,98.42,76.47,22.16,27.22,80.63,70.27,True,cpu_spike
2014-04-16 12:34:00,server-05,98.69,90.07,28.95,28.89,80.5,73.62,True,cpu_spike
2014-04-16 12:39:00,server-05,99.13,84.22,15.44,25.24,82.03,42.8,True,cpu_spike
2014-04-16 12:44:00,server-05,98.97,77.19,17.67,30.63,82.01,53.41,True,cpu_spike
2014-04-16 12:49:00,server-05,98.94,78.71,17.08,24.85,76.94,74.15,True,cpu_spike
2014-04-16 12:54:00,server-05,98.92,75.15,19.57,20.7,77.9,58.86,True,cpu_spike
2014-04-16 12:59:00,server-05,99.48,75.32,18.64,22.31,81.79,50.96,True,cpu_spike
2014-04-16 13:04:00,server-05,99.37,89.23,24.17,25.57,78.15,52.31,True,cpu_spike
2014-04-16 13:09:00,server-05,98.76,74.91,21.94,19.53,82.11,52.42,True,cpu_spike
2014-04-16 13:14:00,server-05,98.76,92.71,21.39,14.59,78.63,59.43,True,cpu_spike
2014-04-16 13:19:00,server-05,99.04,78.55,16.86,18.11,80.55,50.38,True,cpu_spike
2014-04-16 13:24:00,server-05,98.38,92.76,16.17,28.39,79.3,69.09,True,cpu_spike
2014-04-16 13:29:00,server-05,99.23,93.02,28.92,16.14,78.76,66.03,True,cpu_spike
2014-04-16 13:34:00,server-05,98.78,80.0,28.05,29.44,77.67,64.11,True,cpu_spike
2014-04-16 13:39:00,server-05,98.89,91.22,13.82,18.19,81.34,57.8,True,cpu_spike
2014-04-16 13:44:00,server-05,98.74,90.71,25.3,17.33,78.93,56.76,True,cpu_spike
2014-04-16 13:49:00,server-05,98.47,75.24,20.31,18.2,80.51,53.86,True,cpu_spike
2014-04-16 13:54:00,server-05,98.57,88.06,14.94,16.16,81.65,46.58,True,cpu_spike
2014-04-16 13:59:00,server-05,99.08,75.52,26.02,17.25,81.35,40.28,True,cpu_spike
2014-04-16 14:04:00,server-05,97.49,82.29,12.96,27.43,81.38,65.54,True,cpu_spike
2014-04-16 14:09:00,server-05,99.23,74.87,20.81,14.93,77.71,45.79,True,cpu_spike
2014-04-16 14:14:00,server-05,98.99,83.26,24.17,31.68,79.18,74.09,True,cpu_spike
2014-04-16 14:19:00,server-05,99.3,82.6,21.03,26.21,82.01,44.77,True,cpu_spike
2014-04-16 14:24:00,server-05,99.06,84.62,13.92,16.53,81.95,45.1,True,cpu_spike
2014-04-16 14:29:00,server-05,99.43,76.05,12.04,25.45,82.14,63.82,True,cpu_spike
2014-04-16 14:34:00,server-05,99.13,83.49,32.24,28.64,77.17,52.98,True,cpu_spike
2014-04-16 14:39:00,server-05,99.25,85.81,16.5,23.4,82.11,69.05,True,cpu_spike
2014-04-16 14:44:00,server-05,98.55,82.0,29.71,18.14,76.59,72.09,True,cpu_spike
2014-04-16 14:49:00,server-05,99.22,87.49,29.19,22.63,80.09,40.81,True,cpu_spike
2014-03-03 17:19:00,server-06,67.17,58.4,137.65,2.31,66.32,60.88,True,disk_failure
2014-03-03 18:49:00,server-06,62.42,60.76,136.57,14.29,62.85,67.57,True,disk_failure
2014-03-03 19:54:00,server-06,63.49,55.8,163.15,16.0,60.68,45.51,True,disk_failure
2014-03-03 20:34:00,server-06,62.6,43.93,122.32,19.39,59.07,40.53,True,disk_failure
2014-03-03 21:54:00,server-06,50.34,36.76,141.01,18.66,52.26,60.89,True,disk_failure
2014-03-03 23:34:00,server-06,65.62,60.06,136.48,11.76,60.12,72.17,True,disk_failure
2014-03-04 00:14:00,server-06,66.95,51.29,158.69,9.38,63.15,67.99,True,disk_failure
2014-03-04 00:59:00,server-06,67.94,49.11,136.38,17.12,63.28,66.32,True,disk_failure
2014-03-04 17:09:00,server-06,67.74,64.48,138.37,9.46,65.57,55.03,True,disk_failure
2014-03-04 21:09:00,server-06,68.7,65.43,156.98,17.75,67.23,52.04,True,disk_failure
2014-03-04 22:14:00,server-06,65.52,55.66,144.89,10.64,62.05,49.83,True,disk_failure
2014-03-04 22:59:00,server-06,53.95,55.33,183.46,11.6,56.79,40.28,True,disk_failure
2014-03-05 18:39:00,server-06,67.62,60.14,136.38,6.4,66.41,72.11,True,disk_failure
2014-03-05 19:24:00,server-06,56.28,47.32,173.61,5.21,55.81,49.69,True,disk_failure
2014-03-05 20:14:00,server-06,61.8,53.69,141.3,2.49,60.18,68.34,True,disk_failure
2014-03-05 21:09:00,server-06,64.23,46.72,137.67,15.39,61.23,53.37,True,disk_failure
2014-03-05 23:04:00,server-06,61.62,56.0,141.29,4.45,62.69,56.71,True,disk_failure
2014-03-05 23:29:00,server-06,56.07,39.66,140.81,19.2,60.93,73.31,True,disk_failure
2014-03-05 23:59:00,server-06,52.23,35.44,183.36,4.85,59.11,45.16,True,disk_failure
2014-03-06 00:54:00,server-06,64.82,52.72,139.75,6.85,64.75,59.12,True,disk_failure
2014-03-06 03:19:00,server-06,69.77,66.76,136.94,19.73,65.56,61.25,True,disk_failure
2014-03-06 08:44:00,server-06,63.16,59.91,169.02,13.02,63.88,72.86,True,disk_failure
2014-03-06 09:54:00,server-06,61.26,50.67,143.13,5.59,63.08,69.11,True,disk_failure
2014-03-06 17:29:00,server-06,67.7,56.04,137.99,12.74,63.22,46.69,True,disk_failure
2014-03-06 19:09:00,server-06,60.49,50.91,136.55,13.74,59.95,51.31,True,disk_failure
2014-03-07 10:14:00,server-06,50.45,50.16,175.44,14.03,55.51,43.4,True,disk_failure
2014-03-07 17:44:00,server-06,62.63,53.11,169.37,6.43,63.97,73.68,True,disk_failure
2014-03-07 18:44:00,server-06,59.47,47.21,135.64,6.22,58.3,44.19,True,disk_failure
2014-03-07 20:14:00,server-06,58.53,48.12,141.31,2.77,57.68,55.76,True,disk_failure
2014-03-07 21:04:00,server-06,53.01,47.26,173.82,2.94,59.12,66.16,True,disk_failure
2014-03-07 21:59:00,server-06,66.67,62.55,158.66,14.58,61.33,54.49,True,disk_failure
2014-03-07 22:49:00,server-06,56.9,52.78,142.62,16.93,56.6,47.5,True,disk_failure
2014-03-07 23:44:00,server-06,69.54,56.68,183.59,3.38,65.42,69.94,True,disk_failure
2014-03-08 01:29:00,server-06,62.2,48.64,136.35,7.86,58.31,52.88,True,disk_failure
2014-03-08 02:19:00,server-06,66.52,56.76,183.57,5.26,63.29,53.91,True,disk_failure
2014-03-08 03:14:00,server-06,65.89,64.44,136.23,17.75,60.11,54.25,True,disk_failure
2014-03-08 04:14:00,server-06,59.45,48.74,138.27,4.14,59.74,72.52,True,disk_failure
2014-03-08 22:49:00,server-06,58.77,51.92,161.99,14.74,57.56,58.83,True,disk_failure
2014-03-10 01:29:00,server-06,15.8,10.31,0.0,4.67,37.89,52.33,True,thermal_event
2014-03-10 01:34:00,server-06,20.24,17.87,0.0,8.24,41.58,50.14,True,thermal_event
2014-03-10 01:39:00,server-06,20.72,24.64,0.0,3.2,39.2,43.07,True,thermal_event
2014-03-10 01:44:00,server-06,26.09,12.53,0.0,14.67,43.54,48.5,True,thermal_event
2014-03-10 01:49:00,server-06,17.46,15.23,0.0,13.58,37.89,48.25,True,thermal_event
2014-03-10 01:54:00,server-06,27.8,30.53,0.0,15.64,43.69,74.21,True,thermal_event
2014-03-10 01:59:00,server-06,14.05,5.0,0.0,8.42,39.82,41.89,True,thermal_event
2014-03-10 02:04:00,server-06,23.09,12.42,0.0,19.76,42.17,66.81,True,thermal_event
2014-03-10 02:09:00,server-06,14.29,18.83,0.0,4.48,35.22,41.49,True,thermal_event
2014-03-10 02:14:00,server-06,23.37,12.31,0.0,2.78,44.47,74.54,True,thermal_event
2014-03-10 02:19:00,server-06,21.75,15.76,0.0,12.24,41.81,69.51,True,thermal_event
2014-03-10 02:24:00,server-06,17.21,24.22,0.0,4.25,35.98,55.54,True,thermal_event
2014-03-10 02:29:00,server-06,12.92,15.86,0.0,5.69,35.22,53.4,True,thermal_event
2014-03-10 02:34:00,server-06,20.15,26.97,0.0,15.04,37.31,44.49,True,thermal_event
2014-03-10 02:39:00,server-06,13.33,5.0,0.0,15.42,34.55,64.66,True,thermal_event
2014-03-10 02:44:00,server-06,17.15,20.59,0.0,10.38,37.79,62.34,True,thermal_event
2014-03-10 02:49:00,server-06,12.2,20.04,0.0,8.02,35.82,69.1,True,thermal_event
2014-03-10 02:54:00,server-06,21.14,8.01,0.0,6.99,39.92,55.34,True,thermal_event
2014-03-10 02:59:00,server-06,18.02,17.66,0.0,12.78,40.75,42.27,True,thermal_event
2014-03-10 03:04:00,server-06,27.18,17.58,0.0,12.33,45.77,74.95,True,thermal_event
2014-03-10 03:09:00,server-06,20.32,17.85,0.0,13.99,38.28,45.61,True,thermal_event
2014-03-10 03:14:00,server-06,19.19,21.98,0.0,14.39,42.18,71.96,True,thermal_event
2014-03-10 03:19:00,server-06,13.99,5.0,0.0,15.55,36.11,63.72,True,thermal_event
2014-03-10 03:24:00,server-06,11.71,5.0,0.0,12.41,38.28,71.66,True,thermal_event
2014-03-10 03:29:00,server-06,21.67,19.98,0.0,3.21,38.74,64.89,True,thermal_event
2014-03-10 03:34:00,server-06,12.76,12.34,0.0,10.15,33.71,72.91,True,thermal_event
2014-03-10 03:39:00,server-06,20.15,16.7,0.0,6.1,39.54,69.38,True,thermal_event
2014-03-10 03:44:00,server-06,18.21,25.27,0.0,7.65,38.45,72.31,True,thermal_event
2014-03-10 03:49:00,server-06,23.68,26.35,0.0,3.42,38.92,49.68,True,thermal_event
2014-03-10 03:54:00,server-06,26.73,18.28,0.0,13.37,44.61,54.46,True,thermal_event
2014-03-10 03:59:00,server-06,24.13,12.89,0.0,8.82,43.95,49.21,True,thermal_event
2014-03-10 04:04:00,server-06,21.35,19.0,0.0,14.16,43.49,68.14,True,thermal_event
2014-03-10 04:09:00,server-06,23.96,15.41,0.0,16.91,42.02,48.27,True,thermal_event
2014-03-10 04:14:00,server-06,15.11,5.0,0.0,9.32,35.38,60.37,True,thermal_event
2014-03-10 04:19:00,server-06,18.63,14.91,0.0,7.09,36.79,62.66,True,thermal_event
2014-03-10 04:24:00,server-06,16.69,18.43,0.0,14.98,40.91,72.27,True,thermal_event
2014-03-10 04:29:00,server-06,26.79,30.96,0.0,3.48,46.31,46.78,True,thermal_event
2014-03-10 04:34:00,server-06,27.13,21.35,0.0,12.3,45.65,42.48,True,thermal_event
2014-03-10 04:39:00,server-06,25.58,24.56,0.0,16.51,45.05,60.16,True,thermal_event
2014-03-10 04:44:00,server-06,12.63,5.63,0.0,6.25,37.25,72.85,True,thermal_event
2014-03-10 04:49:00,server-06,21.26,25.3,0.0,2.48,38.67,65.91,True,thermal_event
2014-03-10 04:54:00,server-06,17.29,19.26,0.0,5.27,37.55,64.89,True,thermal_event
2014-03-10 04:59:00,server-06,15.93,9.48,0.0,13.44,37.99,44.46,True,thermal_event
2014-03-10 05:04:00,server-06,17.52,12.12,0.0,14.21,35.81,67.87,True,thermal_event
2014-03-10 05:09:00,server-06,19.95,9.12,0.0,13.25,38.02,64.68,True,thermal_event
2014-03-10 05:14:00,server-06,20.85,26.03,0.0,16.07,38.92,57.04,True,thermal_event
2014-03-10 05:19:00,server-06,12.79,10.41,0.0,15.51,33.78,44.58,True,thermal_event
2014-03-10 05:24:00,server-06,18.57,16.29,0.0,12.67,37.7,72.24,True,thermal_event
2014-03-10 05:29:00,server-06,18.49,16.01,0.0,17.19,41.84,49.08,True,thermal_event
2014-03-10 05:34:00,server-06,24.36,12.81,0.0,17.28,43.44,48.14,True,thermal_event
2014-03-10 05:39:00,server-06,17.68,7.71,0.0,7.08,41.37,46.44,True,thermal_event
2014-03-10 05:44:00,server-06,17.96,17.05,0.0,2.76,40.11,46.89,True,thermal_event
2014-03-10 05:49:00,server-06,19.35,9.52,0.0,14.52,41.4,48.26,True,thermal_event
2014-03-10 05:54:00,server-06,22.14,12.85,0.0,3.27,39.77,42.62,True,thermal_event
2014-03-10 05:59:00,server-06,11.48,5.0,0.0,16.63,37.34,44.32,True,thermal_event
2014-03-10 06:04:00,server-06,24.38,19.25,0.0,6.94,42.42,48.69,True,thermal_event
2014-03-10 06:09:00,server-06,26.8,15.2,0.0,7.81,44.82,48.06,True,thermal_event
2014-03-10 06:14:00,server-06,18.82,16.63,0.0,2.24,41.91,42.86,True,thermal_event
2014-03-10 06:19:00,server-06,24.79,20.82,0.0,1.7,44.3,50.52,True,thermal_event
2014-03-10 06:24:00,server-06,20.72,10.58,0.0,8.77,41.61,56.86,True,thermal_event
2014-03-10 06:29:00,server-06,29.04,32.94,0.0,19.95,46.56,62.14,True,thermal_event
2014-03-10 06:34:00,server-06,18.59,20.08,0.0,17.85,40.06,53.95,True,thermal_event
2014-03-10 06:39:00,server-06,14.77,20.35,0.0,8.48,39.64,62.82,True,thermal_event
2014-03-10 06:44:00,server-06,10.8,5.0,0.0,7.74,34.89,67.06,True,thermal_event
2014-03-10 06:49:00,server-06,11.05,5.0,0.0,6.58,33.41,47.62,True,thermal_event
2014-03-10 06:54:00,server-06,29.84,18.28,0.0,10.62,44.65,69.87,True,thermal_event
2014-03-10 06:59:00,server-06,12.88,20.51,0.0,16.5,36.98,64.65,True,thermal_event
2014-03-10 07:04:00,server-06,13.85,13.55,0.0,11.41,34.4,56.35,True,thermal_event
2014-03-10 07:09:00,server-06,21.39,18.43,0.0,12.32,40.81,67.09,True,thermal_event
2014-03-10 07:14:00,server-06,19.18,13.81,0.0,7.81,40.17,56.87,True,thermal_event
2014-03-10 07:19:00,server-06,12.45,5.0,0.0,2.3,35.05,58.42,True,thermal_event
2014-03-10 07:24:00,server-06,10.9,7.3,0.0,15.14,34.1,59.52,True,thermal_event
2014-03-10 07:29:00,server-06,11.54,5.0,0.0,18.82,33.41,48.74,True,thermal_event
2014-03-10 07:34:00,server-06,20.04,12.57,0.0,5.46,39.32,43.41,True,thermal_event
2014-03-10 07:39:00,server-06,22.27,11.54,0.0,2.37,42.48,69.32,True,thermal_event
2014-03-10 07:44:00,server-06,26.3,27.79,0.0,13.27,40.59,63.26,True,thermal_event
2014-03-10 07:49:00,server-06,21.35,14.37,0.0,16.61,41.67,74.11,True,thermal_event
2014-03-10 07:54:00,server-06,11.51,5.0,0.0,1.04,33.91,59.1,True,thermal_event
2014-03-10 07:59:00,server-06,15.44,11.22,2.3,3.76,39.86,69.85,True,thermal_event
2014-03-10 08:04:00,server-06,26.76,17.14,2.22,16.6,41.08,50.73,True,thermal_event
2014-03-10 08:09:00,server-06,20.25,8.3,0.0,11.95,40.58,66.63,True,thermal_event
2014-03-10 08:14:00,server-06,23.35,15.49,0.0,3.13,41.1,69.49,True,thermal_event
2014-03-10 08:19:00,server-06,23.76,11.93,0.0,6.57,42.42,62.11,True,thermal_event
2014-03-10 08:24:00,server-06,21.54,18.72,0.0,12.63,42.26,73.61,True,thermal_event
2014-03-10 08:29:00,server-06,28.46,17.7,0.0,2.92,47.01,53.33,True,thermal_event
2014-03-10 08:34:00,server-06,26.47,27.83,0.0,18.71,40.87,66.93,True,thermal_event
2014-03-10 08:39:00,server-06,24.27,12.67,0.0,4.14,43.66,53.11,True,thermal_event
2014-03-10 08:44:00,server-06,28.21,23.75,0.0,7.3,42.54,52.56,True,thermal_event
2014-03-10 08:49:00,server-06,27.09,13.16,0.0,10.98,46.0,52.85,True,thermal_event
2014-03-10 08:54:00,server-06,23.33,12.13,0.0,7.8,42.34,71.81,True,thermal_event
2014-03-10 08:59:00,server-06,23.81,27.24,0.0,9.95,40.51,48.6,True,thermal_event
2014-03-10 09:04:00,server-06,21.6,20.71,0.0,8.12,38.13,56.44,True,thermal_event
2014-03-10 09:09:00,server-06,19.93,9.19,0.0,17.95,40.1,71.96,True,thermal_event
2014-03-10 09:14:00,server-06,29.49,33.03,0.0,19.99,46.39,66.46,True,thermal_event
2014-03-10 09:19:00,server-06,20.75,24.51,0.0,12.14,37.61,73.53,True,thermal_event
2014-03-10 09:24:00,server-06,25.1,17.4,0.0,2.43,44.32,71.73,True,thermal_event
2014-03-10 09:29:00,server-06,28.86,21.27,0.0,8.58,45.06,41.17,True,thermal_event
2014-03-10 09:34:00,server-06,19.29,14.71,0.0,6.72,38.14,65.5,True,thermal_event
2014-03-10 09:39:00,server-06,28.23,18.64,0.0,9.17,42.52,74.19,True,thermal_event
2014-03-10 09:44:00,server-06,29.51,22.04,0.0,18.68,43.58,70.33,True,thermal_event
2014-03-10 09:49:00,server-06,13.93,17.26,0.0,12.87,39.7,49.26,True,thermal_event
2014-03-10 09:54:00,server-06,16.11,17.48,0.0,11.58,37.22,69.32,True,thermal_event
2014-03-10 09:59:00,server-06,18.35,21.93,0.0,7.46,37.45,66.62,True,thermal_event
2014-03-10 10:04:00,server-06,10.91,9.28,0.0,1.11,37.27,62.56,True,thermal_event
2014-03-10 10:09:00,server-06,27.68,25.54,0.0,1.71,41.92,65.42,True,thermal_event
2014-03-10 10:14:00,server-06,28.78,16.02,0.0,10.59,44.22,41.92,True,thermal_event
2014-03-10 10:19:00,server-06,12.63,7.27,0.0,13.53,37.5,73.49,True,thermal_event
2014-03-10 10:24:00,server-06,15.55,17.93,0.0,15.97,40.46,67.67,True,thermal_event
2014-03-10 10:29:00,server-06,19.74,24.49,0.0,11.79,40.28,73.3,True,thermal_event
2014-03-10 10:34:00,server-06,27.1,20.5,0.0,3.98,42.26,68.97,True,thermal_event
2014-03-10 10:39:00,server-06,16.66,19.88,0.0,12.16,36.44,49.91,True,thermal_event
2014-03-10 10:44:00,server-06,18.08,23.92,0.0,8.42,39.03,56.85,True,thermal_event
2014-03-10 10:49:00,server-06,22.54,14.77,0.0,6.19,43.62,40.02,True,thermal_event
2014-03-10 10:54:00,server-06,29.62,18.67,0.0,12.47,46.5,73.03,True,thermal_event
2014-03-10 10:59:00,server-06,12.04,5.0,0.0,2.19,36.32,72.92,True,thermal_event
2014-03-10 11:04:00,server-06,18.63,21.24,0.0,19.84,41.91,56.05,True,thermal_event
2014-03-10 11:09:00,server-06,14.3,13.94,0.0,4.39,38.22,53.63,True,thermal_event
2014-03-10 11:14:00,server-06,24.03,11.09,0.0,16.62,41.3,63.95,True,thermal_event
2014-03-10 11:19:00,server-06,14.39,6.7,0.0,6.47,39.15,54.47,True,thermal_event
2014-03-10 11:24:00,server-06,18.22,19.91,0.0,7.68,37.03,63.38,True,thermal_event
2014-03-10 11:29:00,server-06,27.31,13.88,0.0,13.9,45.35,60.73,True,thermal_event
2014-03-10 11:34:00,server-06,25.45,29.61,0.0,7.58,43.17,66.84,True,thermal_event
2014-03-10 11:39:00,server-06,20.1,18.37,0.0,11.86,39.58,48.92,True,thermal_event
2014-03-10 11:44:00,server-06,18.34,20.04,0.0,4.54,42.01,72.01,True,thermal_event
2014-03-10 11:49:00,server-06,25.49,26.19,0.0,6.75,42.72,61.42,True,thermal_event
2014-03-10 11:54:00,server-06,29.5,18.72,0.0,18.95,44.83,41.87,True,thermal_event
2014-03-10 11:59:00,server-06,22.53,15.96,0.0,18.23,43.1,59.56,True,thermal_event
2014-03-10 12:04:00,server-06,25.29,14.95,0.0,15.87,40.89,53.65,True,thermal_event
2014-03-10 12:09:00,server-06,12.14,5.0,0.0,6.01,35.49,72.57,True,thermal_event
2014-03-10 12:14:00,server-06,11.07,12.92,0.0,15.94,33.43,57.39,True,thermal_event
2014-03-10 12:19:00,server-06,27.58,22.56,0.0,16.74,42.06,59.09,True,thermal_event
2014-03-10 12:24:00,server-06,19.86,25.06,0.0,11.23,39.85,64.27,True,thermal_event
2014-03-10 12:29:00,server-06,10.22,5.0,0.0,19.11,35.74,40.94,True,thermal_event
2014-03-10 12:34:00,server-06,26.81,29.67,0.0,8.02,41.41,51.41,True,thermal_event
2014-03-10 12:39:00,server-06,26.58,25.78,0.0,6.68,45.99,65.32,True,thermal_event
2014-03-10 12:44:00,server-06,16.47,12.12,0.0,6.77,38.91,65.18,True,thermal_event
2014-03-10 12:49:00,server-06,34.0,32.77,19.59,2.78,48.41,40.28,True,thermal_event
2014-03-10 12:54:00,server-06,48.08,45.55,48.75,5.49,55.1,48.21,True,thermal_event
2014-03-10 12:59:00,server-06,68.94,52.37,137.84,10.84,62.99,51.57,True,disk_failure
2014-03-10 13:04:00,server-06,40.65,38.38,29.57,16.61,51.16,64.75,True,thermal_event
2014-03-10 13:09:00,server-06,27.18,24.81,2.16,8.83,43.34,50.72,True,thermal_event
2014-03-10 13:14:00,server-06,10.23,5.0,0.0,6.43,32.33,51.97,True,thermal_event
2014-03-10 13:19:00,server-06,24.64,12.53,0.0,12.99,39.51,50.58,True,thermal_event
2014-03-10 13:24:00,server-06,29.35,21.48,0.0,3.64,44.57,49.47,True,thermal_event
2014-03-10 13:29:00,server-06,23.68,11.38,0.0,6.32,39.01,59.12,True,thermal_event
2014-03-10 13:34:00,server-06,24.58,16.0,0.0,3.19,39.51,41.88,True,thermal_event
2014-03-10 13:39:00,server-06,17.48,23.28,0.0,5.45,36.04,66.01,True,thermal_event
2014-03-10 13:44:00,server-06,14.04,8.16,0.0,1.63,35.96,46.48,True,thermal_event
2014-03-10 13:49:00,server-06,28.51,32.28,0.0,19.68,45.82,67.32,True,thermal_event
2014-03-10 13:54:00,server-06,15.9,6.97,0.0,14.61,39.25,73.42,True,thermal_event
2014-03-10 13:59:00,server-06,28.56,24.39,0.0,7.82,43.56,57.18,True,thermal_event
2014-03-10 14:04:00,server-06,11.83,8.6,0.0,8.91,37.21,55.37,True,thermal_event
2014-03-10 14:09:00,server-06,18.02,5.82,0.0,8.98,41.87,73.68,True,thermal_event
2014-03-10 14:14:00,server-06,10.71,5.22,0.0,7.86,35.49,61.23,True,thermal_event
2014-03-10 14:19:00,server-06,23.17,15.73,0.0,2.94,41.74,49.51,True,thermal_event
2014-03-10 14:24:00,server-06,15.6,8.93,0.0,15.08,35.27,53.6,True,thermal_event
2014-03-10 14:29:00,server-06,19.92,9.78,0.0,4.06,39.79,74.02,True,thermal_event
2014-03-10 14:34:00,server-06,27.24,16.85,0.0,2.47,46.2,40.15,True,thermal_event
2014-03-10 14:39:00,server-06,28.87,17.62,0.0,17.05,45.02,65.72,True,thermal_event
2014-03-10 14:44:00,server-06,21.31,21.36,0.0,6.36,42.9,43.2,True,thermal_event
2014-03-10 14:49:00,server-06,22.35,9.94,0.0,11.12,42.01,46.39,True,thermal_event
2014-03-10 14:54:00,server-06,10.11,5.0,0.0,19.84,35.29,43.08,True,thermal_event
2014-03-10 14:59:00,server-06,20.35,20.73,0.0,19.33,40.66,63.97,True,thermal_event
2014-03-10 15:04:00,server-06,20.69,16.57,0.0,4.26,38.09,48.36,True,thermal_event
2014-03-10 15:09:00,server-06,22.54,15.09,0.0,16.24,39.81,66.06,True,thermal_event
2014-03-10 15:14:00,server-06,10.11,5.0,0.0,3.61,32.84,55.25,True,thermal_event
2014-03-10 15:19:00,server-06,17.18,23.89,0.0,7.49,36.28,53.31,True,thermal_event
2014-03-10 15:24:00,server-06,29.22,16.44,0.0,17.09,44.6,45.37,True,thermal_event
2014-03-10 15:29:00,server-06,24.4,28.12,0.0,4.69,41.76,44.3,True,thermal_event
2014-03-10 15:34:00,server-06,22.39,16.28,19.06,7.76,42.06,43.89,True,thermal_event
2014-03-10 15:39:00,server-06,65.82,61.25,155.03,12.43,60.87,51.23,True,disk_failure
2014-03-10 15:44:00,server-06,39.49,25.0,29.54,11.28,48.48,64.09,True,thermal_event
2014-03-10 15:49:00,server-06,24.4,14.35,31.65,11.67,44.04,59.05,True,thermal_event
2014-03-10 15:54:00,server-06,25.32,19.89,0.04,14.84,40.52,66.86,True,thermal_event
2014-03-10 15:59:00,server-06,11.0,5.0,0.0,5.29,36.12,47.55,True,thermal_event
2014-03-10 16:04:00,server-06,15.99,10.5,0.0,6.14,39.1,74.87,True,thermal_event
2014-03-10 16:09:00,server-06,26.78,16.23,0.0,14.65,41.43,62.6,True,thermal_event
2014-03-10 16:14:00,server-06,28.06,25.99,0.0,11.74,44.35,62.92,True,thermal_event
2014-03-10 16:19:00,server-06,25.63,18.89,0.0,19.63,45.06,64.87,True,thermal_event
2014-03-10 16:24:00,server-06,11.78,5.56,0.0,1.64,35.92,72.85,True,thermal_event
2014-03-10 16:29:00,server-06,18.58,19.09,0.0,15.54,38.08,65.25,True,thermal_event
2014-03-10 16:34:00,server-06,33.69,34.0,18.77,12.68,44.65,74.52,True,thermal_event
2014-03-10 16:39:00,server-06,41.5,28.73,41.75,9.93,48.14,42.7,True,thermal_event
2014-03-10 16:44:00,server-06,60.73,60.0,143.24,13.17,58.47,72.36,True,disk_failure
2014-03-10 16:49:00,server-06,32.44,30.59,28.94,17.68,45.39,56.88,True,thermal_event
2014-03-10 16:54:00,server-06,23.52,17.46,2.41,16.88,42.11,49.21,True,thermal_event
2014-03-10 16:59:00,server-06,22.42,24.62,0.0,11.09,41.02,64.08,True,thermal_event
2014-03-10 17:04:00,server-06,23.3,19.22,0.0,16.37,42.64,42.45,True,thermal_event
2014-03-10 17:09:00,server-06,29.73,15.27,0.0,9.75,43.63,70.38,True,thermal_event
2014-03-10 17:14:00,server-06,11.8,18.6,0.0,18.35,32.95,74.47,True,thermal_event
2014-03-10 17:19:00,server-06,27.31,28.72,0.0,3.27,41.02,42.08,True,thermal_event
2014-03-10 17:24:00,server-06,13.37,17.98,0.0,1.05,39.15,45.21,True,thermal_event
2014-03-10 17:29:00,server-06,24.36,16.26,19.21,11.04,39.55,47.27,True,thermal_event
2014-03-10 17:34:00,server-06,50.39,50.64,183.53,4.15,55.18,57.85,True,disk_failure
2014-03-10 17:39:00,server-06,29.91,18.07,0.85,8.44,47.62,70.92,True,thermal_event
2014-03-10 17:44:00,server-06,34.86,23.4,30.97,17.65,46.79,57.85,True,thermal_event
2014-03-10 17:49:00,server-06,21.12,12.14,0.93,12.49,42.26,46.88,True,thermal_event
2014-03-10 17:54:00,server-06,28.13,18.04,0.0,16.63,43.23,50.06,True,thermal_event
2014-03-10 17:59:00,server-06,11.47,11.9,0.0,1.5,35.15,53.95,True,thermal_event
2014-03-10 18:04:00,server-06,24.52,17.97,0.0,6.24,43.91,62.59,True,thermal_event
2014-03-10 18:09:00,server-06,21.68,11.54,0.0,13.14,41.61,68.35,True,thermal_event
2014-03-10 18:14:00,server-06,25.46,28.87,0.0,1.46,45.22,72.91,True,thermal_event
2014-03-10 18:19:00,server-06,25.66,21.92,0.0,11.05,42.23,51.83,True,thermal_event
2014-03-10 18:24:00,server-06,14.56,16.08,0.0,14.9,36.0,64.76,True,thermal_event
2014-03-10 18:29:00,server-06,21.25,17.2,0.0,8.87,40.15,56.25,True,thermal_event
2014-03-10 18:34:00,server-06,13.1,10.55,0.0,8.27,34.46,51.47,True,thermal_event
2014-03-10 18:39:00,server-06,15.27,14.96,0.0,11.32,35.58,48.79,True,thermal_event
2014-03-10 18:44:00,server-06,25.38,17.64,0.0,8.82,42.95,57.62,True,thermal_event
2014-03-10 18:49:00,server-06,13.28,12.12,0.0,19.31,39.44,56.82,True,thermal_event
2014-03-10 18:54:00,server-06,64.57,47.92,114.42,5.42,60.11,49.54,True,disk_failure
2014-03-10 18:59:00,server-06,43.05,32.2,38.42,12.4,50.34,54.49,True,thermal_event
2014-03-10 19:04:00,server-06,68.78,64.11,149.34,5.3,64.19,58.93,True,disk_failure
2014-03-10 19:09:00,server-06,53.85,52.37,145.55,16.72,55.54,55.57,True,disk_failure
2014-03-10 19:14:00,server-06,37.46,38.46,18.94,1.77,45.94,40.56,True,thermal_event
2014-03-10 19:19:00,server-06,67.91,59.42,126.81,5.09,61.76,44.33,True,disk_failure
2014-03-10 19:24:00,server-06,43.86,36.83,58.7,11.17,49.25,60.35,True,thermal_event
2014-03-10 19:29:00,server-06,30.43,24.89,18.9,12.56,45.98,53.61,True,thermal_event
2014-03-10 19:34:00,server-06,56.61,54.77,71.58,9.27,57.71,65.59,True,thermal_event
2014-03-10 19:39:00,server-06,56.73,52.15,133.64,18.16,59.32,54.23,True,disk_failure
2014-03-10 19:44:00,server-06,63.84,49.33,185.43,1.05,62.97,70.88,True,disk_failure
2014-03-10 19:49:00,server-06,19.01,6.5,0.0,4.01,37.56,56.38,True,thermal_event
2014-03-10 19:54:00,server-06,28.14,14.35,0.0,5.86,43.69,61.83,True,thermal_event
2014-03-10 19:59:00,server-06,26.3,12.77,0.0,19.06,43.62,72.58,True,thermal_event
2014-03-10 20:04:00,server-06,21.35,12.34,0.0,6.49,42.62,48.86,True,thermal_event
2014-03-10 20:09:00,server-06,18.93,16.03,0.0,10.2,42.12,68.18,True,thermal_event
2014-03-10 20:14:00,server-06,19.35,11.68,0.0,13.39,38.22,56.72,True,thermal_event
2014-03-10 20:19:00,server-06,26.74,23.74,0.0,6.5,43.69,69.24,True,thermal_event
2014-03-10 20:24:00,server-06,19.99,10.33,0.0,9.13,37.79,70.81,True,thermal_event
2014-03-10 20:29:00,server-06,21.31,13.79,0.0,17.43,39.47,48.85,True,thermal_event
2014-03-10 20:34:00,server-06,14.08,14.71,0.0,11.87,35.03,42.42,True,thermal_event
2014-03-10 20:39:00,server-06,22.67,14.14,0.01,10.91,39.65,56.17,True,thermal_event
2014-03-10 20:44:00,server-06,67.8,60.15,139.8,1.85,62.81,64.51,True,disk_failure
2014-03-10 20:49:00,server-06,64.03,61.12,149.58,6.02,60.41,58.46,True,disk_failure
2014-03-10 20:54:00,server-06,28.62,17.49,0.03,3.54,42.28,54.75,True,thermal_event
2014-03-10 20:59:00,server-06,35.95,32.77,23.23,15.01,50.28,40.54,True,thermal_event
2014-03-10 21:04:00,server-06,11.3,5.0,0.09,17.13,36.67,42.82,True,thermal_event
2014-03-10 21:09:00,server-06,63.05,54.49,407.25,8.94,58.9,68.81,True,disk_failure
2014-03-10 21:14:00,server-06,47.7,43.31,48.27,19.07,54.62,69.93,True,thermal_event
2014-03-10 21:19:00,server-06,41.95,36.64,43.64,7.5,52.36,70.46,True,thermal_event
2014-03-10 21:24:00,server-06,61.91,62.55,413.78,2.06,60.63,60.51,True,disk_failure
2014-03-10 21:29:00,server-06,38.5,41.63,34.76,14.05,47.26,54.28,True,thermal_event
2014-03-10 21:34:00,server-06,26.44,16.32,2.36,4.99,45.16,67.31,True,thermal_event
2014-03-10 21:39:00,server-06,18.72,10.63,0.0,11.84,39.76,43.89,True,thermal_event
2014-03-10 21:44:00,server-06,20.47,21.04,0.09,14.55,37.28,56.07,True,thermal_event
2014-03-10 21:49:00,server-06,11.95,14.15,0.0,17.85,33.3,49.31,True,thermal_event
2014-03-10 21:54:00,server-06,17.3,10.16,0.0,15.91,38.72,44.93,True,thermal_event
2014-03-10 21:59:00,server-06,16.76,10.1,0.0,17.92,40.81,59.33,True,thermal_event
2014-03-10 22:04:00,server-06,29.2,30.03,0.0,8.32,44.15,65.88,True,thermal_event
2014-03-10 22:09:00,server-06,25.59,16.66,1.2,6.83,44.04,69.17,True,thermal_event
2014-03-10 22:14:00,server-06,40.08,36.55,47.67,2.1,51.04,55.22,True,thermal_event
2014-03-10 22:19:00,server-06,64.78,51.86,428.19,16.77,64.48,60.61,True,disk_failure
2014-03-10 22:24:00,server-06,33.32,27.77,33.82,8.99,48.25,50.27,True,thermal_event
2014-03-10 22:29:00,server-06,30.69,31.61,3.23,3.0,47.1,66.27,True,thermal_event
2014-03-10 22:34:00,server-06,11.03,9.22,0.02,14.0,37.21,45.5,True,thermal_event
2014-03-10 22:39:00,server-06,20.6,18.99,0.0,13.31,37.89,52.41,True,thermal_event
2014-03-10 22:44:00,server-06,14.67,20.93,0.0,8.59,39.88,40.12,True,thermal_event
2014-03-10 22:49:00,server-06,11.35,6.97,0.0,10.12,32.7,45.44,True,thermal_event
2014-03-10 22:54:00,server-06,20.53,16.71,0.0,2.04,37.68,44.95,True,thermal_event
2014-03-10 22:59:00,server-06,22.64,10.63,0.0,1.99,42.89,74.07,True,thermal_event
2014-03-10 23:04:00,server-06,22.79,29.24,0.0,11.38,41.28,66.81,True,thermal_event
2014-03-10 23:09:00,server-06,12.73,16.72,0.0,12.35,35.12,50.87,True,thermal_event
2014-03-10 23:14:00,server-06,23.79,24.55,0.0,14.87,41.68,44.91,True,thermal_event
2014-03-10 23:19:00,server-06,19.77,9.42,0.0,7.15,42.72,70.27,True,thermal_event
2014-03-10 23:24:00,server-06,14.98,17.82,0.0,10.73,35.03,47.84,True,thermal_event
2014-03-10 23:29:00,server-06,19.94,8.25,0.0,10.62,42.42,70.08,True,thermal_event
2014-03-10 23:34:00,server-06,23.68,18.73,0.0,13.02,43.56,49.03,True,thermal_event
2014-03-10 23:39:00,server-06,14.49,16.74,0.0,17.57,35.87,48.78,True,thermal_event
2014-03-10 23:44:00,server-06,26.59,19.74,0.0,2.71,43.13,71.82,True,thermal_event
2014-03-10 23:49:00,server-06,15.83,12.54,0.0,4.38,39.85,48.49,True,thermal_event
2014-03-10 23:54:00,server-06,17.16,5.06,0.0,18.42,38.3,63.66,True,thermal_event
2014-03-10 23:59:00,server-06,25.71,22.86,0.0,19.34,41.66,49.55,True,thermal_event
2014-03-11 00:04:00,server-06,22.31,21.22,0.0,5.96,40.43,48.77,True,thermal_event
2014-03-11 00:09:00,server-06,12.55,16.73,0.0,12.91,38.92,69.08,True,thermal_event
2014-03-11 00:14:00,server-06,21.04,20.83,0.0,17.74,39.05,57.62,True,thermal_event
2014-03-11 00:19:00,server-06,12.66,18.74,0.0,5.26,34.25,58.82,True,thermal_event
2014-03-11 00:24:00,server-06,28.64,20.18,0.0,5.82,43.35,43.43,True,thermal_event
2014-03-11 00:29:00,server-06,24.15,22.59,19.05,3.38,42.51,45.3,True,thermal_event
2014-03-11 00:34:00,server-06,32.93,25.83,48.46,12.7,48.13,48.97,True,thermal_event
2014-03-11 00:39:00,server-06,55.2,37.69,408.07,8.58,54.87,52.17,True,disk_failure
2014-03-11 00:44:00,server-06,34.01,30.61,34.69,15.85,45.88,40.34,True,thermal_event
2014-03-11 00:49:00,server-06,21.94,18.17,2.41,17.0,38.16,55.36,True,thermal_event
2014-03-11 00:54:00,server-06,22.29,15.5,0.0,3.19,43.59,41.2,True,thermal_event
2014-03-11 00:59:00,server-06,23.29,25.92,0.0,14.14,44.05,74.72,True,thermal_event
2014-03-11 01:04:00,server-06,27.43,15.7,0.0,8.3,43.39,68.17,True,thermal_event
2014-03-11 01:09:00,server-06,11.48,5.0,0.0,8.17,37.39,56.67,True,thermal_event
2014-03-11 01:14:00,server-06,15.8,6.03,0.0,19.48,39.58,48.24,True,thermal_event
2014-03-11 01:19:00,server-06,15.1,18.61,0.0,14.74,35.73,69.34,True,thermal_event
2014-03-11 01:24:00,server-06,27.87,22.11,19.03,7.12,43.8,57.53,True,thermal_event
2014-03-11 01:29:00,server-06,64.58,49.8,116.15,4.9,64.81,40.76,True,disk_failure
2014-03-11 01:34:00,server-06,61.81,50.43,340.56,17.35,62.02,51.03,True,disk_failure
2014-03-11 01:39:00,server-06,36.95,29.23,34.65,19.91,47.98,73.22,True,thermal_event
2014-03-11 01:44:00,server-06,12.62,5.0,2.45,9.38,37.44,69.22,True,thermal_event
2014-03-11 01:49:00,server-06,16.36,8.58,0.0,9.09,37.25,70.62,True,thermal_event
2014-03-11 01:54:00,server-06,17.87,21.29,0.0,14.87,36.1,42.62,True,thermal_event
2014-03-11 01:59:00,server-06,11.37,5.0,0.0,5.03,33.61,63.21,True,thermal_event
2014-03-11 02:04:00,server-06,15.09,5.0,0.0,14.63,35.96,50.89,True,thermal_event
2014-03-11 02:09:00,server-06,14.71,9.53,0.0,2.57,38.68,43.63,True,thermal_event
2014-03-11 02:14:00,server-06,27.7,13.73,0.0,11.38,45.52,62.26,True,thermal_event
2014-03-11 02:19:00,server-06,17.46,20.38,0.0,3.1,38.65,45.4,True,thermal_event
2014-03-11 02:24:00,server-06,27.32,28.73,0.0,11.03,45.16,72.48,True,thermal_event
2014-03-11 02:29:00,server-06,13.83,8.6,0.0,9.34,34.9,43.33,True,thermal_event
2014-03-11 02:34:00,server-06,27.35,25.02,0.0,13.63,45.84,42.73,True,thermal_event
2014-03-11 02:39:00,server-06,14.64,14.56,0.0,11.55,34.61,45.37,True,thermal_event
2014-03-11 02:44:00,server-06,11.95,17.04,0.0,10.23,34.87,61.12,True,thermal_event
2014-03-11 02:49:00,server-06,20.44,27.33,0.0,4.53,41.15,48.73,True,thermal_event
2014-03-11 02:54:00,server-06,10.79,17.52,0.0,3.18,33.28,46.28,True,thermal_event
2014-03-11 02:59:00,server-06,22.33,17.31,0.0,5.93,38.83,52.55,True,thermal_event
2014-03-11 03:04:00,server-06,28.93,19.06,0.0,19.19,47.24,68.11,True,thermal_event
2014-03-11 03:09:00,server-06,29.5,27.05,0.0,14.6,42.46,68.89,True,thermal_event
2014-03-11 03:14:00,server-06,23.91,27.85,0.0,2.11,40.78,45.08,True,thermal_event
2014-03-11 03:19:00,server-06,18.81,7.37,0.0,17.83,38.65,45.86,True,thermal_event
2014-03-11 03:24:00,server-06,13.25,15.43,0.0,15.96,36.12,44.57,True,thermal_event
2014-03-11 03:29:00,server-06,29.39,23.41,0.0,13.79,47.27,60.28,True,thermal_event
2014-03-11 03:34:00,server-06,27.34,30.24,0.0,9.57,42.66,64.31,True,thermal_event
2014-03-11 03:39:00,server-06,15.25,10.19,0.0,19.82,35.28,51.6,True,thermal_event
2014-03-11 03:44:00,server-06,24.14,15.03,0.0,10.45,44.31,67.71,True,thermal_event
2014-03-11 03:49:00,server-06,24.46,17.63,0.0,6.21,40.6,60.09,True,thermal_event
2014-03-11 03:54:00,server-06,23.59,14.73,0.0,14.01,43.95,59.24,True,thermal_event
2014-03-11 03:59:00,server-06,13.75,20.2,0.0,19.14,35.49,49.68,True,thermal_event
2014-03-11 04:04:00,server-06,28.35,22.6,0.0,2.37,42.42,68.68,True,thermal_event
2014-03-11 04:09:00,server-06,20.27,10.99,0.0,1.4,42.25,71.42,True,thermal_event
2014-03-11 04:14:00,server-06,23.1,19.43,0.0,8.01,39.39,54.22,True,thermal_event
2014-03-11 04:19:00,server-06,29.78,26.44,0.0,15.2,44.59,59.22,True,thermal_event
2014-03-11 04:24:00,server-06,10.46,8.44,0.0,19.53,35.15,73.42,True,thermal_event
2014-03-11 04:29:00,server-06,16.13,6.64,0.0,7.81,35.7,74.53,True,thermal_event
2014-03-11 04:34:00,server-06,23.31,10.01,0.0,19.74,44.46,61.08,True,thermal_event
2014-03-11 04:39:00,server-06,22.68,15.31,0.0,16.35,41.97,44.08,True,thermal_event
2014-03-11 04:44:00,server-06,20.25,7.96,0.0,11.8,40.06,74.55,True,thermal_event
2014-03-11 04:49:00,server-06,29.47,34.9,0.0,9.15,45.75,50.54,True,thermal_event
2014-03-11 04:54:00,server-06,17.68,9.36,0.0,13.61,41.25,43.34,True,thermal_event
2014-03-11 04:59:00,server-06,14.52,5.78,0.0,8.67,35.33,46.26,True,thermal_event
2014-03-11 05:04:00,server-06,24.54,17.75,0.0,6.23,41.09,55.1,True,thermal_event
2014-03-11 05:09:00,server-06,15.91,8.49,0.0,4.82,37.99,50.37,True,thermal_event
2014-03-11 05:14:00,server-06,21.81,15.28,0.0,8.01,40.68,58.7,True,thermal_event
2014-03-11 05:19:00,server-06,14.05,19.09,0.0,1.58,34.79,71.97,True,thermal_event
2014-03-11 05:24:00,server-06,26.11,24.76,0.0,15.1,42.18,66.24,True,thermal_event
2014-03-11 05:29:00,server-06,17.7,23.1,0.0,8.45,39.65,47.44,True,thermal_event
2014-03-11 05:34:00,server-06,17.28,5.83,0.0,16.21,40.27,50.19,True,thermal_event
2014-03-11 05:39:00,server-06,28.25,18.47,0.0,15.46,41.32,50.82,True,thermal_event
2014-03-11 05:44:00,server-06,13.3,18.58,0.0,1.02,38.24,50.52,True,thermal_event
2014-03-11 05:49:00,server-06,15.98,16.25,0.0,9.92,37.68,44.96,True,thermal_event
2014-03-11 05:54:00,server-06,20.29,9.8,0.0,10.9,38.44,51.61,True,thermal_event
2014-03-11 05:59:00,server-06,24.4,20.03,0.0,17.9,42.89,50.61,True,thermal_event
2014-03-11 06:04:00,server-06,20.56,14.64,0.0,13.59,41.35,73.27,True,thermal_event
2014-03-11 06:09:00,server-06,12.42,14.72,0.0,12.13,33.37,72.92,True,thermal_event
2014-03-11 06:14:00,server-06,19.19,6.44,0.0,6.41,39.94,62.23,True,thermal_event
2014-03-11 06:19:00,server-06,26.07,29.29,0.0,15.98,41.36,52.85,True,thermal_event
2014-03-11 06:24:00,server-06,12.25,5.0,0.0,11.28,33.98,73.3,True,thermal_event
2014-03-11 06:29:00,server-06,26.42,27.92,0.0,3.38,41.15,71.67,True,thermal_event
2014-03-11 06:34:00,server-06,15.85,23.39,0.0,13.14,36.52,47.62,True,thermal_event
2014-03-11 06:39:00,server-06,11.39,5.65,0.0,10.16,37.7,47.73,True,thermal_event
2014-03-11 06:44:00,server-06,18.02,6.88,0.0,2.33,38.96,55.3,True,thermal_event
2014-03-11 06:49:00,server-06,13.7,18.64,0.0,19.86,39.85,54.02,True,thermal_event
2014-03-11 06:54:00,server-06,29.0,25.16,0.0,12.58,45.21,57.82,True,thermal_event
2014-03-11 06:59:00,server-06,15.73,17.66,0.0,12.32,36.66,72.15,True,thermal_event
2014-03-11 07:04:00,server-06,27.25,32.66,0.0,6.04,46.54,56.58,True,thermal_event
2014-03-11 07:09:00,server-06,29.37,24.73,0.0,8.46,47.03,53.49,True,thermal_event
2014-03-11 07:14:00,server-06,12.52,13.17,0.0,4.52,36.0,50.09,True,thermal_event
2014-03-11 07:19:00,server-06,11.01,5.0,0.0,5.45,36.09,49.13,True,thermal_event
2014-03-11 07:24:00,server-06,13.6,18.41,0.0,11.8,36.36,68.36,True,thermal_event
2014-03-11 07:29:00,server-06,14.8,18.68,0.0,6.22,36.17,58.59,True,thermal_event
2014-03-11 07:34:00,server-06,16.78,10.72,0.0,1.17,37.69,42.83,True,thermal_event
2014-03-11 07:39:00,server-06,27.83,14.2,0.0,12.63,42.6,55.99,True,thermal_event
2014-03-11 07:44:00,server-06,13.74,15.58,1.11,5.91,36.25,43.04,True,thermal_event
2014-03-11 07:49:00,server-06,27.02,19.38,0.01,9.19,42.94,71.78,True,thermal_event
2014-03-11 07:54:00,server-06,28.12,33.61,0.0,12.38,43.3,74.03,True,thermal_event
2014-03-11 07:59:00,server-06,29.31,23.62,0.0,17.21,43.37,69.98,True,thermal_event
2014-03-11 08:04:00,server-06,14.18,5.0,0.0,9.61,36.21,62.01,True,thermal_event
2014-03-11 08:09:00,server-06,28.75,16.61,0.0,10.23,42.41,73.32,True,thermal_event
2014-03-11 08:14:00,server-06,18.3,15.63,0.0,1.08,36.71,68.05,True,thermal_event
2014-03-11 08:19:00,server-06,26.26,13.73,0.0,1.59,44.93,59.5,True,thermal_event
2014-03-11 08:24:00,server-06,16.15,14.15,0.0,8.62,37.37,65.05,True,thermal_event
2014-03-11 08:29:00,server-06,20.68,19.76,0.0,4.35,40.41,74.63,True,thermal_event
2014-03-11 08:34:00,server-06,11.27,5.0,0.0,8.78,38.1,63.27,True,thermal_event
2014-03-11 08:39:00,server-06,18.5,8.98,0.0,12.81,41.93,67.04,True,thermal_event
2014-03-11 08:44:00,server-06,16.7,23.25,0.0,16.45,39.88,68.94,True,thermal_event
2014-03-11 08:49:00,server-06,17.56,17.56,0.0,19.17,38.67,65.11,True,thermal_event
2014-03-11 08:54:00,server-06,10.67,6.82,0.0,3.67,36.57,67.74,True,thermal_event
2014-03-11 08:59:00,server-06,25.05,20.24,0.0,1.84,42.97,46.79,True,thermal_event
2014-03-11 09:04:00,server-06,24.3,29.07,0.0,15.18,45.01,55.3,True,thermal_event
2014-03-11 09:09:00,server-06,24.41,13.0,0.0,2.04,40.9,51.27,True,thermal_event
2014-03-11 09:14:00,server-06,14.87,16.81,0.0,9.39,37.56,61.52,True,thermal_event
2014-03-11 09:19:00,server-06,17.91,12.53,0.0,8.28,41.47,50.27,True,thermal_event
2014-03-11 09:24:00,server-06,23.8,20.18,0.0,13.22,42.98,40.83,True,thermal_event
2014-03-11 09:29:00,server-06,14.43,15.28,0.0,12.48,34.67,60.02,True,thermal_event
2014-03-11 09:34:00,server-06,10.68,7.62,0.0,13.7,36.98,73.97,True,thermal_event
2014-03-11 09:39:00,server-06,16.84,16.89,0.0,1.31,40.84,56.4,True,thermal_event
2014-03-11 09:44:00,server-06,10.49,13.05,0.0,15.8,38.17,60.06,True,thermal_event
2014-03-11 09:49:00,server-06,21.85,23.51,0.0,8.19,41.26,52.07,True,thermal_event
2014-03-11 09:54:00,server-06,26.95,16.66,0.0,9.11,44.21,43.78,True,thermal_event
2014-03-11 09:59:00,server-06,28.86,30.65,0.0,9.66,47.09,60.56,True,thermal_event
2014-03-11 10:04:00,server-06,15.83,14.85,0.0,7.48,38.38,71.34,True,thermal_event
2014-03-11 10:09:00,server-06,23.74,23.69,0.0,4.49,41.08,60.77,True,thermal_event
2014-03-11 10:14:00,server-06,10.8,10.28,0.0,2.71,34.86,46.09,True,thermal_event
2014-03-11 10:19:00,server-06,27.15,16.79,0.0,1.13,43.54,62.95,True,thermal_event
2014-03-11 10:24:00,server-06,29.7,18.22,0.0,17.41,43.86,62.2,True,thermal_event
2014-03-11 10:29:00,server-06,28.56,24.8,0.0,15.73,41.3,47.51,True,thermal_event
2014-03-11 10:34:00,server-06,14.56,10.1,0.0,7.04,37.45,71.34,True,thermal_event
2014-03-11 10:39:00,server-06,29.02,20.94,0.0,10.94,42.93,68.13,True,thermal_event
2014-03-11 10:44:00,server-06,24.4,25.63,0.0,6.31,40.89,52.9,True,thermal_event
2014-03-11 10:49:00,server-06,12.3,13.9,0.0,17.45,36.27,53.8,True,thermal_event
2014-03-11 10:54:00,server-06,24.75,19.57,0.0,12.72,45.21,63.16,True,thermal_event
2014-03-11 10:59:00,server-06,26.52,21.17,0.0,15.55,41.82,42.13,True,thermal_event
2014-03-11 11:04:00,server-06,18.09,24.85,0.0,13.71,37.52,44.28,True,thermal_event
2014-03-11 11:09:00,server-06,17.33,17.38,0.0,10.82,36.37,51.09,True,thermal_event
2014-03-11 11:14:00,server-06,21.15,27.09,0.0,11.29,43.4,66.35,True,thermal_event
2014-03-11 11:19:00,server-06,26.91,19.83,0.0,18.83,43.13,74.27,True,thermal_event
2014-03-11 11:24:00,server-06,22.26,26.08,0.0,15.39,41.14,57.34,True,thermal_event
2014-03-11 11:29:00,server-06,20.92,8.45,0.0,10.05,39.46,70.06,True,thermal_event
2014-03-11 11:34:00,server-06,28.52,30.38,0.0,3.71,42.47,59.11,True,thermal_event
2014-03-11 11:39:00,server-06,15.96,14.99,0.0,1.32,37.81,73.21,True,thermal_event
2014-03-11 11:44:00,server-06,10.19,17.68,0.0,13.03,35.51,73.47,True,thermal_event
2014-03-11 11:49:00,server-06,27.99,28.56,0.0,14.75,43.39,63.81,True,thermal_event
2014-03-11 11:54:00,server-06,14.25,21.56,0.0,18.17,35.31,54.45,True,thermal_event
2014-03-11 11:59:00,server-06,20.04,26.42,0.0,13.57,41.34,47.77,True,thermal_event
2014-03-11 12:04:00,server-06,17.35,11.94,0.0,18.1,36.85,69.06,True,thermal_event
2014-03-11 12:09:00,server-06,16.34,19.31,0.0,10.48,38.65,71.61,True,thermal_event
2014-03-11 12:14:00,server-06,29.94,26.03,0.0,9.64,45.14,57.94,True,thermal_event
2014-03-11 12:19:00,server-06,14.76,12.01,0.0,8.13,39.96,72.95,True,thermal_event
2014-03-11 12:24:00,server-06,23.57,20.77,0.0,8.79,41.66,58.85,True,thermal_event
2014-03-11 12:29:00,server-06,12.92,12.36,0.0,6.04,35.6,66.81,True,thermal_event
2014-03-11 12:34:00,server-06,19.17,8.16,0.0,19.9,40.17,53.97,True,thermal_event
2014-03-11 12:39:00,server-06,15.5,12.18,0.0,3.62,38.51,50.56,True,thermal_event
2014-03-11 12:44:00,server-06,23.07,21.01,0.0,9.99,44.27,70.85,True,thermal_event
2014-03-11 12:49:00,server-06,24.86,30.46,0.0,8.78,39.98,59.11,True,thermal_event
2014-03-11 12:54:00,server-06,14.25,15.67,0.0,16.11,38.67,57.16,True,thermal_event
2014-03-11 12:59:00,server-06,19.64,14.27,0.0,8.05,37.95,70.61,True,thermal_event
2014-03-11 13:04:00,server-06,24.28,18.62,0.0,6.77,43.57,40.75,True,thermal_event
2014-03-11 13:09:00,server-06,22.69,19.98,0.0,13.19,42.91,48.99,True,thermal_event
2014-03-11 13:14:00,server-06,28.39,16.29,0.0,12.05,44.68,63.96,True,thermal_event
2014-03-11 13:19:00,server-06,27.58,27.99,0.0,5.71,41.38,72.24,True,thermal_event
2014-03-11 13:24:00,server-06,28.41,27.99,0.0,6.19,43.73,66.34,True,thermal_event
2014-03-11 13:29:00,server-06,17.57,14.07,0.0,9.6,40.31,60.64,True,thermal_event
2014-03-11 13:34:00,server-06,25.37,18.41,0.0,9.71,44.39,42.25,True,thermal_event
2014-03-11 13:39:00,server-06,21.18,12.18,0.0,2.09,38.37,60.36,True,thermal_event
2014-03-11 13:44:00,server-06,14.21,11.61,0.0,9.24,38.84,51.95,True,thermal_event
2014-03-11 13:49:00,server-06,17.15,6.93,0.0,9.99,40.0,61.07,True,thermal_event
2014-03-11 13:54:00,server-06,13.16,5.0,0.0,5.28,35.14,62.07,True,thermal_event
2014-03-11 13:59:00,server-06,11.23,16.74,0.0,6.54,34.17,69.23,True,thermal_event
2014-03-11 14:04:00,server-06,13.87,14.88,0.0,13.35,37.77,49.76,True,thermal_event
2014-03-11 14:09:00,server-06,18.99,22.42,0.0,13.67,41.11,71.25,True,thermal_event
2014-03-11 14:14:00,server-06,14.51,19.93,0.0,13.58,37.57,65.51,True,thermal_event
2014-03-11 14:19:00,server-06,14.29,8.61,0.0,1.54,38.7,48.86,True,thermal_event
2014-03-11 14:24:00,server-06,18.96,12.73,0.0,12.89,36.71,63.3,True,thermal_event
2014-03-11 14:29:00,server-06,28.73,33.89,0.0,13.55,47.29,43.86,True,thermal_event
2014-03-11 14:34:00,server-06,27.69,27.22,0.0,4.29,42.08,70.25,True,thermal_event
2014-03-11 14:39:00,server-06,15.0,8.03,0.0,6.94,34.7,72.87,True,thermal_event
2014-03-11 14:44:00,server-06,28.15,31.74,0.0,19.08,43.17,70.07,True,thermal_event
2014-03-11 14:49:00,server-06,19.73,24.47,0.0,18.68,40.43,65.94,True,thermal_event
2014-03-11 14:54:00,server-06,17.98,8.82,0.0,1.74,37.71,74.91,True,thermal_event
2014-03-11 14:59:00,server-06,17.11,18.38,0.0,19.46,36.26,48.5,True,thermal_event
2014-03-11 15:04:00,server-06,10.4,5.0,0.0,14.14,37.95,47.21,True,thermal_event
2014-03-11 15:09:00,server-06,19.52,9.67,0.0,6.92,37.91,61.3,True,thermal_event
2014-03-11 15:14:00,server-06,27.62,13.67,0.0,3.79,43.86,41.15,True,thermal_event
2014-03-11 15:19:00,server-06,20.71,24.92,0.0,13.27,40.74,67.56,True,thermal_event
2014-03-11 15:24:00,server-06,18.78,11.68,0.0,2.12,41.4,55.13,True,thermal_event
2014-03-11 15:29:00,server-06,22.92,29.05,0.0,4.77,43.49,53.39,True,thermal_event
2014-03-11 15:34:00,server-06,14.33,5.8,0.0,16.67,34.43,74.78,True,thermal_event
2014-03-11 15:39:00,server-06,12.3,16.57,0.0,8.03,36.81,58.2,True,thermal_event
2014-03-11 15:44:00,server-06,20.64,7.57,0.0,9.63,37.53,74.08,True,thermal_event
2014-03-11 15:49:00,server-06,18.26,8.16,0.0,3.77,40.86,50.3,True,thermal_event
2014-03-11 15:54:00,server-06,28.29,20.75,0.0,11.89,44.82,73.94,True,thermal_event
2014-03-11 15:59:00,server-06,22.08,28.67,0.0,11.29,38.13,66.32,True,thermal_event
2014-03-11 16:04:00,server-06,15.2,10.81,0.0,13.73,39.09,73.86,True,thermal_event
2014-03-11 16:09:00,server-06,25.87,20.42,0.0,6.85,40.93,43.14,True,thermal_event
2014-03-11 16:14:00,server-06,17.21,18.17,0.0,4.54,38.76,50.13,True,thermal_event
2014-03-11 16:19:00,server-06,16.05,17.74,0.0,6.1,36.22,43.46,True,thermal_event
2014-03-11 16:24:00,server-06,17.53,21.9,0.0,12.8,39.85,67.29,True,thermal_event
2014-03-11 16:29:00,server-06,20.55,22.11,0.0,19.24,39.25,42.91,True,thermal_event
2014-03-11 16:34:00,server-06,10.77,11.49,0.0,6.49,37.29,68.26,True,thermal_event
2014-03-11 16:39:00,server-06,12.33,5.0,0.0,2.85,37.21,46.17,True,thermal_event
2014-03-11 16:44:00,server-06,29.65,24.98,0.0,1.31,47.77,74.34,True,thermal_event
2014-03-11 16:49:00,server-06,21.85,22.7,0.0,19.53,43.63,67.21,True,thermal_event
2014-03-11 20:49:00,server-06,63.55,55.09,432.24,4.87,60.63,46.96,True,disk_failure
2014-03-12 06:39:00,server-06,59.83,51.86,136.48,2.91,59.49,45.65,True,disk_failure
2014-03-12 06:44:00,server-06,64.49,52.07,320.85,10.36,62.88,47.08,True,disk_failure
2014-03-12 17:09:00,server-06,56.2,43.77,136.85,19.9,60.85,62.35,True,disk_failure
2014-03-12 17:14:00,server-06,57.83,54.27,320.16,4.07,59.82,56.43,True,disk_failure
2014-03-12 20:09:00,server-06,63.44,59.6,430.75,4.01,58.92,70.42,True,disk_failure
2014-03-12 21:04:00,server-06,67.25,66.47,429.74,15.88,64.25,51.13,True,disk_failure
2014-03-12 22:34:00,server-06,64.22,51.49,348.13,10.87,59.7,55.25,True,disk_failure
2014-03-12 23:29:00,server-06,61.16,59.85,413.15,2.47,61.08,51.33,True,disk_failure
2014-03-13 00:19:00,server-06,66.75,59.53,252.49,9.79,62.5,59.47,True,disk_failure
2014-03-13 00:24:00,server-06,51.5,48.09,204.82,14.6,54.65,68.46,True,disk_failure
2014-03-13 02:29:00,server-06,60.61,43.21,142.28,16.99,60.96,45.38,True,disk_failure
2014-03-13 02:34:00,server-06,52.16,50.77,314.66,18.75,53.73,69.0,True,disk_failure
2014-03-13 15:39:00,server-06,50.17,47.72,434.61,4.71,55.23,71.59,True,disk_failure
2014-03-13 17:59:00,server-06,61.6,62.02,430.04,14.01,59.53,45.52,True,disk_failure
2014-03-13 23:09:00,server-06,54.3,39.1,410.68,5.8,57.07,55.18,True,disk_failure
2014-03-14 00:49:00,server-06,67.11,54.88,430.98,16.22,63.9,59.03,True,disk_failure
2014-03-14 01:44:00,server-06,50.39,46.44,434.86,7.07,55.67,56.92,True,disk_failure
2014-03-14 05:04:00,server-06,61.08,43.67,344.75,11.98,59.08,48.65,True,disk_failure
2014-03-14 05:09:00,server-06,57.88,55.12,100.71,11.85,57.15,68.62,True,disk_failure
2014-03-14 08:39:00,server-06,66.4,47.59,408.49,8.43,64.92,64.1,True,disk_failure
2014-03-14 11:09:00,server-06,58.32,42.17,430.5,19.13,59.24,65.74,True,disk_failure
2014-03-14 16:09:00,server-06,67.88,54.49,157.85,15.47,65.3,41.34,True,disk_failure
2014-03-14 16:14:00,server-06,58.56,47.75,298.82,2.6,58.62,60.86,True,disk_failure
2014-03-14 17:09:00,server-06,51.91,37.26,408.3,16.61,55.9,41.44,True,disk_failure
2014-03-14 18:29:00,server-06,67.73,51.35,377.06,3.87,65.02,46.96,True,disk_failure
2014-03-14 19:24:00,server-06,50.49,48.96,430.9,16.57,56.95,55.02,True,disk_failure
2014-03-14 22:09:00,server-06,64.32,63.85,137.07,9.13,63.82,58.37,True,disk_failure
2014-03-14 22:14:00,server-06,67.0,64.43,319.75,13.68,62.61,58.57,True,disk_failure
2014-03-14 23:09:00,server-06,53.08,43.3,407.53,1.15,56.6,74.18,True,disk_failure
2014-03-15 00:04:00,server-06,67.84,59.67,429.24,14.9,61.28,56.98,True,disk_failure
2014-03-15 00:59:00,server-06,54.59,43.1,432.03,19.54,54.64,62.93,True,disk_failure
2014-03-16 00:19:00,server-06,69.03,53.98,445.05,15.33,61.9,43.21,True,disk_failure
2014-03-17 08:44:00,server-06,60.82,56.3,522.1,7.93,59.7,66.04,True,disk_failure
2014-03-17 09:34:00,server-06,61.96,52.01,170.63,16.55,61.57,48.19,True,disk_failure
2014-03-17 09:39:00,server-06,63.42,60.17,169.0,10.13,58.94,44.75,True,disk_failure
2014-03-17 20:04:00,server-06,61.38,60.99,518.55,6.66,63.35,59.54,True,disk_failure
2014-03-17 21:04:00,server-06,64.82,54.46,376.06,9.77,64.14,66.95,True,disk_failure
2014-03-18 00:14:00,server-06,61.89,43.13,269.34,14.89,61.03,51.98,True,disk_failure
2014-04-14 23:59:00,server-07,19.33,14.38,4.94,3.07,40.95,69.22,True,thermal_event
2014-04-15 00:04:00,server-07,18.38,20.59,10.07,0.22,38.57,44.6,True,thermal_event
2014-04-15 00:09:00,server-07,12.53,7.26,10.43,3.1,38.12,66.4,True,thermal_event
2014-04-15 00:14:00,server-07,23.32,18.29,10.14,0.22,41.13,67.2,True,thermal_event
2014-04-15 00:19:00,server-07,14.26,15.28,7.73,0.23,38.49,53.39,True,thermal_event
2014-04-15 00:24:00,server-07,18.13,18.31,6.4,0.22,39.58,46.4,True,thermal_event
2014-04-15 00:29:00,server-07,23.33,17.73,13.29,0.24,41.83,65.32,True,thermal_event
2014-04-15 00:34:00,server-07,25.97,16.28,4.04,0.21,42.22,60.39,True,thermal_event
2014-04-15 00:39:00,server-07,19.98,17.16,5.06,0.24,42.2,61.4,True,thermal_event
2014-04-15 00:44:00,server-07,15.35,7.16,14.59,0.21,40.52,63.57,True,thermal_event
2014-04-15 00:49:00,server-07,20.35,11.96,8.01,0.23,43.14,71.36,True,thermal_event
2014-04-15 00:54:00,server-07,10.4,6.83,12.64,0.22,37.95,62.76,True,thermal_event
2014-04-15 00:59:00,server-07,22.13,18.76,9.49,3.09,41.2,60.15,True,thermal_event
2014-04-15 01:04:00,server-07,18.99,21.95,5.25,0.24,41.1,61.69,True,thermal_event
2014-04-15 01:09:00,server-07,12.31,5.0,15.22,3.06,35.06,41.05,True,thermal_event
2014-04-15 01:14:00,server-07,25.94,17.53,5.33,0.23,43.1,67.84,True,thermal_event
2014-04-15 01:19:00,server-07,21.42,25.77,4.38,0.2,43.35,40.37,True,thermal_event
2014-04-15 01:24:00,server-07,27.52,30.6,13.5,0.24,42.95,42.18,True,thermal_event
2014-04-15 01:29:00,server-07,15.68,14.78,5.02,0.22,36.81,65.47,True,thermal_event
2014-04-15 01:34:00,server-07,11.08,13.28,15.06,0.23,37.12,42.1,True,thermal_event
2014-04-15 01:39:00,server-07,11.46,7.79,4.22,0.23,34.65,51.98,True,thermal_event
2014-04-15 01:44:00,server-07,19.79,18.12,13.73,0.22,39.81,44.59,True,thermal_event
2014-04-15 01:49:00,server-07,19.19,22.29,10.04,0.22,40.47,54.47,True,thermal_event
2014-04-15 01:54:00,server-07,22.31,22.8,16.9,0.24,40.64,72.99,True,thermal_event
2014-04-15 01:59:00,server-07,28.12,23.12,19.91,3.07,41.2,50.39,True,thermal_event
2014-04-15 02:04:00,server-07,17.79,10.85,13.23,0.23,39.5,61.66,True,thermal_event
2014-04-15 02:09:00,server-07,15.39,5.0,8.93,3.08,39.43,64.3,True,thermal_event
2014-04-15 02:14:00,server-07,10.59,7.48,19.5,0.24,34.24,62.92,True,thermal_event
2014-04-15 02:19:00,server-07,27.77,31.36,13.3,0.23,42.63,55.09,True,thermal_event
2014-04-15 02:24:00,server-07,22.5,12.62,14.6,0.22,42.69,60.11,True,thermal_event
2014-04-15 02:29:00,server-07,18.45,23.15,9.39,0.23,38.03,70.14,True,thermal_event
2014-04-15 02:34:00,server-07,18.88,24.0,18.66,0.23,40.73,51.49,True,thermal_event
2014-04-15 02:39:00,server-07,12.67,5.33,4.05,0.23,36.33,45.12,True,thermal_event
2014-04-15 02:44:00,server-07,21.37,23.81,19.77,0.21,38.72,45.95,True,thermal_event
2014-04-15 02:49:00,server-07,12.72,8.64,10.41,0.22,34.18,50.01,True,thermal_event
2014-04-15 02:54:00,server-07,28.14,19.99,15.07,0.23,42.0,48.84,True,thermal_event
2014-04-15 02:59:00,server-07,20.37,24.18,4.3,3.05,39.14,46.35,True,thermal_event
2014-04-15 03:04:00,server-07,17.09,23.77,4.04,0.25,39.53,44.13,True,thermal_event
2014-04-15 03:09:00,server-07,23.06,29.15,15.65,3.06,42.11,72.01,True,thermal_event
2014-04-15 03:14:00,server-07,13.74,7.87,9.43,0.24,39.15,59.24,True,thermal_event
2014-04-15 03:19:00,server-07,15.54,15.93,18.0,0.21,36.88,64.17,True,thermal_event
2014-04-15 03:24:00,server-07,24.33,25.8,14.9,0.24,44.94,44.05,True,thermal_event
2014-04-15 03:29:00,server-07,12.86,16.04,18.08,0.21,37.45,56.31,True,thermal_event
2014-04-15 03:34:00,server-07,15.63,20.93,2.96,3.08,39.66,68.19,True,thermal_event
2014-04-15 03:39:00,server-07,26.66,26.84,7.48,0.22,43.19,43.38,True,thermal_event
2014-04-15 03:44:00,server-07,30.07,35.1,7.24,0.22,45.87,66.56,True,thermal_event
2014-04-15 03:49:00,server-07,10.57,5.0,11.46,0.22,34.25,54.02,True,thermal_event
2014-04-15 03:54:00,server-07,22.94,14.13,13.86,0.24,42.53,52.08,True,thermal_event
2014-04-15 03:59:00,server-07,25.35,16.25,19.49,3.07,40.0,72.02,True,thermal_event
2014-04-15 04:04:00,server-07,28.69,30.74,13.78,0.21,42.73,46.72,True,thermal_event
2014-04-15 04:09:00,server-07,14.31,19.02,5.44,3.1,39.28,50.6,True,thermal_event
2014-04-15 04:14:00,server-07,23.06,22.52,12.11,0.21,38.98,60.43,True,thermal_event
2014-04-15 04:19:00,server-07,23.38,26.96,15.21,0.22,43.55,68.17,True,thermal_event
2014-04-15 04:24:00,server-07,16.54,19.87,12.32,0.23,36.44,46.23,True,thermal_event
2014-04-15 04:29:00,server-07,13.21,6.07,8.29,0.22,35.18,42.3,True,thermal_event
2014-04-15 04:34:00,server-07,28.44,31.9,16.01,0.21,44.46,41.54,True,thermal_event
2014-04-15 04:39:00,server-07,15.16,14.24,15.7,0.23,37.52,46.18,True,thermal_event
2014-04-15 04:44:00,server-07,28.13,18.8,9.81,0.22,46.0,68.44,True,thermal_event
2014-04-15 04:49:00,server-07,27.21,29.31,2.37,0.22,46.46,57.41,True,thermal_event
2014-04-15 04:54:00,server-07,13.56,5.26,11.23,0.24,37.98,59.43,True,thermal_event
2014-04-15 04:59:00,server-07,14.06,8.3,11.69,3.07,35.57,53.2,True,thermal_event
2014-04-15 05:04:00,server-07,18.73,12.2,5.43,0.23,42.28,62.0,True,thermal_event
2014-04-15 05:09:00,server-07,15.19,17.04,2.33,3.09,38.65,56.94,True,thermal_event
2014-04-15 05:14:00,server-07,29.28,18.49,19.9,0.23,41.66,55.03,True,thermal_event
2014-04-15 05:19:00,server-07,10.35,13.78,11.2,0.21,33.67,51.23,True,thermal_event
2014-04-15 05:24:00,server-07,20.88,14.18,13.55,0.24,39.06,56.0,True,thermal_event
2014-04-15 05:29:00,server-07,22.79,10.66,14.56,0.22,41.59,47.27,True,thermal_event
2014-04-15 05:34:00,server-07,23.1,29.04,11.32,0.23,38.6,68.04,True,thermal_event
2014-04-15 05:39:00,server-07,21.85,22.5,9.76,0.25,39.76,70.17,True,thermal_event
2014-04-15 05:44:00,server-07,14.87,17.83,15.24,0.22,39.91,46.44,True,thermal_event
2014-04-15 05:49:00,server-07,29.13,31.05,13.19,0.24,47.13,51.23,True,thermal_event
2014-04-15 05:54:00,server-07,20.98,21.97,4.47,0.24,40.66,55.62,True,thermal_event
2014-04-15 05:59:00,server-07,27.7,32.47,14.96,3.11,46.7,51.03,True,thermal_event
2014-04-15 06:04:00,server-07,18.28,8.47,13.45,0.23,38.52,66.57,True,thermal_event
2014-04-15 06:09:00,server-07,25.2,31.08,9.2,3.1,43.82,45.8,True,thermal_event
2014-04-15 06:14:00,server-07,24.9,21.13,18.25,0.22,41.11,64.45,True,thermal_event
2014-04-15 06:19:00,server-07,18.69,19.53,14.09,0.25,39.58,40.44,True,thermal_event
2014-04-15 06:24:00,server-07,20.64,19.39,3.91,0.24,42.16,61.41,True,thermal_event
2014-04-15 06:29:00,server-07,16.89,17.49,12.07,0.23,40.79,66.44,True,thermal_event
2014-04-15 06:34:00,server-07,14.69,13.73,4.7,0.24,39.78,46.48,True,thermal_event
2014-04-15 06:39:00,server-07,10.95,5.0,3.7,0.24,34.38,46.96,True,thermal_event
2014-04-15 06:44:00,server-07,24.21,22.67,19.91,0.24,41.1,56.36,True,thermal_event
2014-04-15 06:49:00,server-07,21.19,8.93,8.88,0.24,37.67,46.35,True,thermal_event
2014-04-15 06:54:00,server-07,15.18,12.76,13.39,0.25,37.2,70.22,True,thermal_event
2014-04-15 06:59:00,server-07,12.29,16.48,19.27,3.09,38.44,72.3,True,thermal_event
2014-04-15 07:04:00,server-07,10.19,12.43,5.19,0.25,33.39,42.79,True,thermal_event
2014-04-15 07:09:00,server-07,24.19,25.06,14.8,3.11,39.4,67.48,True,thermal_event
2014-04-15 07:14:00,server-07,13.86,10.78,16.95,0.24,34.33,63.29,True,thermal_event
2014-04-15 07:19:00,server-07,24.18,27.01,8.74,0.23,41.12,44.63,True,thermal_event
2014-04-15 07:24:00,server-07,22.69,9.7,9.03,0.24,40.18,68.16,True,thermal_event
2014-04-15 07:29:00,server-07,20.89,20.36,3.66,0.23,37.89,41.03,True,thermal_event
2014-04-15 07:34:00,server-07,23.47,29.67,12.08,0.22,44.25,57.74,True,thermal_event
2014-04-15 07:39:00,server-07,25.86,24.59,9.32,0.25,45.65,63.52,True,thermal_event
2014-04-15 07:44:00,server-07,22.55,28.93,10.95,0.23,44.25,58.1,True,thermal_event
2014-04-15 07:49:00,server-07,26.91,30.2,9.42,0.25,45.39,48.6,True,thermal_event
2014-04-15 07:54:00,server-07,26.74,24.17,17.3,0.24,44.56,68.42,True,thermal_event
2014-04-15 07:59:00,server-07,24.73,12.13,10.48,3.1,40.97,42.43,True,thermal_event
2014-04-15 08:04:00,server-07,18.59,10.67,16.11,0.24,38.36,72.28,True,thermal_event
2014-04-15 08:09:00,server-07,15.81,10.22,19.99,3.09,39.9,63.3,True,thermal_event
2014-04-15 08:14:00,server-07,13.23,6.91,7.62,0.22,34.1,46.2,True,thermal_event
2014-04-15 08:19:00,server-07,28.39,14.62,3.72,0.23,44.42,49.64,True,thermal_event
2014-04-15 08:24:00,server-07,21.2,26.79,16.69,0.25,42.52,44.81,True,thermal_event
2014-04-15 08:29:00,server-07,22.21,12.04,12.63,0.23,40.87,51.69,True,thermal_event
2014-04-15 08:34:00,server-07,21.28,15.3,4.39,0.24,42.58,42.27,True,thermal_event
2014-04-15 08:39:00,server-07,14.54,22.36,13.05,0.23,37.5,56.84,True,thermal_event
2014-04-15 08:44:00,server-07,13.13,13.76,6.83,0.23,38.68,43.27,True,thermal_event
2014-04-15 08:49:00,server-07,26.59,19.25,5.24,0.23,41.53,56.29,True,thermal_event
2014-04-15 08:54:00,server-07,17.57,8.39,4.0,0.24,40.9,69.88,True,thermal_event
2014-04-15 08:59:00,server-07,13.46,11.78,13.28,3.09,35.76,68.16,True,thermal_event
2014-04-15 09:04:00,server-07,14.18,16.97,7.25,0.25,35.57,54.83,True,thermal_event
2014-04-15 09:09:00,server-07,19.99,26.16,5.79,3.09,40.46,53.15,True,thermal_event
2014-04-15 09:14:00,server-07,29.82,20.23,13.08,0.23,43.73,73.83,True,thermal_event
2014-04-15 09:19:00,server-07,20.54,19.26,14.86,0.25,37.67,48.55,True,thermal_event
2014-04-15 09:24:00,server-07,17.45,22.52,16.98,0.23,39.13,50.16,True,thermal_event
2014-04-15 09:29:00,server-07,11.32,11.6,9.46,0.25,35.51,43.05,True,thermal_event
2014-04-15 09:34:00,server-07,23.37,20.61,16.01,0.22,42.54,40.07,True,thermal_event
2014-04-15 09:39:00,server-07,11.17,9.32,16.01,0.25,32.86,50.56,True,thermal_event
2014-04-15 09:44:00,server-07,11.03,11.59,16.59,0.22,35.03,68.14,True,thermal_event
2014-04-15 09:49:00,server-07,17.36,12.32,17.51,0.24,36.42,49.44,True,thermal_event
2014-04-15 09:54:00,server-07,23.78,12.04,19.87,0.24,41.11,55.81,True,thermal_event
2014-04-15 09:59:00,server-07,18.64,7.35,12.02,3.09,39.28,62.25,True,thermal_event
2014-04-15 10:04:00,server-07,17.04,14.84,3.43,0.22,35.93,48.72,True,thermal_event
2014-04-15 10:09:00,server-07,27.64,23.84,9.7,3.09,45.93,69.02,True,thermal_event
2014-04-15 10:14:00,server-07,28.19,20.45,5.27,0.23,44.99,56.84,True,thermal_event
2014-04-15 10:19:00,server-07,27.33,26.28,19.61,0.22,45.37,55.19,True,thermal_event
2014-04-15 10:24:00,server-07,14.19,5.0,17.63,0.25,39.66,40.18,True,thermal_event
2014-04-15 10:29:00,server-07,19.55,10.28,11.99,0.23,36.79,64.95,True,thermal_event
2014-04-15 10:34:00,server-07,16.37,5.85,14.93,0.25,39.9,67.46,True,thermal_event
2014-04-15 10:39:00,server-07,14.01,5.0,13.32,0.23,38.2,55.31,True,thermal_event
2014-04-15 10:44:00,server-07,16.25,19.12,8.97,0.24,37.91,60.42,True,thermal_event
2014-04-15 10:49:00,server-07,14.05,5.0,8.69,0.24,39.95,64.43,True,thermal_event
2014-04-15 10:54:00,server-07,18.58,9.54,6.05,0.26,41.55,42.27,True,thermal_event
2014-04-15 10:59:00,server-07,18.62,16.82,5.76,3.08,36.5,68.86,True,thermal_event
2014-04-15 11:04:00,server-07,26.64,20.25,13.8,0.24,45.06,57.57,True,thermal_event
2014-04-15 11:09:00,server-07,22.77,26.11,16.49,3.1,43.32,56.9,True,thermal_event
2014-04-15 11:14:00,server-07,14.45,8.88,13.95,0.2,38.68,60.29,True,thermal_event
2014-04-15 11:19:00,server-07,19.97,22.02,14.81,0.25,39.52,72.51,True,thermal_event
2014-04-15 11:24:00,server-07,23.13,27.54,14.27,0.23,39.45,41.17,True,thermal_event
2014-04-15 11:29:00,server-07,25.33,22.46,17.3,0.25,44.4,74.14,True,thermal_event
2014-04-15 11:34:00,server-07,14.52,8.04,6.9,0.22,35.5,45.07,True,thermal_event
2014-04-15 11:39:00,server-07,25.08,31.13,16.49,0.25,41.53,42.33,True,thermal_event
2014-04-15 11:44:00,server-07,20.63,24.62,4.08,0.22,39.19,44.02,True,thermal_event
2014-04-15 11:49:00,server-07,12.34,5.51,5.68,0.24,36.33,58.75,True,thermal_event
2014-04-15 11:54:00,server-07,26.67,13.8,17.46,0.24,40.49,57.49,True,thermal_event
2014-04-15 11:59:00,server-07,22.43,19.41,17.26,3.06,43.57,58.27,True,thermal_event
2014-04-15 12:04:00,server-07,23.28,20.08,13.98,0.25,41.35,68.53,True,thermal_event
2014-04-15 12:09:00,server-07,29.39,30.79,11.36,3.1,44.43,52.53,True,thermal_event
2014-04-15 12:14:00,server-07,29.29,28.83,12.99,0.24,43.85,67.46,True,thermal_event
2014-04-15 12:19:00,server-07,11.91,13.52,15.94,0.22,34.01,40.78,True,thermal_event
2014-04-15 12:24:00,server-07,24.94,12.93,6.19,0.25,41.6,46.69,True,thermal_event
2014-04-15 12:29:00,server-07,21.65,18.88,17.45,0.23,41.55,43.37,True,thermal_event
2014-04-15 12:34:00,server-07,27.49,14.72,13.03,0.25,46.42,40.8,True,thermal_event
2014-04-15 12:39:00,server-07,24.38,30.09,17.63,0.23,41.66,49.37,True,thermal_event
2014-04-15 12:44:00,server-07,22.98,12.9,12.24,0.24,43.6,55.85,True,thermal_event
2014-04-15 12:49:00,server-07,22.32,20.36,5.13,0.22,40.11,45.96,True,thermal_event
2014-04-15 12:54:00,server-07,21.42,13.72,10.54,0.25,39.41,61.07,True,thermal_event
2014-04-15 12:59:00,server-07,30.69,22.49,9.69,3.07,45.07,72.28,True,thermal_event
2014-04-15 13:04:00,server-07,20.12,26.76,10.62,0.25,43.0,49.52,True,thermal_event
2014-04-15 13:09:00,server-07,16.14,13.49,10.63,3.09,39.64,60.7,True,thermal_event
2014-04-15 13:14:00,server-07,27.72,32.13,12.98,0.23,43.51,53.27,True,thermal_event
2014-04-15 13:19:00,server-07,25.68,13.16,3.53,0.23,44.87,68.66,True,thermal_event
2014-04-15 13:24:00,server-07,15.13,12.23,19.28,0.23,39.25,58.5,True,thermal_event
2014-04-15 13:29:00,server-07,17.53,8.17,12.68,0.25,39.03,70.03,True,thermal_event
2014-04-15 13:34:00,server-07,17.69,23.64,17.24,0.22,40.1,59.3,True,thermal_event
2014-04-15 13:39:00,server-07,27.02,13.79,4.54,0.25,40.62,66.07,True,thermal_event
2014-04-15 13:44:00,server-07,15.68,5.21,17.35,0.23,35.74,46.54,True,thermal_event
2014-04-15 13:49:00,server-07,26.57,20.49,17.07,0.24,43.43,45.4,True,thermal_event
2014-04-15 13:54:00,server-07,25.4,27.85,12.35,0.25,44.21,56.79,True,thermal_event
2014-04-15 13:59:00,server-07,30.66,28.56,6.73,3.09,43.51,59.23,True,thermal_event
2014-04-15 14:04:00,server-07,20.96,16.87,5.9,0.26,38.1,70.39,True,thermal_event
2014-04-15 14:09:00,server-07,30.46,21.65,13.18,3.09,42.6,55.91,True,thermal_event
2014-04-15 14:14:00,server-07,14.71,12.4,7.15,0.24,34.51,41.4,True,thermal_event
2014-04-15 14:19:00,server-07,10.86,5.0,8.57,0.24,34.99,44.09,True,thermal_event
2014-04-15 14:24:00,server-07,16.23,15.0,16.21,0.25,35.68,70.19,True,thermal_event
2014-04-15 14:29:00,server-07,18.99,25.53,4.07,0.23,37.84,72.35,True,thermal_event
2014-04-15 14:34:00,server-07,26.42,28.38,15.67,0.27,45.83,53.58,True,thermal_event
2014-04-15 14:39:00,server-07,20.64,20.56,4.29,0.21,38.63,62.64,True,thermal_event
2014-04-15 14:44:00,server-07,19.44,17.48,19.45,0.24,36.75,73.66,True,thermal_event
2014-04-15 14:49:00,server-07,19.84,9.08,10.19,0.24,41.09,69.71,True,thermal_event
2014-04-15 14:54:00,server-07,17.15,10.07,16.89,0.24,38.27,70.92,True,thermal_event
2014-04-15 14:59:00,server-07,20.21,24.72,7.81,3.09,38.73,60.34,True,thermal_event
2014-04-15 15:04:00,server-07,22.74,18.83,19.83,0.23,38.89,42.52,True,thermal_event
2014-04-15 15:09:00,server-07,22.7,25.1,6.92,3.11,40.8,54.31,True,thermal_event
2014-04-15 15:14:00,server-07,19.26,12.24,18.37,0.23,40.53,40.25,True,thermal_event
2014-04-15 15:19:00,server-07,23.49,22.0,4.64,0.24,42.78,54.68,True,thermal_event
2014-04-15 15:24:00,server-07,10.14,5.0,9.16,0.24,32.24,55.66,True,thermal_event
2014-04-15 15:29:00,server-07,28.17,26.04,13.03,0.24,44.53,49.37,True,thermal_event
2014-04-15 15:34:00,server-07,22.43,21.47,14.33,0.24,38.86,55.62,True,thermal_event
2014-04-15 15:39:00,server-07,13.02,9.98,13.49,0.25,39.34,58.91,True,thermal_event
2014-04-15 15:44:00,server-07,22.59,26.59,15.02,0.23,42.01,42.93,True,thermal_event
2014-04-15 15:49:00,server-07,25.92,27.86,14.4,0.24,40.99,57.66,True,thermal_event
2014-04-15 15:54:00,server-07,12.86,20.5,4.4,0.25,37.08,54.79,True,thermal_event
2014-04-15 15:59:00,server-07,29.45,19.19,10.08,3.07,45.42,64.34,True,thermal_event
2014-04-15 16:04:00,server-07,22.53,26.82,8.68,0.23,40.96,62.93,True,thermal_event
2014-04-15 16:09:00,server-07,12.42,5.0,13.42,3.08,34.29,57.27,True,thermal_event
2014-04-15 16:14:00,server-07,22.9,13.35,17.82,0.25,42.43,62.47,True,thermal_event
2014-04-15 16:19:00,server-07,16.53,11.13,16.62,0.23,37.39,66.48,True,thermal_event
2014-04-15 16:24:00,server-07,29.1,18.72,17.32,0.25,47.21,58.68,True,thermal_event
2014-04-15 16:29:00,server-07,21.17,9.92,16.44,0.23,39.1,63.82,True,thermal_event
2014-04-15 16:34:00,server-07,13.59,10.67,9.45,0.24,33.94,43.77,True,thermal_event
2014-04-15 16:39:00,server-07,12.04,8.89,3.6,0.25,35.25,42.53,True,thermal_event
2014-04-15 16:44:00,server-07,30.15,26.61,2.57,12.81,43.71,50.92,True,thermal_event
2014-04-15 16:49:00,server-07,19.61,24.82,4.2,6.3,37.78,72.51,True,thermal_event
2014-04-15 16:54:00,server-07,58.75,57.35,9.86,132.37,58.19,41.1,True,network_anomaly
2014-04-15 16:59:00,server-07,31.38,17.41,17.14,3.11,47.8,74.84,True,thermal_event
2014-04-15 17:04:00,server-07,19.64,14.33,9.97,0.32,37.68,66.04,True,thermal_event
2014-04-15 17:09:00,server-07,68.67,60.65,5.14,233.77,67.04,47.2,True,network_anomaly
2014-04-15 17:14:00,server-07,43.42,33.95,19.7,60.3,52.32,48.66,True,network_anomaly
2014-04-15 17:19:00,server-07,28.39,23.47,8.84,0.28,44.13,40.89,True,thermal_event
2014-04-15 17:24:00,server-07,11.99,5.0,12.12,0.27,33.19,61.72,True,thermal_event
2014-04-15 17:29:00,server-07,27.66,23.68,11.09,0.26,43.73,67.78,True,thermal_event
2014-04-15 17:34:00,server-07,18.7,8.41,17.57,0.29,41.67,57.9,True,thermal_event
2014-04-15 17:39:00,server-07,27.75,16.55,2.64,0.29,46.46,65.25,True,thermal_event
2014-04-15 17:44:00,server-07,10.84,5.0,4.27,0.34,35.07,72.24,True,thermal_event
2014-04-15 17:49:00,server-07,23.81,25.71,17.37,0.33,39.88,66.83,True,thermal_event
2014-04-15 17:54:00,server-07,11.76,8.99,18.49,0.34,36.93,61.91,True,thermal_event
2014-04-15 17:59:00,server-07,16.4,22.8,8.49,0.37,40.13,44.77,True,thermal_event
2014-04-15 18:04:00,server-07,22.33,28.15,19.49,0.36,42.57,44.73,True,thermal_event
2014-04-15 18:09:00,server-07,29.98,22.94,18.9,0.4,42.01,41.06,True,thermal_event
2014-04-15 18:14:00,server-07,21.44,27.87,9.23,0.34,43.23,65.78,True,thermal_event
2014-04-15 18:19:00,server-07,21.57,12.36,3.25,0.4,40.88,40.71,True,thermal_event
2014-04-15 18:24:00,server-07,26.25,31.56,15.91,0.36,43.91,45.41,True,thermal_event
2014-04-15 18:29:00,server-07,17.66,18.62,14.28,0.33,38.73,41.47,True,thermal_event
2014-04-15 18:34:00,server-07,14.35,12.58,10.3,0.42,39.61,66.0,True,thermal_event
2014-04-15 18:39:00,server-07,10.35,5.61,17.4,0.4,32.48,45.12,True,thermal_event
2014-04-15 18:44:00,server-07,26.59,13.56,17.92,0.3,45.5,51.96,True,thermal_event
2014-04-15 18:49:00,server-07,13.78,9.59,17.64,0.22,38.18,60.55,True,thermal_event
2014-04-15 18:54:00,server-07,27.27,18.85,5.87,0.24,43.66,70.37,True,thermal_event
2014-04-15 18:59:00,server-07,21.58,23.08,4.06,0.21,37.95,40.47,True,thermal_event
2014-04-15 19:04:00,server-07,28.58,20.31,4.36,0.23,42.96,64.68,True,thermal_event
2014-04-15 19:09:00,server-07,18.26,21.58,8.82,0.23,39.64,66.36,True,thermal_event
2014-04-15 19:14:00,server-07,13.16,7.62,11.01,0.24,39.18,55.06,True,thermal_event
2014-04-15 19:19:00,server-07,16.5,20.19,13.36,0.21,39.3,50.68,True,thermal_event
2014-04-15 19:24:00,server-07,16.87,19.63,12.97,0.24,38.04,60.2,True,thermal_event
2014-04-15 19:29:00,server-07,10.85,12.92,17.37,0.22,33.91,51.73,True,thermal_event
2014-04-15 19:34:00,server-07,13.73,5.0,4.01,0.21,35.38,57.59,True,thermal_event
2014-04-15 19:39:00,server-07,23.61,22.4,16.06,0.21,40.65,49.82,True,thermal_event
2014-04-15 19:44:00,server-07,18.52,7.64,10.2,0.23,38.98,73.83,True,thermal_event
2014-04-15 19:49:00,server-07,21.12,17.7,15.45,0.2,38.36,56.21,True,thermal_event
2014-04-15 19:54:00,server-07,28.92,33.58,7.62,0.22,45.71,47.83,True,thermal_event
2014-04-15 19:59:00,server-07,21.48,11.23,13.71,0.23,42.11,61.98,True,thermal_event
2014-04-15 20:04:00,server-07,26.22,24.79,18.33,0.21,46.05,67.16,True,thermal_event
2014-04-15 20:09:00,server-07,15.83,7.78,3.89,0.25,35.13,68.61,True,thermal_event
2014-04-15 20:14:00,server-07,18.8,23.53,12.69,0.22,39.36,59.82,True,thermal_event
2014-04-15 20:19:00,server-07,29.32,26.16,15.85,0.21,42.6,64.58,True,thermal_event
2014-04-15 20:24:00,server-07,13.71,5.0,17.75,0.23,35.35,66.86,True,thermal_event
2014-04-15 20:29:00,server-07,22.15,21.81,12.01,2.62,38.52,57.55,True,thermal_event
2014-04-15 20:34:00,server-07,16.69,9.33,18.92,1.08,35.58,40.02,True,thermal_event
2014-04-15 20:39:00,server-07,25.2,14.1,11.0,0.23,44.06,48.43,True,thermal_event
2014-04-15 20:44:00,server-07,28.87,30.34,7.3,0.22,46.82,44.7,True,thermal_event
2014-04-15 20:49:00,server-07,20.41,11.0,8.82,0.22,37.83,51.58,True,thermal_event
2014-04-15 20:54:00,server-07,16.42,11.21,15.93,0.24,36.33,55.68,True,thermal_event
2014-04-15 20:59:00,server-07,12.15,5.0,11.14,0.21,38.19,71.99,True,thermal_event
2014-04-15 21:04:00,server-07,12.75,10.04,3.06,0.23,34.98,56.0,True,thermal_event
2014-04-15 21:09:00,server-07,11.03,8.79,17.93,0.23,38.18,48.49,True,thermal_event
2014-04-15 21:14:00,server-07,22.18,28.19,3.88,0.23,42.85,72.22,True,thermal_event
2014-04-15 21:19:00,server-07,28.86,26.17,15.88,10.45,46.17,50.84,True,thermal_event
2014-04-15 21:24:00,server-07,13.32,11.28,19.85,0.23,37.73,57.29,True,thermal_event
2014-04-15 21:29:00,server-07,27.95,13.87,6.45,0.22,42.07,63.45,True,thermal_event
2014-04-15 21:34:00,server-07,29.88,17.56,8.81,0.2,42.38,70.96,True,thermal_event
2014-04-15 21:39:00,server-07,24.06,17.23,16.91,0.25,44.28,59.02,True,thermal_event
2014-04-15 21:44:00,server-07,22.8,25.6,7.7,0.24,39.35,67.38,True,thermal_event
2014-04-15 21:49:00,server-07,14.1,10.43,11.44,0.28,37.43,43.05,True,thermal_event
2014-04-15 21:54:00,server-07,22.55,20.73,3.53,0.23,43.37,56.89,True,thermal_event
2014-04-15 21:59:00,server-07,28.9,34.56,19.63,0.27,42.23,47.88,True,thermal_event
2014-04-15 22:04:00,server-07,22.17,21.52,14.14,0.26,41.01,49.39,True,thermal_event
2014-04-15 22:09:00,server-07,17.22,8.99,19.81,0.29,41.57,51.47,True,thermal_event
2014-04-15 22:14:00,server-07,11.04,5.0,14.77,0.31,32.7,71.17,True,thermal_event
2014-04-15 22:19:00,server-07,12.66,19.52,2.41,0.31,35.0,74.23,True,thermal_event
2014-04-15 22:24:00,server-07,18.74,17.71,13.88,0.33,37.84,40.01,True,thermal_event
2014-04-15 22:29:00,server-07,22.14,20.41,15.6,0.32,38.19,46.73,True,thermal_event
2014-04-15 22:34:00,server-07,13.69,21.3,14.1,1.05,38.95,71.83,True,thermal_event
2014-04-15 22:39:00,server-07,12.64,13.76,8.6,0.36,33.93,41.03,True,thermal_event
2014-04-15 22:44:00,server-07,17.88,6.49,2.67,0.34,40.76,50.47,True,thermal_event
2014-04-15 22:49:00,server-07,14.08,11.0,5.39,0.34,38.01,45.26,True,thermal_event
2014-04-15 22:54:00,server-07,26.63,32.56,9.78,0.34,44.02,53.67,True,thermal_event
2014-04-15 22:59:00,server-07,15.05,13.52,5.86,0.37,39.73,43.8,True,thermal_event
2014-04-15 23:04:00,server-07,10.33,5.0,3.08,0.38,32.86,73.5,True,thermal_event
2014-04-15 23:09:00,server-07,10.64,5.13,16.06,0.33,33.14,55.01,True,thermal_event
2014-04-15 23:14:00,server-07,29.64,20.32,13.33,0.27,44.99,73.85,True,thermal_event
2014-04-15 23:19:00,server-07,20.48,19.72,2.92,0.28,40.45,73.64,True,thermal_event
2014-04-15 23:24:00,server-07,18.9,9.85,3.47,0.27,37.2,71.67,True,thermal_event
2014-04-15 23:29:00,server-07,21.85,15.85,6.49,0.31,42.04,68.08,True,thermal_event
2014-04-15 23:34:00,server-07,12.92,10.95,6.97,0.32,38.12,51.39,True,thermal_event
2014-04-15 23:39:00,server-07,16.18,14.74,19.4,0.34,40.54,44.18,True,thermal_event
2014-04-15 23:44:00,server-07,19.17,20.08,6.8,0.34,39.33,55.54,True,thermal_event
2014-04-15 23:49:00,server-07,26.55,21.63,15.67,0.35,44.96,70.96,True,thermal_event
2014-04-15 23:54:00,server-07,21.68,18.48,10.9,0.35,40.78,65.55,True,thermal_event
2014-04-15 23:59:00,server-07,20.47,16.18,11.9,0.36,42.94,74.3,True,thermal_event
2014-04-16 00:04:00,server-07,27.58,23.11,11.03,0.35,45.07,62.18,True,thermal_event
2014-04-16 00:09:00,server-07,30.01,34.3,10.21,0.36,45.49,68.13,True,thermal_event
2014-04-16 00:14:00,server-07,10.47,6.34,7.2,0.34,37.38,61.47,True,thermal_event
2014-04-16 00:19:00,server-07,29.92,33.25,7.97,0.36,43.14,71.64,True,thermal_event
2014-04-16 00:24:00,server-07,18.13,24.9,12.48,0.38,39.22,40.98,True,thermal_event
2014-04-16 00:29:00,server-07,13.61,18.16,2.88,0.35,38.99,61.57,True,thermal_event
2014-04-16 00:34:00,server-07,11.31,5.0,19.21,0.37,36.21,62.07,True,thermal_event
2014-04-16 00:39:00,server-07,26.62,26.95,6.99,0.33,44.26,65.13,True,thermal_event
2014-04-16 00:44:00,server-07,15.24,5.79,16.35,0.36,37.06,44.15,True,thermal_event
2014-04-16 00:49:00,server-07,14.95,5.0,15.76,0.35,38.48,52.09,True,thermal_event
2014-04-16 00:54:00,server-07,19.04,10.69,11.8,0.38,38.25,73.6,True,thermal_event
2014-04-16 00:59:00,server-07,20.24,22.74,9.9,0.37,41.07,47.86,True,thermal_event
2014-04-16 01:04:00,server-07,10.22,17.99,8.18,0.36,34.44,52.55,True,thermal_event
2014-04-16 01:09:00,server-07,26.82,29.43,3.63,0.38,40.49,60.12,True,thermal_event
2014-04-16 01:14:00,server-07,10.99,9.81,12.23,0.35,38.48,46.9,True,thermal_event
2014-04-16 01:19:00,server-07,29.81,32.94,3.53,0.4,41.92,56.39,True,thermal_event
2014-04-16 01:24:00,server-07,18.44,23.99,13.99,0.36,38.94,60.21,True,thermal_event
2014-04-16 01:29:00,server-07,14.09,5.11,9.87,0.38,38.38,53.42,True,thermal_event
2014-04-16 01:34:00,server-07,16.12,20.33,11.85,0.37,40.04,61.65,True,thermal_event
2014-04-16 01:39:00,server-07,27.84,18.83,14.39,0.4,42.74,61.66,True,thermal_event
2014-04-16 01:44:00,server-07,18.27,18.18,2.95,0.36,41.61,50.31,True,thermal_event
2014-04-16 01:49:00,server-07,11.32,16.48,16.29,0.38,33.7,46.76,True,thermal_event
2014-04-16 01:54:00,server-07,21.18,26.87,14.43,0.37,39.83,48.08,True,thermal_event
2014-04-16 01:59:00,server-07,20.91,8.11,8.06,0.38,38.73,49.78,True,thermal_event
2014-04-16 02:04:00,server-07,24.33,28.55,9.69,0.35,39.57,63.36,True,thermal_event
2014-04-16 02:09:00,server-07,23.92,21.99,13.61,0.38,41.02,63.58,True,thermal_event
2014-04-16 02:14:00,server-07,22.03,24.29,11.12,0.37,42.62,65.92,True,thermal_event
2014-04-16 02:19:00,server-07,28.36,25.06,10.68,0.38,46.16,62.76,True,thermal_event
2014-04-16 02:24:00,server-07,10.59,7.79,19.03,0.37,33.45,67.72,True,thermal_event
2014-04-16 02:29:00,server-07,14.04,16.05,14.45,0.36,36.44,63.61,True,thermal_event
2014-04-16 02:34:00,server-07,15.49,21.41,8.14,0.38,37.47,73.51,True,thermal_event
2014-04-16 02:39:00,server-07,21.17,20.27,8.51,0.36,42.07,42.56,True,thermal_event
2014-04-16 02:44:00,server-07,15.23,20.34,19.78,0.3,35.7,52.23,True,thermal_event
2014-04-16 02:49:00,server-07,21.01,21.08,14.79,0.21,39.82,73.35,True,thermal_event
2014-04-16 02:54:00,server-07,21.91,21.71,5.24,0.23,42.51,63.28,True,thermal_event
2014-04-16 02:59:00,server-07,23.73,12.51,5.53,0.22,39.74,60.36,True,thermal_event
2014-04-16 03:04:00,server-07,11.2,5.0,11.95,0.22,38.32,62.18,True,thermal_event
2014-04-16 03:09:00,server-07,24.93,20.86,2.64,0.24,43.15,58.8,True,thermal_event
2014-04-16 03:14:00,server-07,13.7,20.34,13.91,0.22,38.0,49.39,True,thermal_event
2014-04-16 03:19:00,server-07,26.41,24.13,19.96,0.21,45.42,53.17,True,thermal_event
2014-04-16 03:24:00,server-07,19.71,17.33,3.77,0.19,40.65,40.05,True,thermal_event
2014-04-16 03:29:00,server-07,19.76,22.89,9.99,0.06,40.11,49.5,True,thermal_event
2014-04-16 03:34:00,server-07,12.64,16.21,6.91,0.06,35.74,50.87,True,thermal_event
2014-04-16 03:39:00,server-07,16.99,9.39,4.34,0.07,37.74,58.22,True,thermal_event
2014-04-16 03:44:00,server-07,19.11,15.72,12.78,0.05,40.32,49.67,True,thermal_event
2014-04-16 03:49:00,server-07,20.87,12.33,19.66,0.07,42.32,49.73,True,thermal_event
2014-04-16 03:54:00,server-07,15.46,6.53,11.44,0.06,37.78,66.59,True,thermal_event
2014-04-16 03:59:00,server-07,29.33,26.45,19.54,0.05,41.85,45.39,True,thermal_event
2014-04-16 04:04:00,server-07,12.64,5.0,14.24,0.09,36.89,64.31,True,thermal_event
2014-04-16 04:09:00,server-07,15.3,13.9,6.32,0.09,37.01,57.04,True,thermal_event
2014-04-16 04:14:00,server-07,20.98,8.78,19.35,0.09,41.27,54.01,True,thermal_event
2014-04-16 04:19:00,server-07,16.21,20.56,15.73,0.09,36.17,48.63,True,thermal_event
2014-04-16 04:24:00,server-07,27.91,28.52,11.87,0.12,44.17,74.54,True,thermal_event
2014-04-16 04:29:00,server-07,12.4,8.34,14.29,0.1,38.53,58.52,True,thermal_event
2014-04-16 04:34:00,server-07,17.02,11.11,19.86,0.11,41.48,52.53,True,thermal_event
2014-04-16 04:39:00,server-07,29.63,26.06,4.97,0.12,45.2,49.33,True,thermal_event
2014-04-16 04:44:00,server-07,13.08,16.41,4.3,0.1,35.23,58.62,True,thermal_event
2014-04-16 04:49:00,server-07,24.19,14.13,3.32,0.15,43.16,64.64,True,thermal_event
2014-04-16 04:54:00,server-07,23.14,19.94,2.04,0.16,39.05,52.83,True,thermal_event
2014-04-16 04:59:00,server-07,26.32,28.3,18.59,0.18,41.17,55.11,True,thermal_event
2014-04-16 05:04:00,server-07,16.46,9.46,19.97,0.19,39.72,51.85,True,thermal_event
2014-04-16 05:09:00,server-07,22.69,16.08,4.48,0.22,40.99,58.07,True,thermal_event
2014-04-16 05:14:00,server-07,19.42,8.32,5.85,0.19,39.02,42.05,True,thermal_event
2014-04-16 05:19:00,server-07,12.5,16.0,4.52,0.22,35.44,41.29,True,thermal_event
2014-04-16 05:24:00,server-07,24.56,28.87,16.35,0.22,42.53,43.63,True,thermal_event
2014-04-16 05:29:00,server-07,18.43,18.32,13.33,0.23,41.42,65.52,True,thermal_event
2014-04-16 05:34:00,server-07,27.75,27.6,2.76,0.21,41.2,56.09,True,thermal_event
2014-04-16 05:39:00,server-07,20.47,25.06,9.0,0.23,39.31,71.48,True,thermal_event
2014-04-16 05:44:00,server-07,20.62,10.77,2.64,0.21,41.77,43.89,True,thermal_event
2014-04-16 05:49:00,server-07,23.42,28.58,5.57,0.21,43.95,65.66,True,thermal_event
2014-04-16 05:54:00,server-07,24.75,13.2,10.96,0.23,44.62,47.47,True,thermal_event
2014-04-16 05:59:00,server-07,27.22,24.94,11.89,0.23,43.61,43.86,True,thermal_event
2014-04-16 06:04:00,server-07,15.83,9.32,4.95,0.23,36.03,44.23,True,thermal_event
2014-04-16 06:09:00,server-07,17.86,15.23,12.12,0.24,36.65,44.93,True,thermal_event
2014-04-16 06:14:00,server-07,29.69,22.31,2.02,0.21,45.77,59.53,True,thermal_event
2014-04-16 06:19:00,server-07,26.07,13.06,9.39,0.21,42.49,53.13,True,thermal_event
2014-04-16 06:24:00,server-07,12.8,6.8,15.28,0.23,37.99,43.78,True,thermal_event
2014-04-16 06:29:00,server-07,26.62,15.01,13.12,0.21,41.14,72.9,True,thermal_event
2014-04-16 06:34:00,server-07,10.35,6.81,11.21,0.22,33.84,69.2,True,thermal_event
2014-04-16 06:39:00,server-07,23.51,23.61,4.52,0.22,40.6,70.23,True,thermal_event
2014-04-16 06:44:00,server-07,22.14,26.87,3.62,0.2,43.29,72.71,True,thermal_event
2014-04-16 06:49:00,server-07,11.37,5.0,7.24,0.21,37.1,49.29,True,thermal_event
2014-04-16 06:54:00,server-07,19.05,12.45,13.36,0.21,41.08,54.37,True,thermal_event
2014-04-16 06:59:00,server-07,21.99,16.99,14.86,0.22,41.47,53.28,True,thermal_event
2014-04-16 07:04:00,server-07,16.62,23.16,10.6,0.2,40.41,54.23,True,thermal_event
2014-04-16 07:09:00,server-07,15.4,9.36,15.16,0.25,36.18,58.45,True,thermal_event
2014-04-16 07:14:00,server-07,13.83,16.83,18.84,0.22,37.71,50.66,True,thermal_event
2014-04-16 07:19:00,server-07,24.18,14.99,18.41,0.22,40.94,44.05,True,thermal_event
2014-04-16 07:24:00,server-07,19.3,8.08,16.5,0.21,38.31,51.27,True,thermal_event
2014-04-16 07:29:00,server-07,13.43,5.0,12.94,0.2,35.96,73.93,True,thermal_event
2014-04-16 07:34:00,server-07,12.25,12.7,14.79,0.2,36.2,49.38,True,thermal_event
2014-04-16 07:39:00,server-07,26.89,28.26,16.31,0.21,45.1,74.55,True,thermal_event
2014-04-16 07:44:00,server-07,13.11,5.0,12.08,0.22,35.2,73.06,True,thermal_event
2014-04-16 07:49:00,server-07,28.03,17.56,16.22,0.21,46.56,46.36,True,thermal_event
2014-04-16 07:54:00,server-07,22.34,23.2,14.25,0.22,41.15,66.15,True,thermal_event
2014-04-16 07:59:00,server-07,11.14,5.0,6.89,0.2,32.95,61.05,True,thermal_event
2014-04-16 08:04:00,server-07,28.03,29.96,10.11,0.22,45.95,65.84,True,thermal_event
2014-04-16 08:09:00,server-07,11.7,5.09,5.51,0.23,35.33,45.95,True,thermal_event
2014-04-16 08:14:00,server-07,13.47,18.32,3.72,0.21,34.33,70.68,True,thermal_event
2014-04-16 08:19:00,server-07,14.89,7.55,6.98,0.21,37.35,65.52,True,thermal_event
2014-04-16 08:24:00,server-07,29.56,23.11,11.21,0.21,46.94,71.18,True,thermal_event
2014-04-16 08:29:00,server-07,13.76,17.47,13.5,0.21,36.05,46.35,True,thermal_event
2014-04-16 08:34:00,server-07,11.15,5.0,18.33,0.2,38.24,48.85,True,thermal_event
2014-04-16 08:39:00,server-07,11.55,18.53,15.15,0.21,34.26,66.65,True,thermal_event
2014-04-16 08:44:00,server-07,14.34,14.59,4.87,0.21,38.32,46.73,True,thermal_event
2014-04-16 08:49:00,server-07,21.95,20.28,14.3,0.22,43.25,72.96,True,thermal_event
2014-04-16 08:54:00,server-07,16.45,12.85,13.3,0.21,35.69,58.24,True,thermal_event
2014-04-16 08:59:00,server-07,22.17,10.59,2.85,0.22,40.49,41.95,True,thermal_event
2014-04-16 09:04:00,server-07,24.08,15.9,6.66,0.2,39.29,56.77,True,thermal_event
2014-04-16 09:09:00,server-07,23.99,29.63,13.79,0.24,41.37,44.91,True,thermal_event
2014-04-16 09:14:00,server-07,13.01,18.35,3.09,0.2,34.82,52.36,True,thermal_event
2014-04-16 09:19:00,server-07,14.13,5.0,11.29,0.21,37.24,62.57,True,thermal_event
2014-04-16 09:24:00,server-07,22.86,21.93,18.55,0.2,44.21,65.8,True,thermal_event
2014-04-16 09:29:00,server-07,11.1,12.86,16.85,0.2,35.35,63.4,True,thermal_event
2014-02-24 22:50:00,server-08,6.02,5.0,17.17,16.39,31.21,55.85,True,thermal_event
2014-02-24 22:55:00,server-08,5.85,7.46,8.36,15.59,32.76,65.37,True,thermal_event
2014-02-24 23:00:00,server-08,6.29,8.45,2.16,16.16,34.14,73.39,True,thermal_event
2014-02-24 23:05:00,server-08,6.88,15.19,22.27,19.17,35.92,65.59,True,thermal_event
2014-02-24 23:10:00,server-08,6.05,11.22,8.39,19.02,32.89,63.61,True,thermal_event
2014-02-24 23:15:00,server-08,5.63,5.0,16.62,1.76,31.94,54.28,True,thermal_event
2014-02-24 23:20:00,server-08,5.84,12.48,5.96,6.18,34.24,55.18,True,thermal_event
2014-02-24 23:25:00,server-08,6.04,11.09,4.7,11.68,33.03,68.94,True,thermal_event
2014-02-24 23:30:00,server-08,5.84,5.0,11.05,4.65,34.96,60.62,True,thermal_event
2014-02-24 23:35:00,server-08,5.61,13.47,22.86,6.36,31.33,49.75,True,thermal_event
2014-02-24 23:40:00,server-08,6.88,12.6,11.71,13.35,31.6,66.49,True,thermal_event
2014-02-24 23:45:00,server-08,6.46,5.0,22.45,17.11,32.34,67.58,True,thermal_event
2014-02-24 23:50:00,server-08,5.84,8.4,24.38,7.05,31.88,42.2,True,thermal_event
2014-02-24 23:55:00,server-08,5.76,10.1,18.79,12.87,32.96,71.48,True,thermal_event
2014-02-25 00:00:00,server-08,6.19,5.5,13.44,7.39,35.08,43.29,True,thermal_event
2014-02-25 00:05:00,server-08,6.04,5.0,23.86,13.24,33.41,62.68,True,thermal_event
2014-02-25 00:10:00,server-08,7.47,5.0,18.95,13.95,31.46,52.77,True,thermal_event
2014-02-25 00:15:00,server-08,5.83,6.32,8.72,10.74,32.45,72.03,True,thermal_event
2014-02-25 00:20:00,server-08,6.01,6.09,16.39,14.18,33.71,43.65,True,thermal_event
2014-02-25 00:25:00,server-08,6.05,5.0,15.43,4.94,35.37,69.69,True,thermal_event
2014-02-25 00:30:00,server-08,6.08,10.21,2.71,5.7,31.45,50.74,True,thermal_event
2014-02-25 00:35:00,server-08,5.83,7.98,22.98,6.18,33.37,69.6,True,thermal_event
2014-02-25 00:40:00,server-08,5.82,10.22,23.55,11.1,33.34,52.57,True,thermal_event
2014-02-25 00:45:00,server-08,6.02,14.74,22.54,1.14,33.72,51.27,True,thermal_event
2014-02-25 00:50:00,server-08,6.05,5.0,19.38,14.03,34.92,47.44,True,thermal_event
2014-02-25 00:55:00,server-08,5.44,10.61,15.29,7.44,31.44,67.94,True,thermal_event
2014-02-25 01:00:00,server-08,6.25,11.34,21.28,15.46,33.21,62.22,True,thermal_event
2014-02-25 01:05:00,server-08,5.6,5.0,22.08,15.43,32.59,46.85,True,thermal_event
2014-02-25 01:10:00,server-08,6.91,5.0,19.4,11.68,35.31,61.05,True,thermal_event
2014-02-25 01:15:00,server-08,6.87,5.0,4.28,13.92,32.96,72.91,True,thermal_event
2014-02-25 01:20:00,server-08,5.81,5.0,14.27,8.33,33.5,74.98,True,thermal_event
2014-02-25 01:25:00,server-08,5.82,5.0,9.86,7.54,33.02,51.5,True,thermal_event
2014-02-25 01:30:00,server-08,6.22,5.0,6.26,3.74,33.84,55.88,True,thermal_event
2014-02-25 01:35:00,server-08,5.83,7.4,14.68,16.01,31.06,43.13,True,thermal_event
2014-02-25 01:40:00,server-08,6.25,11.22,14.6,3.82,31.44,46.41,True,thermal_event
2014-02-25 01:45:00,server-08,6.02,5.16,13.6,16.55,32.74,74.74,True,thermal_event
2014-02-25 01:50:00,server-08,6.08,5.0,7.64,9.58,34.93,59.16,True,thermal_event
2014-02-25 01:55:00,server-08,5.84,6.73,3.74,2.33,35.76,65.85,True,thermal_event
2014-02-25 02:00:00,server-08,6.23,13.79,24.49,1.9,35.44,67.67,True,thermal_event
2014-02-25 02:05:00,server-08,5.83,11.01,3.0,18.37,34.29,42.62,True,thermal_event
2014-02-25 02:10:00,server-08,6.61,10.04,21.32,11.95,33.53,45.35,True,thermal_event
2014-02-25 02:15:00,server-08,7.11,5.0,18.92,11.13,31.46,64.66,True,thermal_event
2014-02-25 02:20:00,server-08,6.02,10.38,11.76,4.5,32.67,49.14,True,thermal_event
2014-02-25 02:25:00,server-08,6.04,10.21,20.69,17.88,31.94,63.76,True,thermal_event
2014-02-25 02:30:00,server-08,6.02,5.0,12.14,13.64,35.5,54.09,True,thermal_event
2014-02-25 02:35:00,server-08,5.61,13.7,3.17,15.13,31.51,56.79,True,thermal_event
2014-02-25 02:40:00,server-08,6.06,5.0,3.91,1.48,30.25,50.24,True,thermal_event
2014-02-25 02:45:00,server-08,5.83,5.0,8.55,7.94,35.7,58.26,True,thermal_event
2014-02-25 02:50:00,server-08,5.83,5.18,15.45,1.05,30.05,46.1,True,thermal_event
2014-02-25 02:55:00,server-08,6.04,5.0,8.35,9.65,34.64,57.99,True,thermal_event
2014-02-25 03:00:00,server-08,6.03,13.09,16.36,17.2,32.66,50.9,True,thermal_event
2014-02-25 03:05:00,server-08,5.84,5.0,19.62,14.03,34.36,47.52,True,thermal_event
2014-02-25 03:10:00,server-08,7.29,15.44,2.14,16.8,36.38,65.72,True,thermal_event
2014-02-25 03:15:00,server-08,5.83,5.0,10.04,1.21,30.6,41.92,True,thermal_event
2014-02-25 03:20:00,server-08,6.02,12.79,24.19,6.01,33.04,40.87,True,thermal_event
2014-02-25 03:25:00,server-08,5.42,5.0,18.89,16.3,29.77,48.43,True,thermal_event
2014-02-25 03:30:00,server-08,6.26,11.0,14.07,5.81,35.86,74.41,True,thermal_event
2014-02-25 03:35:00,server-08,5.83,5.0,2.35,10.33,31.94,50.92,True,thermal_event
2014-02-25 03:40:00,server-08,5.83,5.0,8.48,1.37,31.07,60.72,True,thermal_event
2014-02-25 03:45:00,server-08,5.83,5.0,20.79,3.38,32.97,74.13,True,thermal_event
2014-02-25 03:50:00,server-08,5.82,5.0,7.48,8.6,31.99,57.68,True,thermal_event
2014-02-25 03:55:00,server-08,6.03,14.47,17.49,13.55,30.26,73.21,True,thermal_event
2014-02-25 04:00:00,server-08,6.26,5.0,16.04,5.08,31.32,51.46,True,thermal_event
2014-02-25 04:05:00,server-08,5.83,13.19,16.13,9.41,32.4,70.09,True,thermal_event
2014-02-25 04:10:00,server-08,6.04,5.0,7.71,18.96,30.78,45.91,True,thermal_event
2014-02-25 04:15:00,server-08,6.04,5.61,22.14,3.45,31.76,61.67,True,thermal_event
2014-02-25 04:20:00,server-08,6.02,5.0,7.74,5.21,32.92,41.08,True,thermal_event
2014-02-25 04:25:00,server-08,6.08,13.49,10.32,8.09,32.86,69.69,True,thermal_event
2014-02-25 04:30:00,server-08,5.84,5.0,8.76,8.62,35.18,61.9,True,thermal_event
2014-02-25 04:35:00,server-08,6.04,12.57,17.86,1.05,35.49,73.23,True,thermal_event
2014-02-25 04:40:00,server-08,6.02,5.0,11.93,14.55,31.05,50.03,True,thermal_event
2014-02-25 04:45:00,server-08,5.82,5.74,15.82,5.59,34.18,50.96,True,thermal_event
2014-02-25 04:50:00,server-08,6.09,12.27,6.28,8.99,30.57,63.16,True,thermal_event
2014-02-25 04:55:00,server-08,5.63,13.95,8.69,13.8,35.77,69.29,True,thermal_event
2014-02-25 05:00:00,server-08,6.02,11.2,12.58,11.66,35.03,60.92,True,thermal_event
2014-02-25 05:05:00,server-08,5.83,5.49,24.39,19.42,33.02,58.41,True,thermal_event
2014-02-25 05:10:00,server-08,5.81,5.0,13.7,15.44,32.99,64.79,True,thermal_event
2014-02-25 05:15:00,server-08,6.24,7.86,18.34,2.64,34.79,68.49,True,thermal_event
2014-02-25 05:20:00,server-08,5.63,13.33,22.99,19.67,30.68,46.85,True,thermal_event
2014-02-25 05:25:00,server-08,6.03,11.14,15.27,1.46,34.73,67.78,True,thermal_event
2014-02-25 05:30:00,server-08,6.04,5.0,18.98,19.14,32.4,72.95,True,thermal_event
2014-02-25 05:35:00,server-08,5.63,5.0,14.35,8.76,31.73,52.64,True,thermal_event
2014-02-25 05:40:00,server-08,6.05,13.68,12.25,6.65,35.92,47.73,True,thermal_event
2014-02-25 05:45:00,server-08,5.83,14.24,12.79,2.18,34.66,48.78,True,thermal_event
2014-02-25 05:50:00,server-08,5.82,5.0,4.17,10.14,32.82,43.32,True,thermal_event
2014-02-25 05:55:00,server-08,6.07,12.59,13.99,15.95,32.13,65.49,True,thermal_event
2014-02-25 06:00:00,server-08,5.84,5.0,5.3,5.5,33.89,50.13,True,thermal_event
2014-02-25 06:05:00,server-08,5.83,9.22,8.87,4.85,32.56,46.66,True,thermal_event
2014-02-25 06:10:00,server-08,6.04,5.0,15.96,17.3,33.1,59.24,True,thermal_event
2014-02-25 06:15:00,server-08,5.63,13.82,15.09,15.88,34.69,69.08,True,thermal_event
2014-02-25 06:20:00,server-08,6.04,8.0,21.31,17.54,31.5,73.19,True,thermal_event
2014-02-25 06:25:00,server-08,6.04,5.74,8.88,14.28,32.16,55.29,True,thermal_event
2014-02-25 06:30:00,server-08,6.04,10.48,9.14,9.01,31.12,43.86,True,thermal_event
2014-02-25 06:35:00,server-08,5.63,10.4,18.97,9.65,35.57,53.45,True,thermal_event
2014-02-25 06:40:00,server-08,6.02,5.0,7.54,17.24,33.67,68.8,True,thermal_event
2014-02-25 06:45:00,server-08,5.63,5.0,4.87,14.97,34.78,55.66,True,thermal_event
2014-02-25 06:50:00,server-08,5.87,5.0,5.75,6.8,34.17,51.27,True,thermal_event
2014-02-25 06:55:00,server-08,6.04,5.0,2.77,4.44,34.52,54.13,True,thermal_event
2014-02-25 07:00:00,server-08,6.46,5.0,16.15,17.24,35.33,46.85,True,thermal_event
2014-02-25 07:05:00,server-08,6.04,5.0,8.24,14.84,31.97,67.57,True,thermal_event
2014-02-25 07:15:00,server-08,25.1,20.91,15.1,3.92,43.21,73.06,True,thermal_event
2014-02-25 07:20:00,server-08,17.19,24.4,11.56,19.57,38.1,62.25,True,thermal_event
2014-02-25 07:25:00,server-08,14.45,14.78,6.82,10.49,34.33,49.13,True,thermal_event
2014-02-25 07:30:00,server-08,13.97,5.0,13.21,4.82,38.23,54.59,True,thermal_event
2014-02-25 07:35:00,server-08,13.35,13.36,19.29,3.02,37.37,52.34,True,thermal_event
2014-02-25 07:40:00,server-08,15.64,5.84,24.39,18.12,36.47,55.19,True,thermal_event
2014-02-25 07:45:00,server-08,14.45,14.86,2.47,4.34,34.67,47.89,True,thermal_event
2014-02-25 07:50:00,server-08,15.42,20.29,23.14,18.92,35.16,47.07,True,thermal_event
2014-02-25 07:55:00,server-08,18.33,17.9,10.49,4.8,37.33,43.31,True,thermal_event
2014-02-25 08:00:00,server-08,16.19,17.76,13.6,11.78,39.35,51.44,True,thermal_event
2014-02-25 08:05:00,server-08,15.0,19.66,13.58,4.23,34.92,65.33,True,thermal_event
2014-02-25 08:10:00,server-08,15.07,20.15,6.16,19.34,38.34,69.13,True,thermal_event
2014-02-25 08:15:00,server-08,15.0,19.51,13.01,2.4,36.26,71.46,True,thermal_event
2014-02-25 08:20:00,server-08,15.09,17.62,19.31,12.56,37.22,47.86,True,thermal_event
2014-02-25 08:25:00,server-08,13.93,12.52,21.94,17.26,37.37,54.03,True,thermal_event
2014-02-25 08:30:00,server-08,15.0,17.02,17.44,11.54,38.22,71.2,True,thermal_event
2014-02-25 08:35:00,server-08,14.45,6.83,5.25,15.37,38.95,50.52,True,thermal_event
2014-02-25 08:40:00,server-08,15.0,10.81,21.07,12.74,37.01,50.47,True,thermal_event
2014-02-25 08:45:00,server-08,13.91,5.0,22.75,12.8,35.95,48.5,True,thermal_event
2014-02-25 08:50:00,server-08,15.14,13.55,2.5,12.7,38.11,64.72,True,thermal_event
2014-02-25 08:55:00,server-08,14.44,5.0,20.2,16.35,34.4,67.92,True,thermal_event
2014-02-25 09:00:00,server-08,15.56,22.52,16.88,15.27,37.03,58.41,True,thermal_event
2014-02-25 09:05:00,server-08,14.44,19.69,12.54,15.0,38.36,59.14,True,thermal_event
2014-02-25 09:10:00,server-08,15.55,6.06,17.68,16.85,38.89,73.24,True,thermal_event
2014-02-25 09:15:00,server-08,14.47,7.08,16.84,19.47,36.93,56.09,True,thermal_event
2014-02-25 09:20:00,server-08,14.88,14.78,13.63,13.08,36.91,55.85,True,thermal_event
2014-02-25 09:25:00,server-08,13.93,20.94,22.89,13.16,39.14,58.27,True,thermal_event
2014-02-25 09:30:00,server-08,16.11,21.88,22.88,1.28,35.06,63.27,True,thermal_event
2014-02-25 09:35:00,server-08,13.89,6.61,17.0,11.21,38.96,43.26,True,thermal_event
2014-02-25 09:40:00,server-08,15.0,5.0,16.13,18.85,38.32,48.67,True,thermal_event
2014-02-25 09:45:00,server-08,13.27,5.0,10.25,17.72,37.26,67.54,True,thermal_event
2014-02-25 09:50:00,server-08,15.56,22.15,18.33,16.73,39.82,65.1,True,thermal_event
2014-02-25 09:55:00,server-08,14.44,21.52,20.72,18.76,36.83,65.16,True,thermal_event
2014-02-25 10:00:00,server-08,15.0,13.98,5.4,12.28,36.41,41.25,True,thermal_event
2014-02-25 10:05:00,server-08,13.89,17.22,15.49,18.55,37.88,58.38,True,thermal_event
2014-02-25 10:10:00,server-08,15.0,14.86,11.61,2.12,37.22,73.71,True,thermal_event
2014-02-25 10:15:00,server-08,14.47,5.0,21.19,18.8,38.93,69.97,True,thermal_event
2014-02-25 10:20:00,server-08,15.56,22.4,17.89,12.85,39.87,41.24,True,thermal_event
2014-02-25 10:25:00,server-08,14.44,9.98,8.12,14.88,36.82,51.46,True,thermal_event
2014-02-25 10:30:00,server-08,15.0,16.47,23.17,10.73,37.41,68.52,True,thermal_event
2014-02-25 10:35:00,server-08,14.36,14.58,11.43,3.27,35.1,50.52,True,thermal_event
2014-02-25 10:40:00,server-08,15.56,14.1,5.26,17.67,35.39,52.02,True,thermal_event
2014-02-25 10:45:00,server-08,14.44,7.71,6.78,15.62,37.54,59.07,True,thermal_event
2014-02-25 10:50:00,server-08,15.56,18.47,21.07,3.45,38.4,54.73,True,thermal_event
2014-02-25 10:55:00,server-08,14.5,14.72,15.91,4.94,35.32,58.42,True,thermal_event
2014-02-25 11:00:00,server-08,15.0,5.18,18.58,6.2,38.5,71.83,True,thermal_event
2014-02-25 11:05:00,server-08,14.47,21.99,2.52,15.45,38.35,44.76,True,thermal_event
2014-02-25 11:10:00,server-08,16.11,10.53,5.42,7.48,36.42,42.55,True,thermal_event
2014-02-25 11:15:00,server-08,14.48,5.0,19.98,5.68,36.71,43.62,True,thermal_event
2014-02-25 11:20:00,server-08,12.93,7.57,20.59,13.76,34.93,41.87,True,thermal_event
2014-02-25 11:25:00,server-08,13.93,13.22,21.28,18.59,36.57,61.6,True,thermal_event
2014-02-25 11:30:00,server-08,15.56,17.57,4.62,13.52,39.21,68.1,True,thermal_event
2014-02-25 11:35:00,server-08,14.44,5.0,10.19,8.17,38.84,46.33,True,thermal_event
2014-02-25 11:40:00,server-08,15.09,8.66,3.37,7.42,35.14,45.24,True,thermal_event
2014-02-25 11:45:00,server-08,13.89,10.01,3.88,17.28,35.1,74.89,True,thermal_event
2014-02-25 11:50:00,server-08,14.44,5.36,7.8,18.22,38.4,53.4,True,thermal_event
2014-02-25 11:55:00,server-08,14.33,5.88,13.58,16.85,34.81,61.09,True,thermal_event
2014-02-25 12:00:00,server-08,15.0,10.84,24.92,18.04,35.12,54.85,True,thermal_event
2014-02-25 12:05:00,server-08,14.46,21.08,15.52,7.08,37.71,62.56,True,thermal_event
2014-02-25 12:10:00,server-08,15.56,14.25,23.77,12.63,35.46,48.77,True,thermal_event
2014-02-25 12:15:00,server-08,13.95,11.25,8.79,5.94,36.1,70.86,True,thermal_event
2014-02-25 12:20:00,server-08,15.0,5.0,7.35,14.85,38.65,71.0,True,thermal_event
2014-02-25 12:25:00,server-08,13.89,17.19,7.55,19.59,38.14,60.31,True,thermal_event
2014-02-25 12:30:00,server-08,15.0,21.47,9.84,5.44,37.47,68.41,True,thermal_event
2014-02-25 12:35:00,server-08,13.89,18.74,17.86,17.38,34.31,65.9,True,thermal_event
2014-02-25 12:40:00,server-08,14.87,10.41,16.68,11.65,38.73,73.15,True,thermal_event
2014-02-25 12:45:00,server-08,14.44,7.85,10.23,1.91,37.73,64.68,True,thermal_event
2014-02-25 12:50:00,server-08,15.64,21.94,24.14,4.21,37.65,61.0,True,thermal_event
2014-02-25 12:55:00,server-08,13.97,6.93,13.58,2.71,39.73,73.07,True,thermal_event
2014-02-25 13:00:00,server-08,15.06,11.02,22.74,9.32,39.4,42.19,True,thermal_event
2014-02-25 13:05:00,server-08,13.89,6.36,7.02,18.46,36.29,51.76,True,thermal_event
2014-02-25 13:10:00,server-08,15.0,10.16,17.53,13.74,36.08,71.7,True,thermal_event
2014-02-25 13:15:00,server-08,13.93,21.49,14.83,5.65,34.99,50.94,True,thermal_event
2014-02-25 13:20:00,server-08,15.56,7.2,13.96,9.17,39.54,63.6,True,thermal_event
2014-02-25 13:25:00,server-08,13.93,17.19,21.42,5.64,39.62,68.95,True,thermal_event
2014-02-25 13:30:00,server-08,15.0,5.0,13.88,3.19,35.43,70.9,True,thermal_event
2014-02-25 13:35:00,server-08,13.93,15.79,21.13,9.57,35.19,51.0,True,thermal_event
2014-02-25 13:40:00,server-08,15.61,5.0,23.63,3.23,40.51,50.97,True,thermal_event
2014-02-25 13:45:00,server-08,11.65,18.19,19.62,3.88,33.76,72.74,True,thermal_event
2014-02-25 13:50:00,server-08,15.09,15.99,2.72,14.03,39.53,68.08,True,thermal_event
2014-02-25 13:55:00,server-08,13.89,10.1,2.18,12.83,34.37,74.27,True,thermal_event
2014-02-25 14:00:00,server-08,15.0,12.38,14.13,18.05,37.87,46.58,True,thermal_event
2014-02-25 14:05:00,server-08,14.44,11.58,15.5,14.34,39.78,60.45,True,thermal_event
2014-02-25 14:10:00,server-08,15.0,18.66,4.1,2.33,37.46,70.31,True,thermal_event
2014-02-25 14:15:00,server-08,13.89,18.83,4.54,16.27,38.25,65.03,True,thermal_event
2014-02-25 14:20:00,server-08,14.99,17.06,18.87,15.5,38.08,51.18,True,thermal_event
2014-02-25 14:25:00,server-08,13.89,12.32,7.47,5.31,36.73,57.36,True,thermal_event
2014-02-25 14:30:00,server-08,15.56,21.01,15.35,1.29,35.63,67.59,True,thermal_event
2014-02-25 14:35:00,server-08,14.44,20.46,10.73,9.32,39.63,41.25,True,thermal_event
2014-02-25 14:40:00,server-08,15.0,10.25,15.25,13.01,34.74,41.02,True,thermal_event
2014-02-25 14:45:00,server-08,13.89,5.32,20.45,14.84,38.96,67.4,True,thermal_event
2014-02-25 14:50:00,server-08,15.06,7.91,4.99,19.99,39.86,53.19,True,thermal_event
2014-02-25 14:55:00,server-08,13.83,5.0,20.42,6.79,37.55,64.62,True,thermal_event
2014-02-25 15:00:00,server-08,15.13,22.79,22.47,2.13,40.04,43.72,True,thermal_event
2014-02-25 15:05:00,server-08,13.91,15.21,24.18,4.57,39.1,58.73,True,thermal_event
2014-02-25 15:10:00,server-08,14.87,5.94,14.17,11.51,34.67,53.35,True,thermal_event
2014-02-25 15:15:00,server-08,12.22,11.24,19.92,8.79,35.23,53.41,True,thermal_event
2014-02-25 15:20:00,server-08,13.23,7.19,12.38,19.09,36.29,41.89,True,thermal_event
2014-02-25 15:25:00,server-08,14.47,5.0,11.53,1.81,34.64,69.68,True,thermal_event
2014-02-25 15:30:00,server-08,15.0,15.65,7.14,1.07,36.81,45.19,True,thermal_event
2014-02-25 15:35:00,server-08,13.93,17.26,21.89,3.4,39.15,48.49,True,thermal_event
2014-02-26 16:30:00,server-08,15.06,11.31,20.65,13.38,39.5,43.91,True,thermal_event
2014-02-26 16:35:00,server-08,14.44,19.3,10.9,14.04,40.22,68.39,True,thermal_event
2014-02-26 16:40:00,server-08,15.56,16.42,8.77,6.06,37.64,58.53,True,thermal_event
2014-02-26 16:45:00,server-08,14.44,10.57,24.52,16.47,35.16,42.53,True,thermal_event
2014-02-26 16:50:00,server-08,14.44,11.5,12.79,10.76,40.14,71.66,True,thermal_event
2014-02-26 16:55:00,server-08,13.89,9.39,13.96,3.52,38.79,60.49,True,thermal_event
2014-02-26 17:00:00,server-08,14.52,5.0,24.13,12.25,37.23,41.1,True,thermal_event
2014-02-26 17:05:00,server-08,14.33,12.0,6.66,18.87,39.2,59.86,True,thermal_event
2014-02-26 17:10:00,server-08,15.56,20.43,7.81,19.36,38.55,54.46,True,thermal_event
2014-02-26 17:15:00,server-08,14.44,10.88,9.65,3.28,39.02,61.97,True,thermal_event
2014-02-26 17:20:00,server-08,15.57,5.0,9.65,8.09,40.69,69.35,True,thermal_event
2014-02-26 17:25:00,server-08,14.44,13.77,18.68,1.12,34.87,66.68,True,thermal_event
2014-02-26 17:30:00,server-08,15.0,14.82,8.93,13.04,34.78,44.03,True,thermal_event
2014-02-26 17:35:00,server-08,14.33,14.66,4.49,19.38,36.77,59.32,True,thermal_event
2014-02-26 17:40:00,server-08,15.43,5.0,10.36,13.21,40.28,61.96,True,thermal_event
2014-02-26 17:45:00,server-08,13.44,7.81,18.63,18.96,39.54,42.01,True,thermal_event
2014-02-26 17:50:00,server-08,14.87,5.24,4.79,5.79,36.54,73.59,True,thermal_event
2014-02-26 17:55:00,server-08,13.25,16.82,13.74,6.82,35.27,65.99,True,thermal_event
2014-02-26 18:00:00,server-08,15.57,10.66,16.69,10.66,36.59,57.12,True,thermal_event
2014-02-26 18:05:00,server-08,13.93,16.21,10.48,4.87,37.9,50.09,True,thermal_event
2014-02-26 18:10:00,server-08,15.56,10.87,2.64,7.82,39.48,59.77,True,thermal_event
2014-02-26 18:15:00,server-08,13.89,13.37,24.87,19.53,34.96,64.12,True,thermal_event
2014-02-26 18:20:00,server-08,15.0,16.79,16.42,13.62,37.32,62.85,True,thermal_event
2014-02-26 18:25:00,server-08,15.0,20.08,12.23,13.8,37.33,54.57,True,thermal_event
2014-02-26 18:30:00,server-08,16.11,19.73,4.17,15.78,36.81,74.55,True,thermal_event
2014-02-26 18:35:00,server-08,13.89,15.82,9.19,18.55,38.19,50.46,True,thermal_event
2014-02-26 18:40:00,server-08,14.44,21.31,10.4,14.1,39.44,63.93,True,thermal_event
2014-02-26 18:45:00,server-08,13.33,15.93,15.46,14.0,35.76,56.86,True,thermal_event
2014-02-26 18:50:00,server-08,15.0,8.5,19.7,5.3,35.43,62.01,True,thermal_event
2014-02-26 18:55:00,server-08,13.89,14.59,2.1,6.85,34.36,41.16,True,thermal_event
2014-02-26 19:00:00,server-08,15.08,22.52,24.98,16.58,35.65,43.8,True,thermal_event
2014-02-26 19:05:00,server-08,13.89,7.71,14.7,19.48,35.22,68.76,True,thermal_event
2014-02-26 19:10:00,server-08,14.87,5.56,19.7,15.24,37.94,60.71,True,thermal_event
2014-02-26 19:15:00,server-08,12.7,18.07,15.01,7.88,34.3,43.97,True,thermal_event
2014-02-26 19:20:00,server-08,16.11,16.35,8.6,14.48,36.1,68.0,True,thermal_event
2014-02-26 19:25:00,server-08,12.22,5.0,3.54,1.91,34.85,42.3,True,thermal_event
2014-02-26 19:30:00,server-08,15.56,11.2,20.12,12.64,39.37,65.06,True,thermal_event
2014-02-26 19:35:00,server-08,14.44,7.65,14.29,1.94,35.53,41.48,True,thermal_event
2014-02-26 19:40:00,server-08,15.42,14.1,5.64,18.3,34.84,55.71,True,thermal_event
2014-02-26 19:45:00,server-08,12.91,9.92,7.76,7.88,37.56,44.68,True,thermal_event
2014-02-26 19:50:00,server-08,15.0,8.97,15.98,18.51,35.34,48.57,True,thermal_event
2014-02-26 19:55:00,server-08,13.93,14.49,3.09,3.73,38.44,40.47,True,thermal_event
2014-02-26 20:00:00,server-08,15.0,9.69,22.46,8.48,35.43,43.16,True,thermal_event
2014-02-26 20:05:00,server-08,12.22,13.16,5.44,6.73,34.32,62.57,True,thermal_event
2014-02-26 20:10:00,server-08,15.56,5.0,23.64,18.77,39.42,70.74,True,thermal_event
2014-02-26 20:15:00,server-08,13.89,6.18,9.17,15.56,38.79,59.54,True,thermal_event
2014-02-26 20:20:00,server-08,15.06,5.0,2.05,4.16,38.67,72.96,True,thermal_event
2014-02-26 20:25:00,server-08,14.44,20.97,4.47,4.98,37.44,63.54,True,thermal_event
2014-02-26 20:30:00,server-08,16.11,7.23,5.58,12.99,37.86,57.69,True,thermal_event
2014-02-26 20:35:00,server-08,14.46,17.91,12.4,4.63,36.48,44.13,True,thermal_event
2014-02-26 20:40:00,server-08,15.56,5.0,18.58,6.59,40.26,51.21,True,thermal_event
2014-02-26 20:45:00,server-08,14.44,5.0,2.45,14.96,35.56,67.61,True,thermal_event
2014-02-26 20:50:00,server-08,15.0,22.61,3.43,15.65,38.67,60.84,True,thermal_event
2014-02-26 20:55:00,server-08,14.44,7.49,19.51,1.01,38.79,71.4,True,thermal_event
2014-02-26 21:00:00,server-08,14.88,11.0,9.28,17.77,34.44,64.37,True,thermal_event
2014-02-26 21:05:00,server-08,13.89,9.63,2.63,9.45,38.67,48.17,True,thermal_event
2014-02-26 21:10:00,server-08,15.56,5.0,3.01,14.6,37.0,74.43,True,thermal_event
2014-02-26 21:15:00,server-08,14.5,14.14,13.83,15.61,38.9,65.01,True,thermal_event
2014-02-26 21:20:00,server-08,16.18,5.0,13.67,12.11,37.76,44.07,True,thermal_event
2014-02-26 21:25:00,server-08,14.89,20.93,19.65,2.23,39.36,64.48,True,thermal_event
2014-02-26 21:30:00,server-08,16.11,8.99,5.64,15.82,36.67,57.8,True,thermal_event
2014-02-26 21:35:00,server-08,14.44,11.84,2.11,17.23,38.43,63.42,True,thermal_event
2014-02-26 21:40:00,server-08,15.61,20.55,19.11,13.76,35.01,51.18,True,thermal_event
2014-02-26 21:45:00,server-08,13.89,5.0,16.47,14.79,34.43,44.22,True,thermal_event
2014-02-26 21:50:00,server-08,15.0,13.0,3.8,5.09,38.02,48.94,True,thermal_event
2014-02-26 21:55:00,server-08,14.48,20.15,2.8,3.83,36.78,42.79,True,thermal_event
2014-02-26 22:00:00,server-08,15.08,6.52,14.32,18.5,34.75,46.09,True,thermal_event
2014-02-26 22:05:00,server-08,13.89,10.01,18.57,12.73,39.26,58.3,True,thermal_event
2014-02-26 22:10:00,server-08,15.55,22.49,21.49,10.75,38.32,43.04,True,thermal_event
2014-02-26 22:15:00,server-08,15.08,20.23,24.53,10.34,37.05,43.65,True,thermal_event
2014-02-26 22:20:00,server-08,16.11,10.42,19.74,1.2,40.57,54.43,True,thermal_event
2014-02-26 22:25:00,server-08,14.44,17.48,21.81,18.08,38.6,48.82,True,thermal_event
2014-02-26 22:30:00,server-08,15.01,13.83,9.09,8.96,36.65,64.89,True,thermal_event
2014-02-26 22:35:00,server-08,14.48,7.16,22.82,6.49,38.1,74.31,True,thermal_event
2014-02-26 22:40:00,server-08,15.65,22.11,10.7,13.78,40.49,57.98,True,thermal_event
2014-02-26 22:45:00,server-08,14.44,15.41,20.81,4.37,35.56,68.41,True,thermal_event
2014-02-26 22:50:00,server-08,15.64,8.8,12.66,16.13,39.84,73.38,True,thermal_event
2014-02-26 22:55:00,server-08,13.95,5.0,6.26,6.34,34.67,67.04,True,thermal_event
2014-02-26 23:00:00,server-08,15.0,18.74,21.02,8.17,40.34,46.75,True,thermal_event
2014-02-26 23:05:00,server-08,13.93,11.18,16.92,13.77,36.82,48.28,True,thermal_event
2014-02-26 23:10:00,server-08,15.43,11.96,8.34,10.15,35.65,53.94,True,thermal_event
2014-02-26 23:15:00,server-08,14.44,14.74,14.47,2.6,37.4,74.97,True,thermal_event
2014-02-26 23:20:00,server-08,15.56,18.21,20.99,11.63,37.2,61.86,True,thermal_event
2014-02-26 23:25:00,server-08,14.49,5.0,11.72,6.51,37.27,68.56,True,thermal_event
2014-02-26 23:30:00,server-08,15.63,11.31,23.59,11.06,39.6,73.57,True,thermal_event
2014-02-26 23:35:00,server-08,13.75,19.82,24.72,17.46,35.36,71.99,True,thermal_event
2014-02-26 23:40:00,server-08,14.17,5.0,21.73,5.71,34.46,43.54,True,thermal_event
2014-02-26 23:45:00,server-08,13.93,5.45,17.79,18.56,35.91,61.19,True,thermal_event
2014-02-26 23:50:00,server-08,15.0,17.7,18.76,5.41,39.59,71.15,True,thermal_event
2014-02-26 23:55:00,server-08,14.44,15.99,18.22,3.78,37.5,44.93,True,thermal_event
2014-02-27 00:00:00,server-08,16.15,8.56,13.84,8.83,35.21,67.23,True,thermal_event
2014-02-27 00:05:00,server-08,15.0,21.22,20.59,19.3,35.39,58.69,True,thermal_event
2014-02-27 00:10:00,server-08,15.56,16.99,10.4,18.61,37.78,69.89,True,thermal_event
2014-02-27 00:15:00,server-08,14.44,14.67,7.41,1.43,35.13,61.68,True,thermal_event
2014-02-27 00:20:00,server-08,14.99,8.48,22.01,8.95,37.54,56.12,True,thermal_event
2014-02-27 00:25:00,server-08,14.44,9.05,18.48,10.57,36.31,73.14,True,thermal_event
2014-02-27 00:30:00,server-08,15.56,14.96,18.05,11.07,37.33,57.27,True,thermal_event
2014-02-27 00:35:00,server-08,14.34,20.77,9.16,7.51,37.38,43.79,True,thermal_event
2014-02-27 00:40:00,server-08,14.37,10.59,15.55,1.63,39.5,45.04,True,thermal_event
2014-02-27 00:45:00,server-08,16.7,8.33,20.24,17.35,40.09,51.55,True,thermal_event
2014-02-27 00:50:00,server-08,19.16,18.35,10.94,2.25,38.83,65.4,True,thermal_event
2014-02-27 00:55:00,server-08,12.14,5.62,16.89,13.01,34.76,46.32,True,thermal_event
2014-02-27 01:00:00,server-08,14.87,12.69,14.27,12.88,36.74,54.82,True,thermal_event
2014-02-27 01:05:00,server-08,14.44,7.81,12.18,19.82,35.43,59.19,True,thermal_event
2014-02-27 01:10:00,server-08,14.94,6.57,24.17,16.21,37.23,48.89,True,thermal_event
2014-02-27 01:15:00,server-08,14.44,6.96,7.63,11.55,39.55,49.88,True,thermal_event
2014-02-27 01:20:00,server-08,16.11,16.27,10.58,7.51,38.86,67.01,True,thermal_event
2014-02-27 01:25:00,server-08,15.06,9.14,6.78,19.82,36.62,51.47,True,thermal_event
2014-02-27 01:30:00,server-08,15.56,16.14,19.68,7.37,36.08,50.44,True,thermal_event
2014-02-27 01:35:00,server-08,14.45,18.48,22.04,6.67,35.45,52.57,True,thermal_event
2014-02-27 01:40:00,server-08,15.56,15.92,8.11,5.11,35.17,58.18,True,thermal_event
2014-02-27 01:45:00,server-08,15.0,19.98,11.34,15.22,37.94,63.32,True,thermal_event
2014-02-27 01:50:00,server-08,15.0,18.76,10.54,2.5,38.79,49.03,True,thermal_event
2014-02-27 01:55:00,server-08,13.89,5.74,7.88,4.1,38.97,74.35,True,thermal_event
2014-02-27 02:00:00,server-08,15.01,18.32,20.67,4.62,37.09,62.18,True,thermal_event
2014-02-27 02:05:00,server-08,14.34,11.02,11.53,12.75,35.89,60.01,True,thermal_event
2014-02-27 02:10:00,server-08,15.01,5.84,14.77,10.76,38.68,45.28,True,thermal_event
2014-02-27 02:15:00,server-08,14.48,12.02,20.76,12.21,35.93,72.78,True,thermal_event
2014-02-27 02:20:00,server-08,15.56,22.17,18.1,1.93,40.15,69.18,True,thermal_event
2014-02-27 02:25:00,server-08,15.0,17.57,10.98,19.06,39.1,60.93,True,thermal_event
2014-02-27 02:30:00,server-08,15.56,10.65,24.58,2.95,37.17,42.13,True,thermal_event
2014-02-27 02:35:00,server-08,14.44,18.05,20.58,12.5,40.16,73.48,True,thermal_event
2014-02-27 02:40:00,server-08,15.0,20.45,18.1,5.73,40.28,56.07,True,thermal_event
2014-02-27 02:45:00,server-08,14.44,20.83,9.97,8.11,34.47,65.45,True,thermal_event
2014-02-27 02:50:00,server-08,13.76,5.0,16.3,16.92,34.77,64.35,True,thermal_event
2014-02-27 02:55:00,server-08,14.34,8.74,15.5,19.17,34.45,51.76,True,thermal_event
2014-02-27 03:00:00,server-08,15.55,13.2,13.46,12.91,39.74,70.91,True,thermal_event
2014-02-27 03:05:00,server-08,14.48,10.83,20.04,4.13,36.42,45.78,True,thermal_event
2014-02-27 03:10:00,server-08,15.62,21.43,16.81,18.63,37.08,49.81,True,thermal_event
2014-02-27 03:15:00,server-08,14.44,5.0,20.33,4.68,37.2,71.15,True,thermal_event
2014-02-27 03:20:00,server-08,14.87,18.48,23.27,7.19,40.43,50.8,True,thermal_event
2014-02-27 03:25:00,server-08,13.91,13.12,10.84,12.21,34.34,58.22,True,thermal_event
2014-02-27 03:30:00,server-08,13.75,5.0,8.63,7.25,35.33,42.84,True,thermal_event
2014-02-27 03:35:00,server-08,14.44,5.0,19.03,9.58,39.97,40.86,True,thermal_event
2014-02-27 03:40:00,server-08,15.62,5.0,16.12,16.96,38.71,45.41,True,thermal_event
2014-02-27 03:45:00,server-08,15.0,16.93,22.46,11.79,36.69,69.86,True,thermal_event
2014-02-27 03:50:00,server-08,15.63,6.14,15.23,5.77,37.89,47.19,True,thermal_event
2014-02-27 03:55:00,server-08,13.79,16.86,5.01,8.38,36.05,49.5,True,thermal_event
2014-02-27 04:00:00,server-08,15.06,18.82,6.56,17.79,35.58,65.85,True,thermal_event
2014-02-27 04:05:00,server-08,13.93,5.0,5.73,5.45,37.57,40.25,True,thermal_event
2014-02-27 04:10:00,server-08,15.07,22.14,14.29,5.18,37.72,62.17,True,thermal_event
2014-02-27 04:15:00,server-08,14.49,10.89,21.88,9.26,39.03,57.23,True,thermal_event
2014-02-27 04:20:00,server-08,16.11,5.0,12.8,5.1,37.1,49.06,True,thermal_event
2014-02-27 04:25:00,server-08,14.44,18.64,7.58,19.35,38.26,58.65,True,thermal_event
2014-02-27 04:30:00,server-08,14.95,9.17,4.32,19.52,40.28,71.72,True,thermal_event
2014-02-27 04:35:00,server-08,13.89,19.33,11.28,8.66,39.52,42.51,True,thermal_event
2014-02-27 04:40:00,server-08,15.56,6.23,24.49,3.34,37.09,71.7,True,thermal_event
2014-02-27 04:45:00,server-08,14.39,19.98,13.02,11.94,34.8,46.02,True,thermal_event
2014-02-27 04:50:00,server-08,15.0,7.08,15.5,1.3,40.34,54.8,True,thermal_event
2014-02-27 04:55:00,server-08,14.89,5.0,6.86,9.18,40.24,69.89,True,thermal_event
2014-02-27 05:00:00,server-08,15.01,17.32,24.21,5.86,36.88,41.64,True,thermal_event
2014-02-27 05:05:00,server-08,13.93,14.74,2.91,5.58,37.19,56.45,True,thermal_event
2014-02-27 05:10:00,server-08,15.0,5.0,11.85,19.99,34.76,50.28,True,thermal_event
2014-02-27 05:15:00,server-08,14.49,16.26,17.14,15.69,35.22,48.07,True,thermal_event
2014-02-27 05:20:00,server-08,15.0,22.02,7.02,17.14,35.7,63.53,True,thermal_event
2014-02-27 05:25:00,server-08,13.24,5.0,19.57,18.46,34.01,49.94,True,thermal_event
2014-02-27 05:30:00,server-08,15.0,8.25,14.18,9.8,36.0,74.88,True,thermal_event
2014-02-27 05:35:00,server-08,14.33,20.57,15.96,15.36,39.66,63.84,True,thermal_event
2014-02-27 05:40:00,server-08,14.95,21.32,9.99,17.59,35.45,62.82,True,thermal_event
2014-02-27 05:45:00,server-08,13.93,12.2,10.1,17.02,34.26,55.51,True,thermal_event
2014-02-27 05:50:00,server-08,15.06,19.1,21.74,16.21,35.07,70.85,True,thermal_event
2014-02-27 05:55:00,server-08,13.89,14.86,16.07,9.48,37.47,71.45,True,thermal_event
2014-02-27 06:00:00,server-08,15.06,8.8,24.16,13.84,38.59,68.6,True,thermal_event
2014-02-27 06:05:00,server-08,14.49,5.0,18.72,7.53,35.06,44.52,True,thermal_event
2014-02-27 06:10:00,server-08,15.57,20.4,24.24,2.92,35.46,45.26,True,thermal_event
2014-02-27 06:15:00,server-08,13.89,12.98,15.44,12.49,34.09,72.53,True,thermal_event
2014-02-27 06:20:00,server-08,13.75,5.0,16.97,1.79,36.53,45.38,True,thermal_event
2014-02-27 06:25:00,server-08,13.37,9.33,12.44,17.43,36.72,56.53,True,thermal_event
2014-02-27 06:30:00,server-08,15.0,5.0,15.94,6.62,37.7,63.08,True,thermal_event
2014-02-27 06:35:00,server-08,13.89,19.23,21.47,2.94,36.92,61.2,True,thermal_event
2014-02-27 06:40:00,server-08,15.09,7.09,14.86,10.32,35.03,65.8,True,thermal_event
2014-02-27 06:45:00,server-08,13.26,21.1,3.45,7.72,36.87,73.13,True,thermal_event
2014-02-27 06:50:00,server-08,14.44,16.49,18.43,19.2,36.5,74.77,True,thermal_event
2014-02-27 06:55:00,server-08,13.42,20.78,10.55,9.1,36.32,74.24,True,thermal_event
2014-02-27 07:00:00,server-08,15.0,5.0,17.36,9.63,35.38,50.36,True,thermal_event
2014-02-27 07:05:00,server-08,13.89,21.04,23.88,12.11,34.98,74.34,True,thermal_event
2014-02-27 07:10:00,server-08,15.55,5.32,24.98,2.85,36.26,49.31,True,thermal_event
2014-02-27 07:15:00,server-08,13.89,5.0,6.92,13.28,38.82,56.05,True,thermal_event
2014-02-27 07:20:00,server-08,15.0,11.18,5.85,1.1,34.5,48.86,True,thermal_event
2014-02-27 07:25:00,server-08,13.91,7.97,19.25,5.27,37.91,64.14,True,thermal_event
2014-02-27 07:30:00,server-08,15.09,11.2,20.33,5.84,39.26,51.38,True,thermal_event
2014-02-27 07:35:00,server-08,13.91,16.35,17.15,10.2,38.53,66.13,True,thermal_event
2014-02-27 07:40:00,server-08,14.87,5.0,20.12,13.7,37.31,47.25,True,thermal_event
2014-02-27 07:45:00,server-08,12.91,8.91,7.88,15.1,35.85,60.75,True,thermal_event
2014-02-27 07:50:00,server-08,14.94,17.98,11.56,12.44,34.69,67.86,True,thermal_event
2014-02-27 07:55:00,server-08,16.64,13.33,9.38,3.03,39.66,53.3,True,thermal_event
2014-02-27 08:00:00,server-08,15.55,20.64,19.53,13.62,35.56,42.73,True,thermal_event
2014-02-27 08:05:00,server-08,15.02,11.36,10.78,9.44,37.72,41.45,True,thermal_event
2014-02-27 08:10:00,server-08,15.06,5.1,12.22,5.67,35.12,71.14,True,thermal_event
2014-02-27 08:15:00,server-08,11.12,17.66,17.32,12.76,37.86,40.67,True,thermal_event
2014-02-27 08:20:00,server-08,14.5,10.08,11.4,4.58,37.29,46.03,True,thermal_event
2014-02-27 08:25:00,server-08,13.78,14.79,16.78,2.85,38.42,41.52,True,thermal_event
2014-02-27 08:30:00,server-08,14.44,6.16,15.44,6.2,40.12,71.58,True,thermal_event
2014-02-27 08:35:00,server-08,11.65,18.29,11.0,13.68,33.84,42.71,True,thermal_event
2014-02-27 08:40:00,server-08,12.78,13.56,4.45,2.12,37.88,48.81,True,thermal_event
2014-02-27 08:45:00,server-08,13.9,16.91,6.67,7.22,35.91,67.95,True,thermal_event
2014-02-27 08:50:00,server-08,14.99,6.5,10.05,8.29,37.68,51.74,True,thermal_event
2014-02-27 08:55:00,server-08,14.48,18.82,5.3,17.0,34.9,48.35,True,thermal_event
2014-02-27 09:00:00,server-08,14.88,5.32,14.34,8.1,38.0,53.66,True,thermal_event
2014-02-27 09:05:00,server-08,13.89,9.4,2.06,6.62,36.49,73.03,True,thermal_event
2014-02-27 09:10:00,server-08,14.86,5.0,16.22,14.99,38.38,68.09,True,thermal_event
2014-02-17 03:10:00,server-09,75.95,63.04,24.93,10.69,69.01,67.07,True,thermal_event
2014-03-03 14:00:00,server-09,62.42,52.2,18.8,17.36,58.71,66.7,True,thermal_event
2014-02-22 21:55:00,server-09,76.98,70.94,24.8,69.22,66.47,44.54,True,network_anomaly
2014-02-28 02:30:00,server-09,63.48,55.27,18.54,1.42,59.81,47.08,True,thermal_event
2014-02-20 23:15:00,server-09,62.53,52.84,17.66,74.41,63.64,42.71,True,network_anomaly
2014-03-06 04:00:00,server-09,71.1,62.95,6.15,1.27,63.65,42.11,True,thermal_event
2014-03-13 20:10:00,server-09,61.82,48.5,16.76,61.71,58.21,45.75,True,network_anomaly
2014-03-15 03:40:00,server-09,61.74,62.02,14.43,13.58,60.97,41.34,True,thermal_event
2014-02-14 08:15:00,server-09,91.54,75.34,15.21,3.85,74.3,64.77,True,cpu_spike
2014-02-26 13:45:00,server-09,65.56,58.4,11.02,2.33,60.97,74.41,True,thermal_event
2014-02-14 00:00:00,server-09,81.58,76.77,22.37,1.26,67.81,57.99,True,thermal_event
2014-02-24 04:05:00,server-09,66.83,47.28,15.99,18.59,62.63,73.15,True,thermal_event
2014-02-20 04:35:00,server-09,63.4,48.45,21.5,61.27,64.1,41.24,True,network_anomaly
2014-03-08 14:55:00,server-09,73.08,67.68,121.13,69.09,68.61,68.19,True,disk_failure
2014-03-13 05:35:00,server-09,75.52,61.62,21.66,72.83,69.93,55.3,True,network_anomaly
2014-02-14 00:00:00,server-09,63.2,51.83,13.0,4.79,59.66,40.78,True,thermal_event
2014-02-19 02:00:00,server-09,70.33,63.85,113.13,7.97,65.19,63.07,True,disk_failure
2014-02-27 02:30:00,server-09,67.26,56.82,4.26,1.18,62.42,71.49,True,thermal_event
2014-02-21 17:00:00,server-09,80.13,64.75,15.92,6.63,69.01,52.58,True,thermal_event
2014-03-07 08:25:00,server-09,93.83,77.27,124.36,13.54,74.03,54.08,True,cpu_spike
2014-03-10 11:25:00,server-09,72.44,68.12,9.0,18.9,66.24,42.2,True,thermal_event
2014-02-20 13:25:00,server-09,76.33,61.59,24.14,13.37,67.47,66.87,True,thermal_event
2014-02-16 04:05:00,server-09,68.44,55.55,20.4,7.51,62.38,60.37,True,thermal_event
2014-02-17 16:10:00,server-09,76.2,61.45,3.98,75.24,71.07,65.42,True,network_anomaly
2014-02-25 15:45:00,server-09,74.68,59.43,18.35,15.77,67.23,63.62,True,thermal_event
2014-03-14 04:05:00,server-09,69.49,59.58,19.88,2.36,63.86,41.91,True,thermal_event
2014-02-26 23:50:00,server-09,67.51,52.14,10.47,1.92,60.89,57.54,True,thermal_event
2014-02-19 02:20:00,server-09,69.0,65.49,6.35,16.0,64.89,65.09,True,thermal_event
2014-02-27 16:50:00,server-09,68.55,61.28,19.06,68.51,63.32,57.2,True,network_anomaly
2014-03-10 08:50:00,server-09,63.92,52.46,6.76,4.86,62.17,61.51,True,thermal_event
2014-02-14 09:55:00,server-09,63.58,47.32,22.64,6.31,60.28,70.56,True,thermal_event
2014-02-23 17:50:00,server-09,77.06,60.54,5.44,7.15,65.7,60.27,True,thermal_event
2014-02-21 03:50:00,server-09,70.47,50.23,10.71,11.25,62.98,69.79,True,thermal_event
2014-02-20 23:45:00,server-09,65.14,55.47,12.31,14.79,60.55,46.56,True,thermal_event
2014-02-18 19:50:00,server-09,79.26,76.5,4.63,15.62,71.62,65.1,True,thermal_event
2014-03-01 06:10:00,server-09,66.76,51.74,2.51,67.44,60.53,44.26,True,network_anomaly
2014-03-06 07:55:00,server-09,69.23,61.02,2.15,14.84,62.86,52.66,True,thermal_event
2014-03-10 08:55:00,server-09,66.51,60.18,6.85,12.64,60.6,44.29,True,thermal_event
2014-02-23 02:10:00,server-09,67.64,67.11,18.1,9.66,61.07,53.74,True,thermal_event
2014-02-28 18:05:00,server-09,62.98,56.68,21.81,15.1,62.26,70.29,True,thermal_event
2014-03-12 15:05:00,server-09,82.69,78.71,2.08,15.58,70.64,56.42,True,thermal_event
2014-03-03 12:00:00,server-09,64.05,59.93,2.29,7.96,63.96,71.02,True,thermal_event
2014-02-25 01:55:00,server-09,78.65,74.77,17.19,19.97,68.81,63.8,True,thermal_event
2014-03-06 17:35:00,server-09,70.38,52.34,12.95,67.58,65.9,59.85,True,network_anomaly
2014-03-08 21:40:00,server-09,80.66,75.44,6.07,16.68,71.44,43.68,True,thermal_event
2014-03-05 01:15:00,server-09,68.49,65.92,4.9,12.95,62.44,65.37,True,thermal_event
2014-03-12 09:50:00,server-09,75.4,68.13,8.93,12.83,69.57,52.46,True,thermal_event
2014-03-02 04:55:00,server-09,69.08,66.02,8.3,67.33,64.49,71.79,True,network_anomaly
2014-02-26 16:50:00,server-09,79.09,60.33,11.45,63.35,67.33,73.75,True,network_anomaly
2014-03-09 01:55:00,server-09,64.07,53.42,2.76,10.99,60.84,45.53,True,thermal_event
2014-02-23 18:50:00,server-09,77.04,58.42,20.63,8.32,65.88,73.72,True,thermal_event
2014-03-05 21:15:00,server-09,80.5,61.76,125.88,9.94,72.86,62.43,True,disk_failure
2014-03-09 11:05:00,server-09,78.07,57.26,13.15,6.7,68.17,42.59,True,thermal_event
2014-03-01 14:40:00,server-09,77.57,60.05,14.67,6.5,66.07,49.12,True,thermal_event
2014-03-05 05:55:00,server-09,71.93,61.63,6.59,16.45,68.06,72.95,True,thermal_event
2014-02-25 11:40:00,server-09,70.18,52.11,17.28,9.04,62.88,49.74,True,thermal_event
2014-03-15 10:15:00,server-09,65.55,61.52,114.78,76.66,61.92,43.74,True,disk_failure
2014-03-13 08:40:00,server-09,79.47,72.71,19.53,10.63,69.26,64.08,True,thermal_event
2014-02-28 09:45:00,server-09,73.11,59.25,130.02,14.52,66.7,46.22,True,disk_failure
2014-03-14 03:05:00,server-09,71.81,67.37,119.96,13.18,66.91,55.44,True,disk_failure
2014-03-11 05:40:00,server-09,77.35,72.38,7.01,7.79,66.31,40.84,True,thermal_event
2014-02-22 17:55:00,server-09,77.64,63.36,15.35,9.32,68.62,49.81,True,thermal_event
2014-02-23 13:40:00,server-09,79.0,73.02,16.07,13.87,70.29,50.0,True,thermal_event
2014-03-03 22:35:00,server-09,61.51,59.98,115.47,71.82,60.05,59.36,True,disk_failure
2014-02-18 11:05:00,server-09,72.61,54.07,24.82,5.96,69.05,74.01,True,thermal_event
2014-02-22 01:30:00,server-09,69.7,67.86,134.33,2.81,62.14,42.67,True,disk_failure
2014-02-28 12:05:00,server-09,63.07,58.63,6.84,63.76,61.2,47.8,True,network_anomaly
2014-03-10 19:25:00,server-09,73.82,71.82,18.05,18.08,69.51,56.11,True,thermal_event
2014-02-27 16:10:00,server-09,68.72,56.25,12.28,18.58,61.44,71.29,True,thermal_event
2014-02-22 15:30:00,server-09,80.02,64.32,9.0,10.82,67.78,60.92,True,thermal_event
2014-03-13 16:55:00,server-09,79.62,60.35,5.83,7.38,69.82,68.29,True,thermal_event
2014-03-14 20:10:00,server-09,62.89,61.92,21.07,12.4,61.25,57.99,True,thermal_event
2014-03-02 21:40:00,server-09,74.44,65.32,121.38,5.95,64.25,55.56,True,disk_failure
2014-03-01 13:20:00,server-09,75.89,73.33,5.6,11.31,66.04,49.91,True,thermal_event
2014-03-03 20:45:00,server-09,67.81,53.14,11.57,69.23,66.84,56.55,True,network_anomaly
2014-03-06 22:00:00,server-09,78.28,73.12,114.92,13.05,69.91,41.27,True,disk_failure
2014-02-21 02:10:00,server-09,64.92,55.53,2.43,1.72,62.66,68.45,True,thermal_event
2014-02-18 12:55:00,server-09,67.54,60.83,19.95,18.44,62.15,61.15,True,thermal_event
2014-03-10 09:10:00,server-09,66.86,61.29,23.32,13.61,64.95,69.37,True,thermal_event
2014-02-24 20:10:00,server-09,79.05,58.25,19.81,10.97,70.21,59.12,True,thermal_event
2014-02-27 03:20:00,server-09,63.12,51.95,121.26,3.24,64.0,52.77,True,disk_failure
2014-02-16 11:55:00,server-09,70.07,53.5,21.79,16.87,67.44,49.63,True,thermal_event
2014-03-11 15:10:00,server-09,75.7,56.38,2.93,16.25,66.26,44.08,True,thermal_event
2014-03-09 15:40:00,server-09,76.19,63.83,13.87,15.79,65.79,61.4,True,thermal_event
2014-02-16 05:55:00,server-09,72.36,71.3,7.96,4.46,64.92,66.62,True,thermal_event
2014-02-24 21:10:00,server-09,92.03,71.52,113.49,68.97,75.26,73.8,True,cpu_spike
2014-02-21 15:55:00,server-09,68.08,54.39,21.42,6.1,63.73,47.7,True,thermal_event
2014-03-04 02:40:00,server-09,77.56,75.88,21.71,13.16,71.33,59.67,True,thermal_event
2014-03-10 08:55:00,server-09,65.7,47.06,126.32,11.23,65.31,63.65,True,disk_failure
2014-02-19 18:25:00,server-09,67.19,65.82,17.95,12.44,64.95,54.85,True,thermal_event
2014-02-26 20:55:00,server-09,62.59,59.56,2.24,72.22,60.5,45.4,True,network_anomaly
2014-02-14 05:45:00,server-09,66.24,55.32,18.81,64.51,65.01,44.07,True,network_anomaly
2014-02-24 16:35:00,server-09,70.55,67.24,130.53,61.7,67.14,58.42,True,disk_failure
2014-02-28 16:15:00,server-09,64.48,52.14,22.71,73.64,64.86,61.25,True,network_anomaly
2014-02-26 12:05:00,server-09,62.63,47.11,10.29,12.97,63.68,45.39,True,thermal_event
2014-02-21 11:15:00,server-09,69.52,66.26,12.19,4.04,62.67,43.9,True,thermal_event
2014-02-23 06:00:00,server-09,79.38,66.32,3.29,6.33,69.02,52.5,True,thermal_event
2014-03-01 02:40:00,server-09,62.53,58.0,16.56,6.76,59.02,72.18,True,thermal_event
2014-03-12 23:20:00,server-09,83.72,66.92,14.3,6.14,70.66,66.44,True,thermal_event
2014-02-15 01:05:00,server-09,68.91,66.88,8.22,11.32,66.87,51.73,True,thermal_event
2014-03-10 09:00:00,server-09,69.74,68.46,11.67,13.39,66.53,63.01,True,thermal_event
2014-02-27 18:55:00,server-09,76.46,66.3,8.46,3.63,67.24,48.87,True,thermal_event
2014-03-14 03:55:00,server-09,77.6,72.5,16.43,5.29,67.61,42.8,True,thermal_event
2014-02-20 10:25:00,server-09,65.85,56.27,22.17,15.68,60.5,61.88,True,thermal_event
2014-03-02 22:00:00,server-09,79.18,57.74,2.55,18.4,71.73,72.25,True,thermal_event
2014-03-08 14:10:00,server-09,64.65,56.86,18.46,5.57,61.59,40.67,True,thermal_event
2014-02-22 15:15:00,server-09,79.07,58.1,23.4,9.65,70.54,46.31,True,thermal_event
2014-03-15 13:30:00,server-09,75.67,68.94,12.64,7.97,69.58,51.57,True,thermal_event
2014-03-03 10:05:00,server-09,78.74,65.03,18.86,6.28,68.58,70.43,True,thermal_event
2014-03-05 22:30:00,server-09,71.96,70.89,13.6,12.69,64.04,65.38,True,thermal_event
2014-03-02 20:40:00,server-09,64.33,58.26,17.63,7.78,65.03,61.3,True,thermal_event
2014-02-17 12:00:00,server-09,74.39,59.3,20.89,8.45,67.54,70.3,True,thermal_event
2014-02-17 11:45:00,server-09,76.21,74.73,18.78,10.41,65.99,71.44,True,thermal_event
2014-03-03 17:05:00,server-09,62.63,61.02,11.41,1.22,61.9,44.54,True,thermal_event
2014-03-04 14:55:00,server-09,87.27,73.06,19.48,13.86,70.98,67.97,True,cpu_spike
2014-02-18 00:20:00,server-09,78.81,70.79,24.49,5.43,66.98,69.91,True,thermal_event
2014-02-25 02:30:00,server-09,74.51,62.72,23.83,12.53,66.67,63.61,True,thermal_event
2014-02-22 01:25:00,server-09,77.62,63.31,15.01,3.77,66.29,57.5,True,thermal_event
2014-02-25 14:00:00,server-09,74.02,58.38,15.98,5.99,69.72,72.65,True,thermal_event
2014-02-24 21:50:00,server-09,77.42,61.56,2.13,7.31,69.98,54.38,True,thermal_event
2014-02-15 13:30:00,server-09,74.7,58.28,19.32,7.91,69.33,71.31,True,thermal_event
2014-03-07 14:50:00,server-09,75.28,57.09,6.32,14.62,69.13,74.97,True,thermal_event
2014-03-10 09:10:00,server-09,68.76,57.19,16.6,14.63,63.02,48.79,True,thermal_event
2014-03-13 19:40:00,server-09,78.64,62.52,2.76,7.41,70.59,73.55,True,thermal_event
2014-02-21 04:05:00,server-09,72.89,60.7,17.42,9.03,67.62,43.74,True,thermal_event
2014-03-02 20:40:00,server-09,77.0,57.23,8.14,9.63,66.04,48.25,True,thermal_event
2014-02-26 04:45:00,server-09,66.66,54.89,3.35,11.75,64.57,62.27,True,thermal_event
2014-02-22 00:50:00,server-09,72.72,51.89,9.6,15.64,64.89,64.16,True,thermal_event
2014-02-22 05:30:00,server-09,63.51,49.59,23.58,8.92,63.37,55.85,True,thermal_event
2014-02-19 04:00:00,server-09,64.48,59.56,12.05,15.91,59.63,43.36,True,thermal_event
2014-03-13 04:45:00,server-09,68.38,49.62,8.6,1.16,67.17,62.1,True,thermal_event
2014-02-20 02:35:00,server-09,75.98,67.05,23.19,5.74,68.11,68.57,True,thermal_event
2014-02-20 00:30:00,server-09,68.82,62.66,22.71,1.92,66.75,41.39,True,thermal_event
2014-02-17 14:10:00,server-09,66.31,64.97,17.06,14.11,64.65,61.42,True,thermal_event
2014-03-12 09:25:00,server-09,77.55,63.46,9.16,9.67,70.29,55.7,True,thermal_event
2014-02-16 21:15:00,server-09,93.57,84.67,3.78,11.14,77.04,66.17,True,cpu_spike
2014-02-26 21:35:00,server-09,66.68,64.74,10.62,14.57,63.81,65.73,True,thermal_event
2014-03-04 07:30:00,server-09,78.2,64.75,24.03,15.29,66.73,55.63,True,thermal_event
2014-03-05 22:00:00,server-09,80.79,76.33,6.51,10.8,68.08,48.8,True,thermal_event
2014-03-08 16:15:00,server-09,75.36,73.6,8.61,8.26,68.52,69.67,True,thermal_event
2014-03-05 20:15:00,server-09,66.34,61.97,126.7,15.4,60.76,65.58,True,disk_failure
2014-02-17 12:10:00,server-09,77.15,73.05,9.21,14.06,68.44,67.68,True,thermal_event
2014-03-08 00:35:00,server-09,67.33,63.39,19.6,1.93,64.11,47.64,True,thermal_event
2014-03-12 18:35:00,server-09,73.26,66.61,3.21,75.13,67.72,53.96,True,network_anomaly
2014-02-23 19:05:00,server-09,73.42,64.16,24.1,2.52,68.74,48.18,True,thermal_event
2014-02-16 09:35:00,server-09,67.07,54.18,22.5,7.07,61.25,56.53,True,thermal_event
2014-03-07 13:50:00,server-09,79.56,65.15,16.07,2.97,69.13,56.32,True,thermal_event
2014-02-18 09:10:00,server-09,72.39,62.79,5.39,65.47,64.79,68.11,True,network_anomaly
2014-02-17 08:40:00,server-09,64.56,51.38,127.69,72.08,59.36,74.15,True,disk_failure
2014-02-27 22:25:00,server-09,70.89,68.7,127.89,17.44,63.61,73.88,True,disk_failure
2014-02-20 04:25:00,server-09,63.51,48.68,11.9,1.51,63.09,74.07,True,thermal_event
2014-02-20 12:45:00,server-09,80.74,77.64,132.76,15.03,73.28,71.22,True,disk_failure
2014-03-13 15:20:00,server-09,79.73,58.78,132.41,17.48,72.31,66.56,True,disk_failure
2014-02-25 16:45:00,server-09,64.65,50.85,17.17,8.32,64.51,71.05,True,thermal_event
2014-02-23 05:30:00,server-09,83.89,76.2,113.41,2.54,69.91,56.2,True,disk_failure
2014-02-19 22:40:00,server-09,75.85,62.14,11.98,73.68,69.31,50.84,True,network_anomaly
2014-03-10 06:30:00,server-09,66.84,48.18,5.85,13.38,62.07,52.87,True,thermal_event
2014-03-03 23:35:00,server-09,62.45,43.7,17.5,19.71,61.45,56.08,True,thermal_event
2014-02-25 13:50:00,server-09,71.12,67.43,24.58,11.47,68.02,45.0,True,thermal_event
2014-02-27 13:25:00,server-09,78.61,66.89,7.7,14.62,71.03,67.59,True,thermal_event
2014-02-16 11:05:00,server-09,79.75,73.33,15.73,16.87,71.83,52.36,True,thermal_event
2014-03-12 18:20:00,server-09,78.29,75.39,23.94,9.15,71.73,49.47,True,thermal_event
2014-02-24 02:20:00,server-09,70.6,54.43,6.43,4.97,65.06,46.12,True,thermal_event
2014-03-04 00:30:00,server-09,62.33,51.71,115.76,18.05,63.42,51.46,True,disk_failure
2014-02-23 09:20:00,server-09,76.93,69.17,8.3,10.3,68.62,65.45,True,thermal_event
2014-03-09 17:10:00,server-09,80.78,77.14,16.35,76.15,71.73,56.7,True,network_anomaly
2014-02-19 23:15:00,server-09,79.87,67.49,21.0,11.16,67.49,46.95,True,thermal_event
2014-03-03 20:25:00,server-09,78.74,62.74,4.97,12.73,68.04,59.87,True,thermal_event
2014-02-26 18:40:00,server-09,78.56,74.38,9.25,3.01,68.47,53.85,True,thermal_event
2014-03-06 10:15:00,server-09,62.59,56.92,16.1,13.11,60.16,60.97,True,thermal_event
2014-02-14 05:30:00,server-09,66.89,64.67,17.72,14.28,63.95,67.0,True,thermal_event
2014-03-02 20:45:00,server-09,65.19,62.17,10.41,71.35,63.06,66.87,True,network_anomaly
2014-02-21 14:45:00,server-09,93.94,71.86,4.61,16.5,76.05,58.31,True,cpu_spike
2014-02-21 03:20:00,server-09,80.82,68.85,115.03,6.84,70.3,55.64,True,disk_failure
2014-03-12 05:45:00,server-09,70.45,54.15,11.58,3.84,65.72,41.89,True,thermal_event
2014-02-23 01:20:00,server-09,75.45,63.52,122.26,5.63,65.83,62.56,True,disk_failure
2014-03-07 23:15:00,server-09,81.12,76.56,18.96,16.69,70.11,61.93,True,thermal_event
2014-02-19 06:25:00,server-09,62.99,54.85,119.11,7.75,61.14,47.78,True,disk_failure
2014-03-02 16:25:00,server-09,64.4,55.04,11.97,63.13,61.18,70.61,True,network_anomaly
2014-02-21 04:55:00,server-09,77.23,65.58,24.76,3.4,66.31,73.8,True,thermal_event
2014-02-18 08:40:00,server-09,79.71,68.67,24.43,70.04,72.24,65.19,True,network_anomaly
2014-02-22 06:55:00,server-09,66.06,51.92,113.1,12.57,65.25,68.23,True,disk_failure
2014-02-15 12:15:00,server-09,63.33,46.56,23.25,11.79,62.25,51.58,True,thermal_event
2014-03-05 18:05:00,server-09,77.84,67.32,4.84,10.41,68.14,40.77,True,thermal_event
2014-03-05 01:05:00,server-09,66.33,48.33,20.64,9.78,60.75,42.49,True,thermal_event
2014-02-20 09:00:00,server-09,65.98,57.27,5.89,5.42,64.88,45.46,True,thermal_event
2014-02-15 17:35:00,server-09,71.6,60.68,7.66,15.94,63.82,60.25,True,thermal_event
2014-02-21 11:35:00,server-09,79.59,68.95,20.64,9.68,67.5,48.89,True,thermal_event
2014-02-17 14:10:00,server-09,68.28,60.44,9.06,5.36,66.88,69.4,True,thermal_event
2014-03-07 04:00:00,server-09,77.43,62.08,15.61,7.07,68.19,50.05,True,thermal_event
2014-02-15 12:35:00,server-09,68.96,63.42,5.66,5.23,67.32,50.75,True,thermal_event
2014-02-26 21:35:00,server-09,72.19,51.71,21.39,8.07,66.22,58.61,True,thermal_event
2014-02-16 08:35:00,server-09,62.75,49.72,18.23,13.3,58.73,60.86,True,thermal_event
2014-03-08 14:10:00,server-09,72.13,51.83,6.04,17.83,63.5,45.68,True,thermal_event
2014-03-14 18:25:00,server-09,65.98,56.65,19.78,9.87,64.68,55.57,True,thermal_event
2014-02-15 13:55:00,server-09,75.52,62.77,11.37,18.46,70.28,48.43,True,thermal_event
2014-02-16 05:25:00,server-09,70.02,54.96,24.28,4.22,64.19,45.52,True,thermal_event
2014-03-11 07:20:00,server-09,66.33,46.6,6.48,66.05,60.5,58.9,True,network_anomaly
2014-02-16 18:00:00,server-09,62.16,48.46,23.89,16.36,62.85,48.96,True,thermal_event
2014-03-01 15:20:00,server-09,64.09,51.74,19.91,16.27,61.02,47.83,True,thermal_event
2014-02-27 15:50:00,server-09,79.6,74.86,21.65,9.17,67.22,49.65,True,thermal_event
2014-02-17 19:15:00,server-09,62.33,54.39,123.4,7.34,59.66,47.13,True,disk_failure
2014-02-14 15:20:00,server-09,69.95,52.43,21.6,77.4,66.99,73.09,True,network_anomaly
2014-03-09 15:15:00,server-09,76.48,63.33,5.65,8.11,66.41,51.75,True,thermal_event
2014-02-24 20:10:00,server-09,80.66,60.07,18.43,4.02,70.33,50.25,True,thermal_event
2014-03-05 19:40:00,server-10,62.1,62.15,130.6,9.37,62.59,67.09,True,disk_failure
2014-02-21 13:35:00,server-10,71.48,64.16,2.77,17.2,64.23,59.5,True,thermal_event
2014-03-15 03:05:00,server-10,76.73,65.97,17.99,13.03,67.65,70.92,True,thermal_event
2014-03-05 04:10:00,server-10,62.99,63.53,19.04,72.23,63.03,71.67,True,network_anomaly
2014-03-09 13:00:00,server-10,96.46,82.51,131.98,10.47,75.92,55.13,True,cpu_spike
2014-02-16 13:30:00,server-10,77.04,72.9,5.43,2.61,70.32,67.96,True,thermal_event
2014-03-14 04:25:00,server-10,68.71,64.77,11.4,3.54,62.45,48.13,True,thermal_event
2014-03-13 06:00:00,server-10,67.09,48.38,19.26,11.68,66.12,67.54,True,thermal_event
2014-03-02 19:55:00,server-10,75.33,71.95,115.68,19.8,69.75,61.04,True,disk_failure
2014-03-02 16:30:00,server-10,80.32,76.72,23.33,70.95,68.34,53.39,True,network_anomaly
2014-02-27 21:20:00,server-10,79.77,73.95,13.28,4.0,72.88,52.72,True,thermal_event
2014-02-14 22:50:00,server-10,62.31,58.85,14.63,6.52,63.53,59.54,True,thermal_event
2014-02-28 19:05:00,server-10,77.19,62.99,18.04,19.6,68.79,61.82,True,thermal_event
2014-03-13 17:00:00,server-10,75.7,62.66,17.57,79.96,65.99,45.63,True,network_anomaly
2014-03-14 10:50:00,server-10,66.66,48.99,13.19,13.24,62.55,74.81,True,thermal_event
2014-02-24 22:15:00,server-10,74.7,69.86,10.06,2.74,68.64,45.39,True,thermal_event
2014-03-12 13:15:00,server-10,70.14,50.18,4.74,18.57,67.55,58.67,True,thermal_event
2014-03-08 15:00:00,server-10,79.53,77.13,121.21,4.38,69.1,58.09,True,disk_failure
2014-03-06 01:15:00,server-10,76.23,72.95,7.21,11.47,70.68,50.57,True,thermal_event
2014-03-09 02:40:00,server-10,77.1,63.87,21.23,79.39,66.48,57.13,True,network_anomaly
2014-02-20 04:45:00,server-10,75.56,68.1,15.91,17.36,68.43,48.95,True,thermal_event
2014-03-06 13:25:00,server-10,74.33,57.91,12.85,16.99,64.21,41.78,True,thermal_event
2014-02-25 05:10:00,server-10,69.09,54.39,4.5,10.18,67.28,57.33,True,thermal_event
2014-03-09 14:15:00,server-10,77.82,60.97,23.3,17.36,69.64,52.13,True,thermal_event
2014-02-27 22:20:00,server-10,77.76,75.16,21.74,6.76,68.53,42.55,True,thermal_event
2014-03-04 15:20:00,server-10,69.27,57.57,9.48,13.66,66.76,50.65,True,thermal_event
2014-02-26 13:50:00,server-10,61.53,51.66,21.48,18.04,62.7,50.81,True,thermal_event
2014-02-22 17:40:00,server-10,62.07,61.93,21.52,8.22,60.35,65.1,True,thermal_event
2014-02-18 22:10:00,server-10,63.45,60.37,11.87,11.26,64.6,46.53,True,thermal_event
2014-03-12 20:15:00,server-10,72.98,53.01,24.56,3.09,63.76,69.94,True,thermal_event
2014-02-25 02:00:00,server-10,73.93,56.64,123.24,17.31,65.37,41.77,True,disk_failure
2014-03-08 10:40:00,server-10,77.64,63.89,16.02,4.93,67.45,62.28,True,thermal_event
2014-03-10 17:15:00,server-10,80.31,75.51,4.64,6.54,70.52,53.29,True,thermal_event
2014-02-20 00:45:00,server-10,62.03,50.64,134.75,5.35,63.64,74.34,True,disk_failure
2014-03-10 09:05:00,server-10,67.36,61.37,119.38,15.97,61.38,68.31,True,disk_failure
2014-02-28 20:10:00,server-10,71.89,68.02,23.1,3.94,64.95,67.77,True,thermal_event
2014-02-15 17:30:00,server-10,63.83,48.71,22.78,2.94,61.1,40.09,True,thermal_event
2014-03-10 22:15:00,server-10,65.98,48.7,24.31,14.23,63.61,49.65,True,thermal_event
2014-02-17 14:10:00,server-10,63.54,44.75,11.88,72.45,64.28,61.05,True,network_anomaly
2014-02-28 16:10:00,server-10,67.99,61.2,121.98,16.53,65.62,55.16,True,disk_failure
2014-03-10 14:20:00,server-10,63.69,49.62,15.4,11.68,59.6,53.5,True,thermal_event
2014-02-16 02:00:00,server-10,74.8,60.74,22.12,14.01,69.39,55.42,True,thermal_event
2014-02-15 00:00:00,server-10,77.61,74.72,125.63,13.47,67.03,48.5,True,disk_failure
2014-03-10 21:35:00,server-10,70.67,51.18,5.77,8.22,62.72,49.98,True,thermal_event
2014-03-10 08:50:00,server-10,68.42,50.32,7.26,11.97,65.97,59.8,True,thermal_event
2014-03-01 19:00:00,server-10,78.78,76.65,23.6,15.22,66.58,45.22,True,thermal_event
2014-03-06 02:20:00,server-10,74.96,57.27,22.12,14.59,66.84,62.57,True,thermal_event
2014-02-27 20:30:00,server-10,79.42,64.48,10.7,6.21,67.64,60.0,True,thermal_event
2014-02-23 09:20:00,server-10,72.99,60.64,12.61,19.94,69.4,61.8,True,thermal_event
2014-02-23 02:10:00,server-10,66.48,51.61,124.97,12.89,66.18,40.26,True,disk_failure
2014-02-28 10:25:00,server-10,78.38,72.51,5.92,75.25,72.15,59.24,True,network_anomaly
2014-03-04 10:00:00,server-10,65.31,51.07,21.22,16.25,64.36,48.71,True,thermal_event
2014-02-17 18:00:00,server-10,72.7,54.5,114.82,18.59,67.97,73.91,True,disk_failure
2014-02-18 16:05:00,server-10,79.7,68.78,123.1,10.6,69.18,71.6,True,disk_failure
2014-03-01 17:30:00,server-10,72.53,70.63,23.99,2.45,68.51,63.08,True,thermal_event
2014-03-06 18:20:00,server-10,93.05,85.9,14.83,14.59,78.84,43.67,True,cpu_spike
2014-02-14 17:50:00,server-10,67.54,62.34,17.62,8.71,65.09,50.73,True,thermal_event
2014-02-27 18:20:00,server-10,71.51,57.05,129.01,15.35,65.66,53.97,True,disk_failure
2014-02-14 00:00:00,server-10,77.37,58.82,3.63,18.05,69.2,64.13,True,thermal_event
2014-02-27 03:30:00,server-10,63.41,59.85,6.02,10.6,60.23,50.57,True,thermal_event
2014-03-06 23:05:00,server-10,62.87,53.98,5.72,11.73,63.17,67.55,True,thermal_event
2014-03-06 23:05:00,server-10,67.36,57.43,129.8,8.96,63.71,56.77,True,disk_failure
2014-02-27 08:25:00,server-10,68.09,62.45,18.83,1.76,62.85,68.38,True,thermal_event
2014-03-03 15:35:00,server-10,72.26,52.18,18.55,11.39,63.44,44.45,True,thermal_event
2014-03-11 19:25:00,server-10,67.74,57.35,19.7,12.94,63.48,61.85,True,thermal_event
2014-02-18 13:55:00,server-10,74.81,67.67,118.4,4.53,66.08,66.38,True,disk_failure
2014-02-28 09:40:00,server-10,68.3,66.86,15.12,5.86,65.22,44.36,True,thermal_event
2014-02-21 22:20:00,server-10,61.45,51.37,14.4,15.09,59.51,73.95,True,thermal_event
2014-02-20 10:05:00,server-10,85.65,72.81,2.18,15.01,74.32,45.71,True,cpu_spike
2014-03-10 08:55:00,server-10,65.0,50.83,19.4,12.83,63.79,52.75,True,thermal_event
2014-03-01 13:00:00,server-10,71.58,64.12,4.42,7.23,64.52,66.0,True,thermal_event
2014-03-03 17:30:00,server-10,79.72,71.9,24.84,10.01,67.26,53.1,True,thermal_event
2014-02-28 04:55:00,server-10,65.58,48.95,22.72,4.46,65.62,42.63,True,thermal_event
2014-03-06 16:40:00,server-10,73.6,65.21,5.64,10.83,67.26,43.19,True,thermal_event
2014-02-27 17:45:00,server-10,76.15,58.56,4.52,13.47,69.1,43.16,True,thermal_event
2014-02-27 12:20:00,server-10,84.83,62.15,11.6,12.7,75.13,57.29,True,thermal_event
2014-03-06 03:30:00,server-10,71.43,50.76,22.66,9.47,67.5,48.62,True,thermal_event
2014-02-20 02:20:00,server-10,76.87,56.68,17.42,11.91,68.56,53.45,True,thermal_event
2014-03-05 18:40:00,server-10,73.91,55.18,2.09,13.04,67.72,46.08,True,thermal_event
2014-02-23 09:10:00,server-10,77.7,68.03,19.8,13.38,71.38,67.17,True,thermal_event
2014-03-01 00:00:00,server-10,72.21,54.81,10.43,5.73,65.98,61.71,True,thermal_event
2014-03-14 12:15:00,server-10,63.51,52.78,15.21,1.3,60.96,48.84,True,thermal_event
2014-02-17 16:20:00,server-10,78.54,60.44,4.15,78.7,67.25,50.86,True,network_anomaly
2014-03-05 11:30:00,server-10,80.2,76.95,11.45,1.6,67.66,69.71,True,thermal_event
2014-03-08 13:15:00,server-10,79.22,71.8,21.23,9.76,70.63,40.23,True,thermal_event
2014-03-08 23:05:00,server-10,78.76,63.87,12.17,14.67,71.53,59.11,True,thermal_event
2014-03-06 02:25:00,server-10,74.82,54.69,5.18,4.96,65.02,68.08,True,thermal_event
2014-02-26 00:05:00,server-10,79.52,74.87,17.35,19.18,69.78,60.0,True,thermal_event
2014-03-09 16:40:00,server-10,64.79,50.2,21.7,7.91,62.82,59.46,True,thermal_event
2014-03-02 06:35:00,server-10,78.37,63.23,14.43,13.2,68.13,48.85,True,thermal_event
2014-03-12 23:05:00,server-10,81.99,74.59,15.87,17.3,72.38,65.95,True,thermal_event
2014-03-01 06:40:00,server-10,62.52,51.57,15.9,18.36,60.3,70.81,True,thermal_event
2014-02-27 18:05:00,server-10,72.61,55.83,130.38,8.02,65.13,62.85,True,disk_failure
2014-02-23 12:10:00,server-10,79.59,69.11,20.48,1.56,71.18,47.75,True,thermal_event
2014-02-28 03:35:00,server-10,70.05,68.49,3.56,19.88,63.58,43.72,True,thermal_event
2014-03-03 17:15:00,server-10,71.49,68.86,11.71,19.4,63.39,62.92,True,thermal_event
2014-03-12 11:55:00,server-10,79.89,58.77,14.73,6.4,67.37,67.35,True,thermal_event
2014-02-25 05:15:00,server-10,65.81,60.25,4.76,9.25,61.49,45.58,True,thermal_event
2014-02-28 11:40:00,server-10,63.24,48.78,25.0,7.25,61.88,56.32,True,thermal_event
2014-02-19 22:30:00,server-10,75.95,63.22,3.59,19.0,66.1,45.18,True,thermal_event
2014-03-03 01:55:00,server-10,78.63,64.25,21.16,66.41,69.23,41.64,True,network_anomaly
2014-02-20 04:05:00,server-10,67.79,54.07,119.54,14.12,61.28,59.36,True,disk_failure
2014-03-15 10:50:00,server-10,72.02,58.89,114.45,15.51,64.76,45.14,True,disk_failure
2014-02-25 23:45:00,server-10,67.56,55.3,132.33,8.37,63.5,62.61,True,disk_failure
2014-02-17 15:35:00,server-10,66.94,59.87,13.44,18.06,63.77,69.62,True,thermal_event
2014-02-27 12:05:00,server-10,77.88,66.01,7.47,61.65,67.7,41.91,True,network_anomaly
2014-02-23 19:05:00,server-10,77.05,70.34,4.63,61.35,69.1,61.79,True,network_anomaly
2014-02-24 07:15:00,server-10,66.55,59.18,23.99,13.56,61.98,67.13,True,thermal_event
2014-02-24 17:55:00,server-10,63.95,50.59,11.27,68.51,64.27,52.59,True,network_anomaly
2014-03-12 18:10:00,server-10,79.18,72.48,20.72,4.12,70.23,72.47,True,thermal_event
2014-03-02 01:10:00,server-10,79.02,62.72,10.0,14.53,72.17,43.0,True,thermal_event
2014-03-13 16:05:00,server-10,67.52,52.01,5.89,16.11,64.78,42.5,True,thermal_event
2014-02-14 00:00:00,server-10,63.02,52.94,24.62,18.65,59.79,54.3,True,thermal_event
2014-02-22 12:00:00,server-10,65.23,54.55,23.35,18.87,61.24,46.2,True,thermal_event
2014-02-21 03:35:00,server-10,61.47,47.84,23.79,1.11,59.64,46.16,True,thermal_event
2014-02-15 18:25:00,server-10,68.69,52.82,12.92,12.92,62.09,63.54,True,thermal_event
2014-03-03 17:30:00,server-10,71.75,68.0,5.76,2.6,64.2,48.62,True,thermal_event
2014-02-25 11:10:00,server-10,63.26,49.95,10.62,12.09,62.48,54.62,True,thermal_event
2014-02-14 07:20:00,server-10,64.66,58.7,20.31,66.49,64.61,55.28,True,network_anomaly
2014-03-05 21:20:00,server-10,78.7,67.88,128.03,3.89,69.69,43.38,True,disk_failure
2014-02-20 04:10:00,server-10,62.63,60.95,24.31,11.63,61.04,56.73,True,thermal_event
2014-02-14 09:50:00,server-10,62.31,57.28,13.09,65.51,64.16,68.12,True,network_anomaly
2014-02-19 08:40:00,server-10,63.08,55.46,12.85,2.35,63.79,46.19,True,thermal_event
2014-03-06 04:15:00,server-10,66.7,50.68,8.55,73.75,64.74,71.77,True,network_anomaly
2014-02-21 08:40:00,server-10,74.81,64.66,8.72,12.62,66.71,40.57,True,thermal_event
2014-02-21 13:30:00,server-10,66.32,51.57,19.27,18.49,60.77,40.51,True,thermal_event
2014-03-01 15:15:00,server-10,80.11,65.73,20.72,5.63,67.65,54.77,True,thermal_event
2014-03-13 01:15:00,server-10,77.13,67.52,10.14,19.77,68.7,57.09,True,thermal_event
2014-03-09 17:55:00,server-10,66.14,55.95,2.41,16.47,61.92,44.51,True,thermal_event
2014-03-01 12:25:00,server-10,73.47,61.2,134.17,9.23,66.73,48.28,True,disk_failure
2014-03-08 10:45:00,server-10,73.18,63.94,133.93,5.05,66.92,63.83,True,disk_failure
2014-02-24 07:10:00,server-10,76.64,65.53,17.17,11.22,70.05,51.76,True,thermal_event
2014-02-24 21:50:00,server-10,70.53,65.85,8.46,19.43,63.88,61.8,True,thermal_event
2014-03-03 21:05:00,server-10,79.44,63.69,23.82,2.22,67.94,60.1,True,thermal_event
2014-02-22 05:10:00,server-10,64.14,49.31,5.44,11.02,62.47,40.94,True,thermal_event
2014-02-24 18:30:00,server-10,66.83,56.63,2.73,66.48,64.58,56.06,True,network_anomaly
2014-03-07 00:05:00,server-10,68.04,51.77,21.1,14.61,64.16,58.93,True,thermal_event
2014-02-26 07:10:00,server-10,76.94,71.21,114.28,79.71,70.99,54.94,True,disk_failure
2014-03-08 22:45:00,server-10,79.97,70.09,8.55,2.04,67.16,61.57,True,thermal_event
2014-03-03 14:40:00,server-10,73.79,52.93,22.06,5.03,63.92,67.88,True,thermal_event
2014-03-03 21:15:00,server-10,80.26,58.63,17.51,18.21,67.41,63.68,True,thermal_event
2014-03-10 20:25:00,server-10,76.06,64.76,126.25,5.44,70.21,59.32,True,disk_failure
2014-03-13 13:15:00,server-10,77.27,63.73,15.38,15.22,69.81,70.65,True,thermal_event
2014-02-23 15:10:00,server-10,67.38,58.92,8.96,16.2,61.25,51.28,True,thermal_event
2014-03-04 14:25:00,server-10,79.72,77.58,18.0,13.73,72.26,50.05,True,thermal_event
2014-02-27 01:20:00,server-10,66.27,54.57,2.76,2.22,60.79,58.54,True,thermal_event
2014-02-15 15:50:00,server-10,72.56,53.85,17.64,12.73,65.57,62.48,True,thermal_event
2014-02-26 21:40:00,server-10,70.77,56.56,114.83,10.57,64.97,47.52,True,disk_failure
2014-03-04 20:15:00,server-10,63.77,56.91,11.64,10.67,64.61,41.43,True,thermal_event
2014-03-02 22:00:00,server-10,83.37,70.96,23.9,1.64,71.34,61.92,True,thermal_event
2014-03-10 10:20:00,server-10,69.91,50.1,8.22,5.78,62.12,62.98,True,thermal_event
2014-02-18 14:20:00,server-10,93.17,86.55,122.39,13.02,74.52,41.21,True,cpu_spike
2014-03-08 17:20:00,server-10,79.58,58.12,115.98,5.16,69.88,59.06,True,disk_failure
2014-03-02 16:30:00,server-10,78.0,60.1,5.84,6.66,68.03,66.29,True,thermal_event
2014-02-23 04:40:00,server-10,67.15,58.96,21.52,12.7,66.35,54.42,True,thermal_event
2014-03-09 14:25:00,server-10,74.68,72.56,128.04,9.3,67.37,52.35,True,disk_failure
2014-02-20 18:40:00,server-10,81.44,69.4,8.96,16.95,68.56,54.62,True,thermal_event
2014-02-24 21:05:00,server-10,94.12,82.23,9.35,19.52,76.86,71.02,True,cpu_spike
2014-03-11 21:05:00,server-10,78.1,76.11,121.97,6.85,68.96,63.63,True,disk_failure
2014-03-14 05:55:00,server-10,77.48,58.02,116.08,8.74,68.06,43.26,True,disk_failure
2014-03-06 16:45:00,server-10,78.0,73.79,23.23,3.33,70.74,47.15,True,thermal_event
2014-03-12 02:50:00,server-10,68.59,56.96,13.28,7.24,67.09,42.28,True,thermal_event
2014-03-09 01:55:00,server-10,70.98,55.97,118.21,63.21,64.56,58.64,True,disk_failure
2014-02-27 15:50:00,server-10,74.67,55.85,5.8,2.14,70.13,59.84,True,thermal_event
2014-03-07 22:05:00,server-10,76.45,64.42,18.52,5.78,68.23,55.02,True,thermal_event
2014-03-06 05:50:00,server-10,72.71,63.11,3.65,79.86,67.12,66.24,True,network_anomaly
2014-02-28 22:50:00,server-10,69.9,52.14,21.37,61.51,64.87,42.14,True,network_anomaly
2014-03-04 23:55:00,server-10,62.66,49.18,2.97,14.72,62.14,57.11,True,thermal_event
2014-02-28 09:35:00,server-10,70.01,62.24,20.34,16.34,62.21,40.97,True,thermal_event
2014-03-06 17:55:00,server-10,85.02,74.37,10.58,3.95,74.2,42.07,True,cpu_spike
2014-03-03 02:30:00,server-10,62.5,54.91,15.48,16.56,62.82,41.73,True,thermal_event
2014-02-16 07:05:00,server-10,64.46,60.16,114.35,63.87,63.73,62.22,True,disk_failure
2014-03-08 19:10:00,server-10,76.36,68.34,10.01,2.97,68.16,69.23,True,thermal_event
2014-03-07 17:00:00,server-10,79.49,60.23,22.03,10.99,67.34,52.99,True,thermal_event
2014-02-18 04:50:00,server-10,63.52,52.24,5.63,75.12,59.47,71.77,True,network_anomaly
2014-03-01 21:25:00,server-10,76.88,74.0,16.52,7.6,66.59,46.72,True,thermal_event
2014-03-12 10:40:00,server-10,63.08,60.58,133.89,79.97,60.59,60.83,True,disk_failure
2014-02-24 01:50:00,server-10,66.34,47.99,14.57,8.52,64.73,58.84,True,thermal_event
2014-02-20 16:20:00,server-10,77.37,74.5,12.53,66.92,69.87,62.48,True,network_anomaly
2014-03-14 16:30:00,server-10,61.8,54.9,132.97,19.32,63.14,45.64,True,disk_failure
2014-03-04 21:25:00,server-10,77.98,58.47,24.24,1.27,67.5,69.57,True,thermal_event
2014-03-09 06:00:00,server-10,71.52,64.07,16.26,7.56,66.14,73.12,True,thermal_event
2014-02-27 01:30:00,server-10,61.59,54.84,21.79,16.0,59.29,71.91,True,thermal_event
